Price,Close,Close,Close,High,High,High,Low,Low,Low,Open,Open,Open,Volume,Volume,Volume
Ticker,AAPL,COKE,SPY,AAPL,COKE,SPY,AAPL,COKE,SPY,AAPL,COKE,SPY,AAPL,COKE,SPY
Date,,,,,,,,,,,,,,,
2010-01-04,6.447412014007568,46.17546463012695,86.02645111083984,6.4621740257756315,46.726915816838456,86.07199401172878,6.398305598620858,45.00362921491084,84.64492713449737,6.429938538443087,45.90835402354117,85.29773574004199,493729600,30600,118944600
2010-01-05,6.458559513092041,45.01224899291992,86.25416564941406,6.495012835085951,46.02037011102346,86.29212192516471,6.424515979042845,44.8140681345956,85.66208481211747,6.465187536085361,46.02037011102346,85.97331005759186,601904800,17800,111579900
2010-01-06,6.3558244705200195,45.19319152832031,86.31492614746094,6.484164219341534,45.54646514817067,86.52746747321044,6.349196450759026,45.012247225035374,86.10238482171142,6.4585563634085394,45.012247225035374,86.17069919442372,552160000,8400,116074400
2010-01-07,6.344078540802002,44.57278823852539,86.67926788330078,6.386859021332413,45.39134967691019,86.7855385229311,6.2979848526958895,43.81454154210408,85.91259616198307,6.379327175775168,45.39134967691019,86.15550130846887,477131200,20900,131091100
2010-01-08,6.386255264282227,44.3746223449707,86.96773529052734,6.386858214085341,44.83991043608652,87.00569158083523,6.298286134935385,44.13336331412893,86.27697597919473,6.335642475238813,44.3746223449707,86.45156101545072,447610800,6300,126402800
2010-01-11,6.329919815063477,44.22813415527344,87.08917999267578,6.416985535433052,44.48662638262353,87.39280711224035,6.279909165528977,43.943790404353436,86.71722692597184,6.410960059047031,44.409078385727796,87.35485661795282,462229600,11600,106375700
2010-01-12,6.257915019989014,43.7283821105957,86.2769546508789,6.319675337060301,44.0558073698859,86.69444478447501,6.218750637423349,43.53020461565635,85.94295791094973,6.302201056536096,43.94379285990898,86.51226737692971,594459600,14000,163333500
2010-01-13,6.34618616104126,45.18456268310547,87.00567626953125,6.35462182634198,45.632617486583264,87.24858142733152,6.148857076807138,43.68530553964856,86.05682709198089,6.26243487119816,43.77146853431801,86.49708870896427,605892000,20400,161822000
2010-01-14,6.30942964553833,44.84852981567383,87.24097442626953,6.340460429233055,45.2104216843028,87.40038036648855,6.2970778281311075,43.61637972416269,86.8538424049863,6.3299162537246225,45.2104216843028,86.90697771839264,432894000,10600,115718800
2010-01-15,6.203988552093506,43.9351921081543,86.2617416381836,6.374807153935941,45.36551981544593,87.17263416961478,6.202180909533142,43.61638172932484,85.9277450073792,6.35462181201188,45.02086119013613,87.08914080322717,594067600,14500,212283100
2010-01-19,6.4784417152404785,44.17644119262695,87.33964538574219,6.482960821085771,44.210907704752316,87.39278069473559,6.2434542448044095,43.71115313965706,86.22379810556613,6.276291873909706,43.943797166142005,86.24657534483275,730007600,13300,139172700
2010-01-20,6.378724098205566,43.77147674560547,86.45154571533203,6.493807463624537,44.3487794362938,86.87662829322905,6.311541252356983,43.53883267206612,85.76078652624938,6.474526344050393,44.00412081914481,86.74758619512686,612152800,10600,216490200
2010-01-21,6.268458843231201,43.08216094970703,84.78914642333984,6.4263230685152175,44.11613346988161,86.73997978400108,6.24255010550228,43.08216094970703,84.68287579601315,6.389267604400781,43.94380416870117,86.47430321568434,608154400,15600,344859600
2010-01-22,5.957550525665283,42.728885650634766,82.89901733398438,6.251285518833348,43.50436583144436,84.81948628754296,5.939776183428562,42.651337632553805,82.80792576862932,6.22959461884789,43.08215922480183,84.40958293041498,881767600,13500,345942400
2010-01-25,6.117827415466309,43.2458610534668,83.32414245605469,6.166933438628818,44.13335557993361,83.80995859578744,6.031062567466872,42.9787538266751,83.05087920247202,6.100956483972939,43.21139783146307,83.65813924233466,1065699600,11400,186937500
2010-01-26,6.204288959503174,41.970638275146484,82.97493743896484,6.438373409332771,42.91844774001149,83.85547200526472,6.10306340366563,41.96202328963394,82.76998862305113,6.204590233221165,42.52208938136939,82.99770888614258,1867110000,13800,211168800
2010-01-27,6.262735366821289,44.3746223449707,83.36968994140625,6.3440768639308365,44.56418489029369,83.55945978696641,6.011177020753042,42.0051036760645,82.23107086804528,6.231704573562263,42.0051036760645,82.8686947692957,1722568400,23800,271863600
2010-01-28,6.003946304321289,43.63360595703125,82.41322326660156,6.191033259062565,44.77959285509257,83.68847647308205,5.986171959598622,43.30618065945551,81.91223403797405,6.173861461770131,44.6244968344992,83.64293357720163,1173502400,17300,316104000
2010-01-29,5.786129951477051,43.48713302612305,81.51752471923828,6.091614624405926,44.65896829514433,83.34690859311874,5.731600622208475,43.48713302612305,81.38848262949077,6.057872776781716,43.616377532998435,82.77000670952665,1245952400,14600,310677600
2010-02-01,5.8665690422058105,43.76285171508789,82.78517150878906,5.904830001735351,44.159206733004396,82.7927639219729,5.763234565443597,43.607755701658405,81.60100986994351,5.795470050327659,43.84039972180263,82.09441248323395,749876400,17000,187865000
2010-02-02,5.900612831115723,43.51298522949219,83.78713989257812,5.914471424354279,43.857643853003935,83.94654579134462,5.825898948307284,43.36650745099005,82.6485213659775,5.902119602180668,43.65084802151524,82.93697509915685,698342400,22500,216327900
2010-02-03,6.002139091491699,43.28032302856445,83.36968994140625,6.031362241714344,44.055802963289246,83.8630926981259,5.857229642029051,43.254474793042576,83.12678477074189,5.879824770044892,43.254474793042576,83.40764043572864,615328000,6900,172730700
2010-02-04,5.785829544067383,41.998722076416016,80.79640197753906,5.9762296979069385,43.53145934034892,82.76241457089428,5.7713684062961494,41.9900639995644,80.78121714850909,5.926821614991061,43.26301271106733,82.7244640809502,757652000,14300,356715700
2010-02-05,5.888561248779297,42.53561782836914,80.96337127685547,5.904830030401066,43.22837968811148,81.13036379701393,5.749677275403778,41.89481434686339,79.3844855209754,5.8033031955396215,42.189238550172526,80.88745874159494,850306800,9800,493585800
2010-02-08,5.84819221496582,42.84736251831055,80.37889862060547,5.961468733961755,44.1289728153964,81.47197455712808,5.844576929889102,42.241194637747846,80.31817089272869,5.8954913902502515,44.1289728153964,81.02411480318038,478270800,17800,224166900
2010-02-09,5.910555839538574,43.7479362487793,81.38848114013672,5.950021502692347,43.7479362487793,82.09442510055803,5.867173214545841,42.62219825924912,80.66735235101393,5.917484735065164,43.522786668864576,81.32016099361063,632886800,17200,337820500
2010-02-10,5.878317832946777,43.76526641845703,81.22906494140625,5.922905939428213,44.068348654081944,81.6769188792531,5.852409098567455,43.29765099490835,80.54589251888902,5.901515103958233,43.93845768310639,81.25942880366419,370361600,8000,240511500
2010-02-11,5.985267639160156,44.58792495727539,82.07923889160156,6.017804797630495,44.63988002725001,82.17033048833277,5.846383676620476,43.60073568422324,80.6521719573705,5.871087718624813,43.79124641639364,81.12280318684228,550345600,8700,223591600
2010-02-12,6.036784648895264,44.86502456665039,82.01093292236328,6.074744331976504,45.39325310355825,82.0564758297276,5.889766295941785,42.977246827709095,80.84954245404666,5.968396723266131,44.163601471717676,81.21389729559284,655468800,39700,304622100
2010-02-16,6.127768516540527,44.596580505371094,83.30135345458984,6.1365050536535435,45.22872581322015,83.3848526335719,6.071130254369873,43.95577381745159,81.84392271632771,6.083783350500818,45.22872581322015,82.63336581404845,543737600,11900,159317500
2010-02-17,6.102160453796387,44.93431091308594,83.69607543945312,6.1551830233001334,44.93431091308594,83.8099384793838,6.051245593776783,43.99042179518654,83.30135100653541,6.151567738406341,44.596589694421354,83.70366206181765,436396800,24400,168845100
2010-02-18,6.113609313964844,44.8996696472168,84.1894760131836,6.142531196852979,44.8996696472168,84.36406098430825,6.053054486193021,44.44071553334667,83.52907503088883,6.0744441217623635,44.7697786563182,83.55943889354414,422825200,14200,193708600
2010-02-19,6.075648307800293,44.75246047973633,84.36408233642578,6.121742385296139,44.89967093431117,84.69048670343818,6.058777380688218,44.37144227082273,83.77200134308143,6.08137291106327,44.89967093431117,83.9693636046349,415469600,10700,222684900
2010-02-22,6.037989616394043,44.39741134643555,84.3792724609375,6.10065334437242,44.89966237593477,84.69808443253706,6.000934154992532,44.354114356481084,84.12877485840221,6.095833367016093,44.89966237593477,84.6753129761823,390563600,12700,132346900
2010-02-23,5.936763763427734,44.42338562011719,83.3544921875,6.0654048217272,44.813065107811305,84.40961190192543,5.896093019353718,44.163600396103895,83.1343585058214,6.025336222837522,44.380088633339696,84.15152773180822,575094800,15200,207497000
2010-02-24,6.045221328735352,44.7437858581543,84.12116241455078,6.068719877651232,44.89099957251701,84.25779691146522,5.960263334738986,44.432045581297494,83.39244702811213,5.972013011431588,44.6225529777075,83.60498829190902,460566400,5600,176350700
2010-02-25,6.085590839385986,49.38530731201172,84.0073013305664,6.1114995785345725,49.53252106592273,84.0680290620167,5.931643566605475,45.999430612248155,82.69409743801636,5.946405578757762,45.999430612248155,82.92181774398212,665126000,106200,259634700
2010-02-26,6.164522171020508,48.190277099609375,84.06044006347656,6.181091824721057,49.16880143511521,84.34889390392891,6.085590461193348,47.33298233040425,83.58222218933281,6.097038461241204,49.16880143511521,84.08321151586692,507460800,23700,173589300
2010-03-01,6.296175956726074,48.83976745605469,84.93336486816406,6.311540112172571,48.83976745605469,85.01686403722005,6.189527069660616,48.11236655170154,84.38682695845736,6.1985648791411325,48.24225756473086,84.40959840614276,550093600,31400,147709700
2010-03-02,6.291959285736084,49.32468795776367,85.16868591308594,6.35160988512565,49.32468795776367,85.5785893856194,6.258518298453384,48.649245594444835,85.01687238606533,6.324495647211105,48.96964731764109,85.29773378149977,566546400,18400,160992400
2010-03-03,6.3064188957214355,49.53250503540039,85.24462127685547,6.322687678973279,49.79229023683601,85.75320309890232,6.264543451474793,49.06488969080744,85.03207417431452,6.294670023397767,49.18612256458753,85.38884242871991,372052800,22500,150785000
2010-03-04,6.347994327545166,49.7056999206543,85.50267028808594,6.354321077042893,50.06074049280119,85.62412572523397,6.285330586843197,49.48921168633672,85.03963156875854,6.304913785142282,49.48921168633672,85.35844340430114,366041200,7700,135770400
2010-03-05,6.596237659454346,50.779476165771484,86.72480773925781,6.61883278758318,50.779476165771484,86.79312209462587,6.466090220203204,49.48920822924603,85.85186540900222,6.475429706086769,49.62776055739671,86.05682005773703,899620400,19000,176118800
2010-03-08,6.600154399871826,51.01328659057617,86.739990234375,6.630581841562283,51.09122248582407,86.92976006193813,6.57514908114871,50.51969368845556,86.58817668885071,6.628172053825092,50.77947890483247,86.73240361101966,429889600,23200,114631200
2010-03-09,6.7188544273376465,51.021968841552734,86.88422393798828,6.778505028964563,51.428967965508,87.2865350772126,6.564304592802406,50.762183502084405,86.43636988981508,6.576957689778616,51.01331076168871,86.48191279876394,920259200,27600,154556700
2010-03-10,6.773683071136475,50.53702163696289,87.27132415771484,6.7929645892540895,51.307719339861286,87.50663682307875,6.724275789898513,49.89621491240929,86.84624171929904,6.743255632060934,51.307719339861286,86.92214847025703,596218000,30900,186088800
2010-03-11,6.79356575012207,50.36383819580078,87.63571166992188,6.79356575012207,50.684239956236695,87.65848891591442,6.72789009583437,50.000139435849086,86.80072551432546,6.74566524382599,50.381157656276955,87.06640213774486,405700400,9900,160791100
2010-03-12,6.826707363128662,50.46774673461914,87.6432876586914,6.860750091447186,50.78815176716435,88.03041968958196,6.8010994956561275,49.939514803321956,87.40038253547506,6.849904236041786,50.32919436766816,88.01523486176627,416323600,6600,162074800
2010-03-15,6.743557453155518,50.81412124633789,87.66605377197266,6.793566883659309,51.082567859954416,87.72678149690836,6.6354021898586,50.46773873221002,86.99047375817807,6.7899524031880825,50.46773873221002,87.49146880192575,493502800,18600,146816800
2010-03-16,6.761934757232666,51.20380401611328,88.3644027709961,6.777901864453634,51.30771745564277,88.4478961458394,6.703489256088445,50.79680503154546,87.66604558210602,6.753800767857857,51.03061274799833,87.90895066784176,446908000,32400,168673000
2010-03-17,6.751992225646973,50.94402313232422,88.88815307617188,6.822186991973064,51.498232595117614,89.17660681343298,6.726384763646548,50.78815130799496,88.37197910515627,6.77549077158519,51.091233575663544,88.63006898632077,450956800,34500,177468100
2010-03-18,6.767958641052246,51.056602478027344,88.84261322021484,6.778502818054163,51.09124140059433,89.01719815958786,6.7065000144918665,50.64960669958838,88.48584513804357,6.751388185731771,50.86609501060785,88.89574852236927,342109600,16000,196509100
2010-03-19,6.695655345916748,51.16917037963867,88.39292907714844,6.785734179314842,51.16917037963867,89.39903960727082,6.66492582792976,50.44176962120747,88.0499332825745,6.7721772638046325,51.091234466115715,88.39292907714844,559445600,22700,226641100
2010-03-22,6.770971775054932,51.238433837890625,88.865478515625,6.808630586587709,51.316369734569335,89.02554668361101,6.632389086267751,50.50237516075144,87.83650292452495,6.642029844992198,50.87473518895549,87.88985704213272,456419600,19900,184477800
2010-03-23,6.879729747772217,52.00914764404297,89.49052429199219,6.892383245398671,52.8231424199979,89.56674365659802,6.751389542397509,51.09123611114551,88.70544797257415,6.7977848958918745,51.21246902422932,88.99508969930704,602431200,55200,182941600
2010-03-24,6.910158157348633,51.78398895263672,89.05604553222656,6.935163477202838,52.10439063901891,89.5057495875296,6.854122042438086,51.42029027674588,88.09567124526892,6.8580390035541345,52.10439063901891,89.15513592187088,597780400,9400,196072600
2010-03-25,6.828212738037109,51.099891662597656,88.9112319946289,6.958360578216668,51.77533733593029,90.06978126505264,6.816161788630876,51.091233584955106,88.80452373874108,6.9568538073062625,51.77533733593029,89.65818978584369,542284400,22600,223396300
2010-03-26,6.9562530517578125,50.900718688964844,88.85790252685547,6.987885591735591,51.12586832948267,89.49815223986687,6.885454920650151,50.23393445104466,88.50728875803988,6.897505871767038,51.12586832948267,89.0789427797281,640875200,11800,205808500
2010-03-29,7.0011420249938965,50.78814697265625,89.42190551757812,7.045729747245235,51.26442048262972,89.58196789687696,6.977945146850146,50.70154968689373,88.94171837968163,7.0195201308095365,50.909379869375094,89.30757358517506,540744400,10000,134513500
2010-03-30,7.1053786277771,51.09123992919922,89.48290252685547,7.154485847753527,51.20381477262511,89.81065103532615,7.057175631303015,49.92220440470136,89.10942356167511,7.1279737572346615,51.065262389696855,89.52863298356513,527310000,21600,145772500
2010-03-31,7.079769611358643,50.79680252075195,89.17798614501953,7.128274275948536,51.04792968193843,89.57433019143691,7.063501635650665,50.39846493612076,88.88072665641582,7.094532425235466,50.79680252075195,89.13987356846512,430659600,14200,161078700
2010-04-01,7.1089935302734375,50.614952087402344,89.78778076171875,7.192142669018149,51.04792857522726,90.13077079809811,7.011985799503308,50.441760831602686,89.25423359770527,7.152376144318524,50.770823887287186,89.78778076171875,603145200,10200,161215200
2010-04-05,7.184912204742432,50.900718688964844,90.51951599121094,7.185514752163178,50.900718688964844,90.58048800439829,7.072840797891151,50.588975065693205,89.87926042383458,7.079167948043582,50.588975065693205,90.13078960441693,684507600,11200,105847600
2010-04-06,7.216546058654785,50.91802978515625,90.73294067382812,7.237634415421222,50.91802978515625,90.89300312616746,7.140024139680947,50.58896675869813,90.16128656611637,7.176176183044298,50.9007103307797,90.26037118465987,447017200,12300,110384200
2010-04-07,7.248478412628174,50.45909118652344,90.21460723876953,7.288245730585944,50.99598122245534,90.97681243286853,7.190032128075994,50.24260289585019,89.79539205594943,7.216845081114095,50.66691809569423,90.54997938502562,628502000,26600,184576300
2010-04-08,7.228899002075195,49.5931396484375,90.527099609375,7.276800326188577,50.41579584061484,90.67954412258369,7.171356917042582,49.50654234732189,89.63532101396757,7.243661014998085,50.41579584061484,89.9020916431283,572989200,14900,158704000
2010-04-09,7.284332275390625,49.17748260498047,91.12162780761719,7.2873458178569885,50.07807471816929,91.15973457593488,7.244264066735488,49.012949384228136,90.54997394637785,7.273487223071074,49.73169211975843,90.71765419427047,334182800,15000,133006500
2010-04-12,7.2993950843811035,48.2855339050293,91.26644134521484,7.322893633451657,49.27272301966776,91.50272889165721,7.2849339437411755,48.103684582601794,91.12924418814511,7.296683218276453,49.264061640496,91.23595244195894,333026400,17100,110279000
2010-04-13,7.30361270904541,48.718528747558594,91.3350601196289,7.314760241433711,49.350677531625855,91.49512253064697,7.263845373507352,47.63608717714817,90.70242834143981,7.286441309837192,48.536679356533526,91.17499770861085,306210800,25800,125043600
2010-04-14,7.401825904846191,50.90937805175781,92.37164306640625,7.405441190081557,51.42029045779519,92.37164306640625,7.353021163107433,48.73583415527647,91.52559489314656,7.389474082526695,49.13417504886474,91.67040991588824,404076400,47400,161609000
2010-04-15,7.499136447906494,50.69288635253906,92.44784545898438,7.502450057635402,50.805457857332314,92.66126192927668,7.396404088207316,50.28588741003753,92.18869273422753,7.4045380789742445,50.69288635253906,92.21918163214967,376784800,7800,144615300
2010-04-16,7.453341007232666,49.047584533691406,90.97682189941406,7.56601496090101,50.74485186804098,92.4478783097017,7.367480011409288,49.03026507476755,90.51187621742088,7.4885888244537036,50.74485186804098,92.12012980952886,750545600,20100,366786700
2010-04-19,7.4434003829956055,48.744503021240234,91.3198013305664,7.468104025983171,49.4026259538674,91.411268046202,7.283728513651623,48.60595065103719,90.29844917420722,7.44219528799771,49.05624668003434,90.7100406718213,566924400,16900,217947800
2010-04-20,7.368688583374023,49.25541305541992,92.13536834716797,7.509078980026305,49.35066842457377,92.21159352415123,7.319582152377774,48.74450059633476,91.36554523308517,7.487688938845491,48.99562778713147,91.8914629002494,738326400,18400,157708000
2010-04-21,7.809439182281494,48.76182174682617,91.96768188476562,7.840469974814591,49.56715841881186,92.40213861455992,7.704296659727096,48.20760897100292,91.45699998312055,7.796785685385917,49.359328214959504,92.18871627460756,982391200,20800,192910100
2010-04-22,8.027859687805176,47.428253173828125,92.24209594726562,8.036295354794115,48.7531604013915,92.3564279215357,7.7184583115942855,46.47570275188501,90.79391032373073,7.779917366615654,48.285544919893006,91.31982810110779,793424800,66900,115360300
2010-04-23,8.159211158752441,47.22042465209961,92.84420013427734,8.19988191441273,47.454232401178494,92.8823127148354,8.043826110798584,46.88270344899093,91.94479789564296,8.073651009828364,47.43691294161534,92.18108542780881,796955600,13900,177335500
2010-04-26,8.119136810302734,47.79193878173828,92.49360656738281,8.208311372859534,48.92633825617528,93.08050787045447,8.079670375202065,46.995263709014736,92.4021456584524,8.190838310416627,47.532153575560955,92.87470919503183,479068800,40000,143457300
2010-04-27,7.8943963050842285,47.58411407470703,90.30608367919922,8.069131056978016,48.12100396536011,92.48598541909155,7.848604304221918,46.98660443998751,90.13077390700781,8.051958855537327,47.35030638764482,91.96006773284684,709343600,26400,355853300
2010-04-28,7.881143569946289,47.419578552246094,90.99208068847656,7.95344687920852,48.952315555845146,91.2207446398954,7.724786064783494,47.33298458504312,90.14603220945907,7.9308525475781915,47.921832811398055,90.74055732011486,758402400,5600,300674100
2010-04-29,8.093231201171875,48.39812469482422,92.12012481689453,8.134202813166988,48.42410223422229,92.31067612491968,7.893491173701967,47.445577478935554,91.51798198571531,7.923918609014968,47.965148086993125,91.54084721225202,558840800,11300,193775000
2010-04-30,7.865777969360352,47.69670867919922,90.55758666992188,8.15137829604066,48.58863950859064,92.23444139012595,7.8630669073523,46.9952853268523,90.53472144719659,8.113418601111299,48.54534250486915,92.13535100476507,542463600,25100,270000900
2010-05-03,8.024247169494629,47.956478118896484,91.73138427734375,8.070341677775902,48.86572810924983,91.98291336052203,7.919707128714095,47.65339258654634,90.85484723349315,7.9486294255085435,47.69669287927389,90.99204438657553,454342000,17600,182747900
2010-05-04,7.793169021606445,47.84390640258789,89.5743637084961,7.9320533735050835,48.09503358193911,90.72529533217646,7.735025212095229,46.76146508126237,89.11704169453536,7.920003230682175,47.74865103777544,90.71005378494922,723819600,30900,360353400
2010-05-05,7.712126731872559,48.0352668762207,89.04077911376953,7.776899352750422,48.40061862715924,89.78774249900692,7.493406912993151,47.36545201447052,88.39290609049465,7.622952154748877,47.36545201447052,88.84260420500662,883103200,48700,328973200
2010-05-06,7.418696403503418,48.27885055541992,86.08344268798828,7.780216037311681,48.88777365853044,89.1779934192927,6.002741621739559,46.78264007092504,80.0315325557755,7.647056263961392,48.078776437808344,88.61396329428818,1285860800,38600,647356600
2010-05-07,7.105681896209717,47.435062408447266,84.80293273925781,7.428339359625283,48.713800739742084,86.71606316575635,6.784832880408868,47.182797033716206,83.39285460554966,7.342177449782481,47.87000705790925,85.85477358066524,1676018400,27700,637558800
2010-05-10,7.651873588562012,49.174842834472656,88.53778076171875,7.671757649276717,49.19224101930167,88.91125977401572,7.487382199539994,48.22666333066041,87.58502402563879,7.539200462388086,49.19224101930167,88.27100422348386,984306400,14000,396159600
2010-05-11,7.728099346160889,48.66159439086914,88.28624725341797,7.8296258012146565,48.8181746921871,89.4524205107011,7.546736540735173,48.026575754796745,87.58501972572901,7.5871056210347945,48.713788930762966,87.7069695580741,848906800,23400,317849800
2010-05-12,7.895905017852783,48.99216079711914,89.52100372314453,7.927236690952462,49.12264550797662,89.65058303435426,7.793776007573418,48.68770089627041,88.48440412445393,7.810043185064588,48.88777501945158,88.63684866259345,654379600,14100,235607100
2010-05-13,7.783535003662109,48.200557708740234,88.408203125,7.983576054438471,48.97475852194411,89.69633211778671,7.7244861213719505,47.71341858972527,88.33198374768205,7.929950102565035,48.97475852194411,89.27711681978934,599712400,20900,234452500
2010-05-14,7.646753787994385,46.0345344543457,86.80755615234375,7.726890984397024,47.94829134068956,87.90513358198457,7.516606765618046,45.90405306654557,86.03010934979125,7.687123659899994,47.852602998617776,87.74507117602272,759362800,36900,345601400
2010-05-17,7.658806324005127,45.051578521728516,86.853271484375,7.717855177818806,46.39990659862794,87.28772817210151,7.462681526432177,44.71232214374871,85.19166408277539,7.673267464809131,46.39990659862794,87.04382276522283,762834800,70700,325739800
2010-05-18,7.602774143218994,45.24293518066406,85.67188262939453,7.789258257051775,45.58219475120626,87.82130148695819,7.539507430617013,44.88628074653253,85.38986455601905,7.741959462897949,45.286432294729096,87.56214864368998,782678400,21600,360556800
2010-05-19,7.481657981872559,44.92977523803711,85.1840591430664,7.619638086653662,45.39951284990012,85.95388224757575,7.376516300554813,44.416540514648,84.11697064538114,7.5166049185132175,45.242932539824544,85.19167700853835,1025726800,13200,394742700
2010-05-20,7.162921905517578,43.93809509277344,81.967529296875,7.346393208333214,44.74709218647759,83.75870994719357,7.116224873028861,43.57274327928817,81.91417517759446,7.28704267740332,44.32954583462438,83.36998375519941,1282915200,57400,530418300
2010-05-21,7.300299167633057,44.88627243041992,83.1641845703125,7.365975237838795,45.93884067421509,83.3699773531164,6.969808693597598,43.55534328203686,80.30591593871023,7.0140947292524425,43.64233085732287,80.7251309974102,1223891200,37400,500909400
2010-05-24,7.434062957763672,44.04249954223633,82.09713745117188,7.558787917964915,45.782278274730665,83.37764267022641,7.4190000697682645,43.82502720067453,82.02091807929732,7.449729197927237,45.07766669345921,82.71452192307065,754238800,21900,269823000
2010-05-25,7.387667179107666,43.31178665161133,82.18099212646484,7.434061735331681,44.338256234396,82.21910472537449,7.144846127787995,42.86814127482662,79.55900349399967,7.210823078761623,43.537956397041306,80.11541603618346,1048006400,28100,396505200
2010-05-26,7.35422420501709,43.34658432006836,81.6855239868164,7.5958409004064045,44.50353533437942,83.4385981462275,7.343378351152546,43.33788356900347,81.44161857304444,7.534080994826008,43.69453804028604,82.68401668098983,850654000,34300,349719300
2010-05-27,7.632593631744385,44.790592193603516,84.42183685302734,7.648862410295943,44.886277209259966,84.45232575425062,7.504856810623348,43.55534791917884,82.91266822587347,7.54974538177493,44.19036657779153,83.22517510203956,666282400,18800,300870500
2010-05-28,7.738943099975586,43.28569412231445,83.36237335205078,7.8148624759704886,44.799303104769635,84.39134906749574,7.632595477491988,43.26829925486183,82.9660234460716,7.814561604455398,44.799303104769635,84.33037126424304,815614800,25700,297933500
2010-06-01,7.857942581176758,41.867774963378906,81.95993041992188,8.011889830835013,42.83335266402433,83.80446574768833,7.801605602661525,41.6677008129046,81.83798060259056,7.82359818182259,42.824651912319425,82.58493849855202,876472800,61500,277909400
2010-06-02,7.951938152313232,42.98121643066406,84.09412384033203,7.977545210910071,43.224784294870624,84.10174170747274,7.842878678441926,41.7546730427673,81.94470482800045,7.969712094465177,42.32879966437082,82.3791616768175,688548000,80300,240243700
2010-06-03,7.926933765411377,43.52056121826172,84.38374328613281,8.000141274204461,44.190376386717425,84.65051396299135,7.845289787296934,42.6245762887623,83.52245343937108,7.988993743415286,43.32918782610607,84.33801283157553,650106800,24200,226618300
2010-06-04,7.711226940155029,42.320125579833984,81.41876983642578,7.890178725803876,43.329197268946984,83.33190676586342,7.671158736997369,42.207039015484696,81.14437546347199,7.779011524612324,43.05953032884179,82.78311801995582,758304400,24500,398475600
2010-06-07,7.559990882873535,41.485015869140625,80.405029296875,7.807330609923535,42.737658474583746,82.02090650229988,7.548240803827385,41.485015869140625,80.34405729708057,7.781421870654719,42.737658474583746,81.7083995620087,886942000,26700,264609100
2010-06-08,7.511485576629639,41.232749938964844,81.2663345336914,7.646152107911962,42.02434898843648,81.42639695547813,7.400619265947248,40.83259837984903,79.76478910028939,7.62928078033306,41.50241347068872,80.46601660959266,1000770400,31600,357774300
2010-06-09,7.326809406280518,41.345829010009766,80.83187866210938,7.588912739831344,41.90255751854154,82.53159331442755,7.305420176908556,41.041369143895096,80.48888276988698,7.575957566452148,41.6589896256498,81.73889906272291,854630000,15600,268023300
2010-06-10,7.547036170959473,42.16352844238281,83.19471740722656,7.561194830540002,42.32010875589176,83.29380201199643,7.2966829131504065,41.53720718834703,80.82425823821633,7.376217574405443,42.17222587386051,82.2114717808221,776356000,22800,317890600
2010-06-11,7.637417793273926,43.772830963134766,83.59866333007812,7.647961973841932,43.772830963134766,83.65201745940466,7.452439705881978,41.59810763103004,82.4096251249928,7.478348447727802,41.97216030962121,82.46297925431935,545759200,44600,214128200
2010-06-14,7.660613059997559,43.999000549316406,83.46910095214844,7.8073297469294,44.86888981298785,84.69625190509318,7.652479071492605,43.78152823339855,83.38525790702813,7.711226242352334,43.97290161491861,84.23892408983161,602960400,15300,207196100
2010-06-15,7.823600769042969,44.44263458251953,85.36698913574219,7.828421150121024,44.86018095542369,85.44320849872331,7.697369855204558,44.190365945234646,83.9111742975947,7.701587688647856,44.46003276285265,84.0559951578741,585074000,19300,238268700
2010-06-16,8.05135726928711,43.85982131958008,85.33649444580078,8.066420152545632,44.86889619458696,85.68710814389091,7.851918066117211,43.6771453446349,84.75721685909507,7.866077530346716,44.3382631373384,84.92490293539126,783678000,14800,216374000
2010-06-17,8.190546035766602,44.25996780395508,85.47367858886719,8.221576843548362,44.50353574217575,85.6184994172625,8.119145332044566,43.52055991978417,84.64287782950402,8.152284654777095,44.50353574217575,85.58038683658056,872855200,36300,263185800
2010-06-18,8.256818771362305,43.81631088256836,85.56636047363281,8.284837627452385,44.54701782336001,85.87268841514819,8.176983252731864,43.51185103988993,85.29066065200422,8.201988567379082,44.54701782336001,85.64294245901166,784621600,27600,174006600
2010-06-21,8.139327049255371,43.26830291748047,85.32129669189453,8.405646620939464,44.712319278901155,86.69213003919276,8.095944431698483,42.868151246540336,84.84647902245659,8.365879288551426,44.059902188168344,86.63086795509682,776490400,36000,213140700
2010-06-22,8.250189781188965,43.10301208496094,83.91212463378906,8.314058182365407,44.1120834918513,85.69651273809653,8.179392488696863,42.98122811973758,83.78959467964584,8.19927574398048,43.433570932255904,85.32125708482066,717262000,22100,239355400
2010-06-23,8.163424491882324,42.9725227355957,83.65177154541016,8.27459244989131,43.407467284262204,84.26443319744936,8.070935498884849,42.676760309767936,83.07739796003138,8.272182260857566,43.407467284262204,83.96575940047882,768457200,15800,254639900
2010-06-24,8.10407829284668,41.95476150512695,82.26558685302734,8.230610041316345,43.738033947442624,83.34541165944667,8.076963657200976,41.87647133359288,82.05115504992155,8.164330625318307,42.94643479898228,83.23819575789376,714277200,43100,268523600
2010-06-25,8.03478717803955,42.233123779296875,82.61026763916016,8.142339902162117,42.69416735308166,83.03147156875015,8.007974214892325,41.441524669125116,81.7678480943158,8.136013555261734,42.17223179531168,82.51070577867918,549942400,86100,238726500
2010-06-28,8.082987785339355,42.06783676147461,82.34986877441406,8.126672066590409,42.694157965741056,82.95487642310631,7.96910874800488,41.77207433927806,82.05119492596022,8.04171369352199,42.43318858505435,82.73278456400426,584948000,29800,169218600
2010-06-29,7.717555522918701,41.61549758911133,79.80731964111328,7.9651969927551525,42.120031576871064,82.33456655294562,7.661218520486704,41.328432573207145,79.30187376444607,7.957062196687862,41.789476084959574,81.19347312904522,1133344800,26800,373649500
2010-06-30,7.57776403427124,41.685089111328125,79.04913330078125,7.771779470800996,42.42449692660613,80.32041063188949,7.531972040680994,41.47631756040923,78.7887475362505,7.733819788963581,41.79817563712151,79.5852130471225,739452000,25300,284101700
2010-07-01,7.485877513885498,40.6412239074707,78.69683837890625,7.676278469131296,41.91995875678426,79.25589204368988,7.327411570704109,40.44114979252183,77.44852942451887,7.661214784195254,41.545906140638664,78.99551216536985,1022896000,28800,382924800
2010-07-02,7.439483642578125,40.22368240356445,78.26798248291016,7.559689043541014,41.145762931197396,79.20229791365797,7.326808878057081,40.07579949807573,77.82380462213472,7.546432195135375,41.145762931197396,78.96489200162014,693842800,13700,233385200
2010-07-06,7.490396976470947,39.9453125,78.78109741210938,7.6160244879694305,40.8760970441692,79.92984479193863,7.415983580038976,39.588658042620146,78.02291993458353,7.561796831464713,40.86739629344348,79.37078516290929,615235600,39100,256935300
2010-07-07,7.7928690910339355,41.53721237182617,81.26236724853516,7.795882633000986,41.54590980438924,81.36192322335174,7.524140146457523,39.7713382271099,78.89594527374854,7.54643279500235,40.232378475329014,78.98018719198937,654556000,28600,253769400
2010-07-08,7.775396823883057,41.937355041503906,82.0665054321289,7.920306696901629,41.97215140384185,82.15840147169557,7.678991627370926,41.16315423048523,81.10921606777222,7.907653198099595,41.97215140384185,81.94396958893257,738144400,15900,210842100
2010-07-09,7.821491718292236,42.685455322265625,82.67919158935547,7.829926580131041,42.772442899725114,82.68685154252994,7.687126018362368,41.8242670229812,81.89038585452349,7.739245178491189,42.041739284993305,82.04354986101875,433322400,13600,144999900
2010-07-12,7.751296520233154,42.14612579345703,82.7327651977539,7.888674160570619,42.65936047369565,82.89358909059605,7.678088995121016,42.024341855495905,82.05883566924919,7.788653668436277,42.294005341448845,82.4034574620781,562878400,10100,131283600
2010-07-13,7.585899829864502,43.555335998535156,83.9810791015625,7.7244825474045875,43.738011867105946,84.31038101394567,7.424119434065294,42.52016942493793,83.42201957561221,7.722073161692766,42.65935151313893,83.59050342844189,1190924000,20200,213025900
2010-07-14,7.613916873931885,44.32954406738281,83.97342681884766,7.7064059084090735,44.39913678243234,84.30273460413062,7.501544575477988,42.89422916230084,83.36841922063799,7.512993782992008,43.33787110647007,83.71304106538098,812047600,46300,184426800
2010-07-15,7.575353622436523,43.84242248535156,83.99640655517578,7.741652678079132,44.79060196455888,84.28742044739984,7.450327855895276,43.61624940680796,82.83999925228473,7.478345907017431,44.468740531121014,83.94279857916527,824866000,6800,232337900
2010-07-16,7.52865743637085,43.71192932128906,81.6836166381836,7.681399578706009,44.146873891650145,83.63648408012838,7.483768862789556,43.485759604781336,81.52278683021439,7.627472794329076,43.485759604781336,83.54458216740777,1039858400,22700,282693400
2010-07-19,7.398509979248047,43.772830963134766,82.16604614257812,7.528055260301186,44.312161420354684,82.42642599670287,7.218353128650368,43.19870413619369,81.34660683278922,7.528055260301186,43.95550692662409,81.98224825479421,1024478000,61800,186709000
2010-07-20,7.588609218597412,44.660125732421875,83.07740783691406,7.61903746069184,44.799307915541384,83.13866991942011,7.230704904759628,43.0682264020253,81.0402931406909,7.317770994686545,43.242204960515934,81.07858705473427,1074950800,39600,258162400
2010-07-21,7.659409046173096,43.71192932128906,81.99757385253906,7.9880910907326825,44.868883471264134,83.52923676626378,7.652179280075592,43.54665157916279,81.66060614181393,7.986283448090968,44.75579695382841,83.50626275741075,1185671200,20300,264527000
2010-07-22,7.803411960601807,44.80799102783203,83.82791900634766,7.8329359756126244,44.83408996020064,84.19552071349504,7.691641440886331,43.78152482940213,82.96253147638966,7.763042093537151,44.26866065543044,82.97018558489101,645318800,9200,274781300
2010-07-23,7.831130504608154,45.39081573486328,84.55545806884766,7.844386549682229,45.99103804875909,84.67798806963276,7.720866724899877,43.93809914089926,83.4220248867247,7.745269496551594,44.75579705884965,83.6594307801919,533388800,20700,222020800
2010-07-26,7.811245918273926,46.65216064453125,85.43617248535156,7.835949557257984,46.69565444264791,85.52041442982234,7.763947153975772,45.27773405916912,84.4635689121411,7.832936820251494,45.72137942770564,84.70097484137791,420551600,18200,184445700
2010-07-27,7.955854892730713,45.46041488647461,85.42850494384766,7.977545796933089,46.73045582913519,85.99521860977325,7.8419758356124385,45.38212471410762,85.0915372189473,7.859148036076182,46.73045582913519,85.9033167276648,584771600,21000,204855600
2010-07-28,7.8618597984313965,44.96455764770508,84.87715148925781,8.01339768327077,46.04322138219899,85.512793373106,7.840470568288012,44.93846204165184,84.59379158080128,7.943503780257474,45.599576169116354,85.25240748696119,519985200,16600,163056200
2010-07-29,7.776000022888184,44.877593994140625,84.46355438232422,7.912775113043533,46.01715029552536,85.63527560843075,7.715445999007479,44.79060638203815,83.7896247853221,7.85432960357179,45.443023427900805,85.40552382797317,643806800,5100,220149100
2010-07-30,7.750087261199951,44.88627243041992,84.44822692871094,7.823897294280911,45.173337401917685,84.90007049844836,7.679289160150108,43.816309326258185,83.46030955245058,7.7091156537360455,44.32084655433427,83.60581354708638,448210000,8000,220070600
2010-08-02,7.888669967651367,44.955875396728516,86.35517883300781,7.9109634134114835,47.4959503399679,86.49302876426864,7.821487954484758,44.6340173127403,85.42086328144349,7.846191589458836,45.59089413253836,85.76548518817965,428055600,47700,188263200
2010-08-03,7.891079902648926,44.48613357543945,85.9416275024414,7.931148090336672,45.23423882541338,86.36283139838356,7.815462229669524,44.381747799599644,85.65826769246337,7.863363532050297,44.668809512750116,86.14074536466467,417653600,10500,146657300
2010-08-04,7.922713756561279,44.923221588134766,86.51597595214844,7.961877723677348,45.0193800207548,86.62319188290228,7.8422756999918715,44.538591192320744,85.89565437523981,7.9184959252939064,44.67845709395004,86.17900825959066,420375200,6200,158171700
2010-08-05,7.884156703948975,44.145206451416016,86.42407989501953,7.92874443069682,45.08930355636288,86.47003375617093,7.849510612332386,44.145206451416016,85.8343922361887,7.885060123292914,45.08930355636288,85.96458218331844,289097200,21200,140473800
2010-08-06,7.8356499671936035,44.494873046875,86.07178497314453,7.877827487712798,44.556064155738525,86.20963484988025,7.761537429183125,43.699385296983856,84.94601195360777,7.826310078711506,43.99660068346326,85.57399342699725,444897600,12000,239728300
2010-08-09,7.885661602020264,45.01062774658203,86.53126525878906,7.897712554769708,45.4214818462904,86.6767750558329,7.819985518474744,44.11023812092637,86.01815975939955,7.877526806679651,44.98440060450239,86.4776573087458,303128000,12400,120800400
2010-08-10,7.815160274505615,44.442420959472656,86.06414794921875,7.846492732158007,45.20294138923403,86.52365155595898,7.759124183557815,44.215140180171815,85.29066228639024,7.828416314281627,44.582286823965156,85.796108073841,451920000,15300,242916300
2010-08-11,7.537395000457764,43.31475067138672,83.70538330078125,7.703092336460277,44.25884776032847,84.7698885930938,7.525947403022611,43.15740115656309,83.56753340033924,7.694355800399437,43.734348266027965,84.73925463268108,620054400,33300,273406900
2010-08-12,7.585596561431885,43.323490142822266,83.19227600097656,7.625062206474234,43.69938024505163,83.4909498266617,7.414778006428474,42.73779959541131,82.40347046940651,7.4319502038085945,43.174880799430106,82.4417643825788,534920400,25900,239542600
2010-08-13,7.5045576095581055,43.09620666503906,82.94718933105469,7.588309296965246,43.673153729200166,83.44498086321113,7.504255933579528,42.91263335704803,82.84763336175514,7.581380403089293,43.53328787530247,82.93187527532758,354869200,14100,158698500
2010-08-16,7.460570812225342,43.80428695678711,82.90892791748047,7.531971467185512,43.81302711524235,83.17696780007365,7.429840897078887,42.84270612809783,82.08182841448043,7.458763170157903,43.122441218649044,82.380502261203,318430000,5900,147895300
2010-08-17,7.591019153594971,44.05780029296875,83.9274673461914,7.671156339332256,44.36375589631835,84.54013485460379,7.507567555317026,43.690650234283254,83.38372770781986,7.534079637766035,44.0490567987782,83.6211394348156,422640400,13000,172270300
2010-08-18,7.624159812927246,44.10150146484375,84.08065032958984,7.672362808418428,44.26759114943063,84.53248815970416,7.579271230917992,43.751835109785,83.40672063892008,7.602770583398723,44.153949083836714,83.88919243354182,339696000,8300,182922100
2010-08-19,7.528058052062988,43.27105712890625,82.617919921875,7.636514213773462,44.03157780534409,83.85090939987558,7.491905998159497,43.27105712890625,82.27329800139397,7.617232689307878,43.96164651774811,83.64413741615337,426706000,25800,265847600
2010-08-20,7.52082633972168,43.82178497314453,82.34986877441406,7.649768297151023,43.91794342100076,82.66386252643703,7.501544818180481,43.19238664875227,81.75252107750636,7.513294897604327,43.271061439301306,82.37284278693647,384230000,18900,209714200
2010-08-23,7.40513801574707,42.554237365722656,82.03585815429688,7.591923692767375,43.96163974251711,83.14631129955649,7.388569168474809,42.40562798365163,81.9975642488067,7.585597347120208,43.83051401331712,82.74042160981097,414041600,8700,163490300
2010-08-24,7.228295803070068,44.09275817871094,80.81820678710938,7.320784029160691,44.363749771885786,81.47682242217435,7.189733567337917,42.00351020083265,80.38934296626012,7.3108432020627,42.335692906229966,81.13985465274631,602565600,42200,280677800
2010-08-25,7.317471027374268,44.94070053100586,81.13220977783203,7.350611142797546,44.94070053100586,81.43853777454292,7.146050673084442,43.55078182036998,79.86858634148757,7.1713568658474,43.92667201683958,80.37403221032615,596867600,13200,272234800
2010-08-26,7.238840103149414,44.25010681152344,80.58845520019531,7.4036332279032395,44.99314697082617,81.6223266064616,7.238840103149414,44.09275728765535,80.32040948801102,7.394595015204937,44.94943617612302,81.51511065872026,466505200,10400,224439500
2010-08-27,7.279211044311523,45.11553192138672,81.8367691040039,7.309036748333693,45.11553192138672,81.92101105140446,7.096643143510465,44.206402025090334,79.88389609474628,7.2831280059537065,44.92321508399096,81.09391148210723,548391200,14100,272649000
2010-08-30,7.305721282958984,43.35846710205078,80.64971160888672,7.403633242882082,45.0368611626287,81.87504665600983,7.250890263614324,43.11370262152177,80.64205750089434,7.2533004536720815,45.0368611626287,81.6223208643284,383289200,14700,167238600
2010-08-31,7.323798656463623,43.47210693359375,80.64971160888672,7.367783826242291,44.23262748350619,81.1628231430725,7.240950373676731,42.833968617613685,80.02173002650987,7.286139834170862,43.48959058625063,80.35103779792887,420786800,33700,273933100
2010-09-01,7.5416131019592285,44.5211067199707,83.06208038330078,7.575655828449493,44.57355768261801,83.17695627215699,7.419600050843788,43.55952908076591,81.68358724551763,7.455450419804541,43.76932626202299,81.73719521460647,697037600,14300,256828100
2010-09-02,7.597042083740234,44.433692932128906,83.83556365966797,7.597042083740234,44.65223361347599,83.85087771670715,7.488586002859252,43.891709641428506,83.08504632249124,7.569626588807526,44.52110787080127,83.26119011400604,415427600,12400,156112200
2010-09-03,7.795882701873779,44.494873046875,84.92305755615234,7.796183573391567,44.99314541028675,84.99963954028125,7.667241625225541,44.092755758344985,84.20317405111267,7.6850163743847,44.99314541028675,84.65501769028572,520788800,6900,212197300
2010-09-07,7.766963481903076,43.7780647277832,83.96577453613281,7.818780973433303,44.451166997109276,84.6320501186938,7.719965567342321,43.629455351352604,83.89685249802201,7.7317148448651265,44.451166997109276,84.52483416418944,342557600,7500,141973700
2010-09-08,7.920909881591797,44.398712158203125,84.55545806884766,7.965195924257054,44.78334244024914,84.89241995312966,7.805824896931238,43.82176506780152,84.09595449811933,7.826311515687159,44.00533838414177,84.13424840995688,526551200,8000,149924400
2010-09-09,7.925427436828613,44.59978103637695,84.94603729248047,8.02936406891503,44.95818760743659,85.52807092818489,7.920908732640273,44.1452160354559,84.71629132460883,7.984777161146722,44.95818760743659,85.50509691568085,438575200,11800,147017900
2010-09-10,7.935669422149658,45.001888275146484,85.3749008178711,7.968507854449241,45.19420510580914,85.47445681251544,7.875114612877575,44.582290645699764,84.90774312106998,7.929041400500559,44.844538747270775,85.09920100196123,387542400,8000,127819000
2010-09-13,8.04503059387207,45.34281921386719,86.32452392578125,8.082387737176528,45.44772114090563,86.50066189126885,8.006469159947486,44.888254200698995,85.8726803218188,8.00827599811235,45.19421315256192,86.21730798778957,388780000,11600,178503500
2010-09-14,8.07575798034668,45.133026123046875,86.27091979980469,8.109198155196168,45.31659951001652,86.76105149326587,7.9992360675325385,44.89700176780029,85.83439607772736,8.020023551128352,45.31659951001652,86.15604390603052,408150400,7700,209823600
2010-09-15,8.140832901000977,45.03685760498047,86.60022735595703,8.14565408562743,45.272881907417165,86.69978334746176,8.069131355102217,44.14521135177484,85.75781387516832,8.07907379141097,44.75712583942565,86.0181937804102,429368800,26700,168608400
2010-09-16,8.332137107849121,44.18891525268555,86.57725524902344,8.335149845372825,45.167976353202235,86.6308632214476,8.119141793973705,44.14520779309082,86.04116968195103,8.141436051649114,44.75712223141328,86.33218939753716,652103200,9700,199962900
2010-09-17,8.295984268188477,44.05780029296875,86.60956573486328,8.374012143846208,44.687195153383065,87.11772318569672,8.245070220550994,44.05780029296875,86.37088892413752,8.36587735186482,44.687195153383065,87.03303027722448,634477200,14500,195836900
2010-09-20,8.532781600952148,45.01062774658203,87.93385314941406,8.549351255479198,45.01062774658203,88.12633597459204,8.310446393401845,44.17142922800347,86.63266737149584,8.317375287631174,44.276331126991565,86.9098431096809,658677600,8500,214555200
2010-09-21,8.549044609069824,44.783355712890625,87.75676727294922,8.65689813878658,45.01063988733847,88.41890274990546,8.51952060229263,44.21515194610329,87.39489864223789,8.55175647356154,44.84454683647286,88.00314504026831,668074400,7800,268389100
2010-09-22,8.668951988220215,44.58228302001953,87.32562255859375,8.675880880743838,44.82704742833077,88.11095591728768,8.508075058232773,44.162685462343845,87.07924473263522,8.517113268786927,44.51234842640777,87.61820026537062,585289600,8200,191322400
2010-09-23,8.704202651977539,44.30256652832031,86.6172866821289,8.819889371533105,44.79209884771223,87.51810505383648,8.616233120527863,44.28508287391352,86.3709088571975,8.62617475315724,44.40746512009497,86.60958572300618,786116800,6900,202354300
2010-09-24,8.806629180908203,44.99314498901367,88.40351104736328,8.843082889354394,44.99314498901367,88.46510696074292,8.753305757448624,44.363746921264415,87.50269284209713,8.800001965253445,44.73089357100795,87.57968479676687,649488000,17300,209671800
2010-09-27,8.771684646606445,45.369041442871094,87.98005676269531,8.879236550627464,45.51764748806063,88.53440829964808,8.76716594297285,44.39872039832273,87.89536971454281,8.856642227990271,44.97566759580206,88.43431933429672,482834800,27800,128761800
2010-09-28,8.64213752746582,46.14703369140625,88.2880630493164,8.790059260997463,46.2606724019429,88.57293988144582,8.284835848275364,45.36028620103379,87.14086650758439,8.790059260997463,45.75365994622002,88.09558013212119,1035042400,12800,209207500
2010-09-29,8.657506942749023,46.41802978515625,88.13407135009766,8.731016141467506,46.73272883476389,88.47284313442172,8.61623363859638,45.75366771850214,87.78759860500843,8.653289109522783,46.01591581495336,88.06477445143503,469644000,13500,179665800
2010-09-30,8.548447608947754,46.26942443847656,87.87228393554688,8.736739278920636,46.6802819076232,89.15037310264843,8.473130780064743,45.928501574574256,87.45652020193955,8.706612708261291,46.56663984143392,88.5806254117546,673391600,10100,287106700
2010-10-01,8.51138973236084,46.27814483642578,88.2418441772461,8.633703634406423,46.65403484244842,88.63451086248863,8.476141112351833,45.980929560376815,87.71829055495965,8.620749267782244,46.22569723955273,88.53441601430497,448142800,6000,174638700
2010-10-04,8.394500732421875,46.04212951660156,87.5796890258789,8.522839334090012,46.56662892902646,88.42661231636212,8.36828951260672,46.04212951660156,87.14082840154879,8.483675353540592,46.216962654076525,88.05704856645775,435302000,13500,166153200
2010-10-05,8.704802513122559,47.49325942993164,89.34284973144531,8.720166263228895,47.633125323651335,89.55842960619833,8.490299687454776,46.11208081161701,88.28804148813404,8.49572341785675,46.627836919958234,88.38813634006296,501967200,16900,229634100
2010-10-06,8.712335586547852,47.45829391479492,89.33514404296875,8.796690626843565,47.71180189881708,89.56612582461207,8.593937819515087,47.23975323918949,88.97327532631255,8.724386536438464,47.29220086714851,89.32744308381778,670868800,6000,148626600
2010-10-07,8.713239669799805,46.741493225097656,89.22737121582031,8.751199356875052,47.72929494118522,89.72012696194867,8.643647446474699,46.741493225097656,88.68842145415239,8.746981524481216,47.72929494118522,89.69702995417887,408399600,11700,164860000
2010-10-08,8.859354972839355,47.082393646240234,89.7278060913086,8.872309343222016,47.134841263015446,89.97418390442769,8.736740163759444,46.452995567614835,89.01176965410146,8.788255969273594,46.75021095644735,89.35054134993162,658403200,5700,177760100
2010-10-11,8.898218154907227,46.8376350402832,89.81249237060547,8.95485682186744,47.24848920639156,90.05887016549661,8.875322956246794,46.557899932437614,89.50451865846402,8.879540789225596,46.94253362155919,89.86638732967197,427753200,5000,103098300
2010-10-12,8.99402141571045,46.43551254272461,90.08968353271484,9.022943698370975,46.584121906475644,90.35145741463639,8.81175440030574,45.945983661345686,89.04257625680673,8.899724734459442,46.48796349487181,89.51993001186624,558544000,5900,182210000
2010-10-13,9.042224884033203,46.75894546508789,90.79033660888672,9.097055105478413,47.143575697755864,91.27539729633551,9.031981575060364,46.225705899223726,90.37457282283583,9.044032526793117,46.41801934822535,90.5901586139865,630092400,10100,194347200
2010-10-14,9.107596397399902,46.636566162109375,90.43614959716797,9.112415971669284,47.09987453601471,90.85961425454377,9.050053528444023,46.138293823958385,89.86640195515311,9.088917429788353,46.890074077215004,90.70562443635669,435296400,13100,217764300
2010-10-15,9.482074737548828,46.94253921508789,90.62095642089844,9.48990785664878,47.169820057378914,91.12141318791171,9.185929418798757,46.557905480134536,89.8972246358191,9.26214968194387,47.169820057378914,91.06751820525568,922194000,12000,243705000
2010-10-18,9.580286026000977,47.18730163574219,91.06749725341797,9.610411790778306,47.60689932704638,91.36777006971987,9.468515480688332,46.732736636496135,90.32066275549899,9.594445489412795,46.86386237394508,90.65173353682046,1093010800,13800,141204800
2010-10-19,9.3239107131958,46.85511779785156,89.87409973144531,9.45285270195887,47.63312537559837,90.73641918630774,9.038611217800803,46.72399539809595,89.32744323888123,9.14043936477708,47.18730054629782,90.22826748956534,1232784000,11300,280604700
2010-10-20,9.355237007141113,47.633121490478516,90.75182342529297,9.467308400455034,48.017751833588875,91.19068412311083,9.244974060340173,46.83763365871309,89.9818919642714,9.30914334172555,47.2047803496822,90.03578693157847,721624400,17300,200051800
2010-10-21,9.324813842773438,46.7677001953125,90.95201110839844,9.482074750259045,47.68557027987614,91.69114468517911,9.24286897486456,46.330618885075936,90.24367549824757,9.410373191956142,47.68557027987614,91.15989591462171,551460000,10500,221585500
2010-10-22,9.263051986694336,46.73274230957031,91.12138366699219,9.340477329046285,47.03870128920409,91.2599715595107,9.227804164750623,46.38307919170283,90.85190884101469,9.311254177615787,46.77644978247044,91.09058570486467,372778000,4000,108212400
2010-10-25,9.304323196411133,46.98623275756836,91.39085388183594,9.387472319109236,47.14358226892506,92.20698515176062,9.292272249149477,46.776432297537696,91.32156287612808,9.311855440684223,47.14358226892506,91.72962557403525,392462000,3200,151145700
2010-10-26,9.280529022216797,47.60690689086914,91.40628051757812,9.33144309644058,47.60690689086914,91.49866855017248,9.208224102291384,46.52294684977939,90.75183983221636,9.244979512192163,46.92506095100086,90.9289208107635,392929600,9500,158982900
2010-10-27,9.27389907836914,46.75894546508789,91.14446258544922,9.336260741580972,47.59814051890786,91.24455741103081,9.206716230059094,46.680270720375724,90.28214331342005,9.268476150161721,47.59814051890786,90.76719790393646,399002800,6800,190024000
2010-10-28,9.195869445800781,47.12610626220703,91.15988159179688,9.2790185825761,47.39709787230706,91.70653219683648,9.065119863752233,46.592866535536565,90.72102091597012,9.27751181167874,47.021207682512,91.6680332760702,551051200,23900,168576000
2010-10-29,9.06752872467041,46.61034393310547,91.22917175292969,9.215149627203099,47.02120137255288,91.40625856305495,9.064214311569476,46.61034393310547,90.90580196829453,9.165440670911867,47.02120137255288,91.0674868606121,430511200,9500,144305500
2010-11-01,9.163934707641602,46.715248107910156,91.25997161865234,9.206714774489486,47.16107290098309,92.19928890476316,9.104284115729463,46.592865877549954,90.7364180103665,9.104886663212802,46.97749955544279,91.67573529647733,423889200,8800,174074800
2010-11-02,9.319993019104004,48.31498336791992,91.98371887207031,9.344998344231007,48.35869084552045,92.19929875602618,9.248894810134491,47.012479193556665,91.69884209735075,9.248894810134491,47.283470890146816,91.94521994674479,433930000,14500,158345900
2010-11-03,9.423627853393555,48.03524398803711,92.35327911376953,9.42603804353452,48.516032835691796,92.40717408266035,9.29498677026219,47.78173598911629,91.19838188829958,9.38054610685846,48.140142584786105,92.1454001977938,508348400,14200,226702800
2010-11-04,9.588420867919922,48.59724426269531,94.1318359375,9.645962950133832,48.86947433891604,94.17802995225148,9.490809777332922,48.14060188479549,92.36869192710688,9.50346327541958,48.73774935205637,93.3773004099259,642488000,17600,215039400
2010-11-05,9.5540771484375,48.91338348388672,94.4859848022461,9.627586349368134,48.93094703948901,94.63996873660186,9.542629548091206,48.3074525402775,94.07022113055288,9.579986696178405,48.92216358673502,94.19340710321538,361253200,9200,180654100
2010-11-08,9.598963737487793,49.4051628112793,94.30889892578125,9.633609008912211,49.4051628112793,94.46288873577384,9.542927629506107,48.37771965894778,93.88544016505053,9.556183673311697,48.97486730898727,94.19340803681446,281758400,8100,156107100
2010-11-09,9.522443771362305,48.66750717163086,93.63136291503906,9.679705469028274,49.59835571260909,94.66306822536023,9.47484412233963,47.508339060174556,93.25409815408244,9.67217322217943,49.59835571260909,94.56297925281153,383544000,30100,186621600
2010-11-10,9.58119010925293,49.800315856933594,94.0086441040039,9.60348356287903,49.800315856933594,94.05484399288581,9.446221879056207,49.01875614202424,92.89994663073807,9.539313459119175,49.01875614202424,93.6082822697352,384227200,8800,221387400
2010-11-11,9.539612770080566,49.132930755615234,93.65447998046875,9.592334453518086,49.77398556296541,93.79306790436016,9.467307896641833,48.079140700419316,92.91534634441857,9.489903018753491,49.56322621196373,93.20022315300423,361284000,45900,158017600
2010-11-12,9.279923439025879,49.21195983886719,92.54576110839844,9.53509629650111,49.343681488010624,93.43118348103053,9.14736699851792,47.77178170216799,92.122302320869,9.520033412009706,48.88703906785378,93.02312073841938,795846800,32500,239068800
2010-11-15,9.250100135803223,50.62580108642578,92.41487884521484,9.355543563293256,50.933154992105266,93.20021228035387,9.226902453040292,49.370035100524476,92.3763857939151,9.292880215355416,49.642261888438775,92.8383435282909,403606000,22100,163940800
2010-11-16,9.085907936096191,51.1439208984375,90.97511291503906,9.266969052505685,51.372240493337806,91.99911739136239,9.017519995038244,50.055003557611194,90.53624630132865,9.210331191051225,50.239415924635296,91.8451334341426,657650000,18700,299566200
2010-11-17,9.053068161010742,50.80142593383789,91.02130126953125,9.158209869276995,51.09999971127566,91.39856605314709,8.97052077410126,50.502852156400124,90.74412546447563,9.074156516064734,51.09999971127566,91.01360030991552,479449600,8200,172308900
2010-11-18,9.291973114013672,51.17903518676758,92.3609619140625,9.329330253036305,51.50395598263501,92.69203262190246,9.179299953939354,50.660921954064136,91.89130333144979,9.194663707865194,51.26685297615315,91.89900428952325,494491200,18200,197723700
2010-11-19,9.24075698852539,50.93315887451172,92.61505889892578,9.29106848951247,51.19660557801926,92.65355194865236,9.195868414115763,49.87936871057499,91.81432945081362,9.278114122700911,51.19660557801926,92.3147860901476,384843200,35500,156852900
2010-11-22,9.440500259399414,51.47760772705078,92.53807067871094,9.440500259399414,51.51273484195627,92.5765637299988,9.214851410806856,50.59066985007675,91.44476346295467,9.239253382058855,50.59066985007675,92.15310492116457,393075200,19900,181361000
2010-11-23,9.301009178161621,50.950721740722656,91.1983871459961,9.391993029376902,51.25807566564382,91.63724788201108,9.235634797667196,50.86290394081194,90.84421934799377,9.352827449115395,51.25807566564382,91.44476500000255,519447600,9100,222309000
2010-11-24,9.483880043029785,50.93315887451172,92.54576110839844,9.501956467266881,51.24051280361942,92.56886398694236,9.391994368800287,50.88046819384758,91.76043358712371,9.399525005528522,51.24051280361942,91.775829632042,413725200,19800,140046100
2010-11-26,9.489908218383789,50.9770622253418,91.46782684326172,9.571250541660346,51.12635080092281,92.2454531083357,9.427847419780543,50.379914622830434,91.46782684326172,9.451948521152694,50.55554686178783,91.74500253892866,237585600,5300,76007800
2010-11-29,9.546241760253906,51.714717864990234,91.74506378173828,9.564618250100498,51.81131576935883,91.99144168967317,9.380846111411815,50.58189337724194,90.65175630829656,9.50496766367862,50.58189337724194,91.23690604243419,445785200,46800,223642300
2010-11-30,9.373920440673828,51.372230529785156,91.22917175292969,9.470627324920493,51.802529319292475,91.75272535029113,9.36548477378358,50.86289740546654,90.70561815556825,9.445922871884765,51.802529319292475,90.8365109604915,501858000,148000,233930700
2010-12-01,9.532085418701172,51.345909118652344,93.1694107055664,9.572756176694828,52.153813024685896,93.34649165773008,9.489907889409903,50.941953815728006,92.53806712241773,9.498041880114743,52.153813024685896,92.5457622079128,461750800,36800,221037200
2010-12-02,9.584806442260742,51.08243179321289,94.36279296875,9.610413507790323,51.424916110081234,94.43208985109723,9.48659279533859,50.54675841021588,93.26179080303079,9.566127467219701,50.766297835182215,93.31568576747395,462837200,19200,191213600
2010-12-03,9.563416481018066,51.925479888916016,94.61687469482422,9.59986940331157,52.030857903658415,94.72466462706856,9.530277168216914,50.66093031238049,94.01632910828835,9.550462110137916,50.66093031238049,94.03942611175346,342092800,15500,151288900
2010-12-06,9.645060539245605,51.389808654785156,94.51679229736328,9.710736617716911,53.09343403819703,94.73237217684999,9.59294057486585,51.06489111952717,94.31660846322083,9.599568598365956,51.61812827012419,94.41669744323647,448481600,53500,103050500
2010-12-07,9.5866117477417,51.74105453491211,94.57068634033203,9.760743129660225,52.224043991459105,95.47920573362948,9.583900686518511,51.60054942480009,94.51679137098859,9.755020135730916,52.04841176634257,95.42531076428604,391454000,60700,206581000
2010-12-08,9.670966148376465,51.776180267333984,94.91717529296875,9.671267824334,51.91668537369409,94.99416728510994,9.553472614312216,51.451262836983624,94.2473384998167,9.629391179081901,51.8113073814005,94.68619931654518,321935600,19900,138019200
2010-12-09,9.633310317993164,51.328311920166016,95.28673553466797,9.71585692333261,51.951803006481825,95.48691351936185,9.611016057455476,51.24049415102659,94.81707679330358,9.70471099976787,51.951803006481825,95.44842046420312,294151200,24300,123705100
2010-12-10,9.657405853271484,51.61811828613281,95.84107208251953,9.672167858293978,51.68837252336057,95.93346009959679,9.598357028712565,51.28442070902019,95.26362347934285,9.629990356314448,51.54786739881146,95.57929232787508,262511200,19300,117571700
2010-12-13,9.690852165222168,51.24049758911133,95.90267181396484,9.792982779631167,51.69713996955961,96.39542753514026,9.670668026750581,51.24049758911133,95.87187384712745,9.772195289072945,51.55663487941441,96.27994250213942,439815600,14300,133812700
2010-12-14,9.649277687072754,50.94192886352539,95.98737335205078,9.717063085184071,51.61811072319144,96.41853905228344,9.610413769213272,50.810207212882446,95.6948014520564,9.69266030968522,51.61811072319144,96.04896929124288,351008000,28900,147249600
2010-12-15,9.651387214660645,49.95839309692383,95.54850769042969,9.730921085956151,51.36344748536367,96.18755231019362,9.616138581628896,49.95839309692383,95.3868227638831,9.640540553186137,50.801423720044184,95.81028748158494,417312000,60900,160823100
2010-12-16,9.678199768066406,50.994625091552734,96.10283660888672,9.719172202828661,51.15269376947667,96.17213348906061,9.643554485714375,49.88814769599149,95.27901025017287,9.67337938698032,50.05499647828618,95.61008098540051,322030800,16000,185035200
2010-12-17,9.658915519714355,50.79264450073242,96.20581817626953,9.694465012768257,51.09121827035609,96.3296520367231,9.647467118817092,50.415036399446436,95.83430478489879,9.689644633443093,50.90680594644599,96.03554145126648,386929200,29300,141075300
2010-12-20,9.707120895385742,50.652137756347656,96.43795776367188,9.738453371300315,50.93314795985785,96.67015424833237,9.587217138128905,50.494069098134936,95.95809368937633,9.68874359540134,50.72238863227227,96.46891768862673,385610400,23700,119085500
2010-12-21,9.767068862915039,50.63459396362305,97.04942321777344,9.77279266048312,50.88047715019131,97.11134308058558,9.702297034215949,50.432618010383806,96.64695591950068,9.730916826525442,50.713628323578156,96.7398298087158,256354000,16500,94965500
2010-12-22,9.795992851257324,50.18674087524414,97.35127258300781,9.812864181331708,50.57312926499961,97.3822325135919,9.747488983997412,49.62471683118039,97.06490355886031,9.771891755620356,50.57312926499961,97.1190819611317,265921600,10900,78878100
2010-12-23,9.748995780944824,49.93205642700195,97.21198272705078,9.795692005821092,50.63458204461852,97.35129950069881,9.736041411837865,49.33490881455127,96.97205057993654,9.791173301773785,50.10768866888269,97.2429426661953,223157200,27700,70053700
2010-12-27,9.78152847290039,50.32724380493164,97.25067901611328,9.80442527042108,50.494092644224146,97.34355292366114,9.686328412405667,49.61593451128112,96.7785503027307,9.726397405832358,49.870601173812375,96.8482057333916,249816000,5100,58126000
2010-12-28,9.80533218383789,50.01108169555664,97.38995361328125,9.84118255150936,50.23062112060307,97.48282748061538,9.792980362968406,49.9320473685437,97.1345386681089,9.81858742367549,50.19549400861825,97.44413200422673,175924000,16500,55309100
2010-12-29,9.799911499023438,49.677406311035156,97.4596176147461,9.834858455723307,50.32724481643304,97.67633119765335,9.79418689452823,49.61593550848627,97.4441406038251,9.827928756015366,50.05501458378261,97.50606045751354,163139200,18000,58033100
2010-12-30,9.750805854797363,49.28220748901367,97.3048324584961,9.806539501665295,49.73006977653895,97.62216140285341,9.732428553569722,49.28220748901367,97.15777426928017,9.805636082418287,49.73006977653895,97.36675231763994,157494400,5700,76616900
2010-12-31,9.717667579650879,48.808013916015625,97.32804107666016,9.745383970258786,49.44028527719061,97.42092085597346,9.680008749443427,48.21964642655805,97.00297070656687,9.729416857938066,49.27343649505807,97.15776443375353,193508000,42200,91218900
2011-01-03,9.928850173950195,50.01108169555664,98.33424377441406,9.949637657236678,50.16915034958253,98.75992958817551,9.786351332446017,48.342580725241504,97.28936517471838,9.810452424233159,48.94851168230933,98.07108728326729,445138400,22800,138725200
2011-01-04,9.980670928955078,49.5632209777832,98.28005981445312,10.017123849406044,50.30965705675911,98.58191177798244,9.886072571557657,49.54565742122903,97.66861442794408,10.0153162067372,50.283310046974904,98.55095184518413,309080800,13900,137409700
2011-01-05,10.062313079833984,49.79153823852539,98.7908935546875,10.072556388059322,50.11645562330954,98.85281342630844,9.92674310061133,49.492964510643716,97.87759611579256,9.92824987170267,49.73006747248259,97.97047592322396,255519600,19400,133975300
2011-01-06,10.054179191589355,49.22952651977539,98.5973892211914,10.099971192690953,49.83545418406479,98.93794257845228,10.029173872552061,48.73775695534089,98.30327871583191,10.084004086161588,49.83545418406479,98.82958576568808,300428800,30600,122519000
2011-01-07,10.126180648803711,49.176841735839844,98.40384674072266,10.133109542169679,49.39638120787484,98.8914521636425,9.999045551626871,48.85192425520186,97.63760796041988,10.062010552771763,49.203185400513966,98.72891702266922,311931200,17200,156034600
2011-01-10,10.316880226135254,48.983646392822266,98.28005981445312,10.34037876680706,49.317347331452616,98.41937655954384,10.157811758296264,48.7816704786242,97.67634998239112,10.207821576196395,49.24709644168685,97.9704663914734,448560000,17700,122401700
2011-01-11,10.29248046875,49.02756118774414,98.62834167480469,10.392500125948912,49.08903197779539,98.86827375558723,10.227105278190445,48.465537271707696,98.25682841278379,10.390090740657262,49.08903197779539,98.63608313370176,444108000,14100,110287000
2011-01-12,10.37623119354248,49.23830795288086,99.51840209960938,10.37653286949279,49.37003296384621,99.62675888413516,10.30332536774867,49.00998839710127,98.65154191840118,10.340984179977609,49.37003296384621,99.23203312836345,302590400,39800,107929200
2011-01-13,10.414193153381348,49.194400787353516,99.35586547851562,10.443115436410608,49.4402839015296,99.60354488855371,10.359062062530262,49.15927367106945,99.10819787848182,10.398527721209875,49.4402839015296,99.55710795167265,296780400,17800,129048400
2011-01-14,10.498547554016113,49.21195983886719,100.07567596435547,10.498547554016113,49.405152260925405,100.09889443338395,10.376836171672482,48.90460262438741,99.14690177320229,10.420519660592342,49.247086951934456,99.21655718028774,308840000,28700,117677900
2011-01-18,10.262653350830078,49.28220748901367,100.24596405029297,10.386474026703134,49.58956468337342,100.33883793700535,9.821297433289118,49.00998075532738,99.86670932954081,9.927343362979743,49.58956468337342,99.9828016879313,1880998000,8700,114401300
2011-01-19,10.208125114440918,47.86838912963867,99.26300811767578,10.502161015779238,49.30857100409789,100.26143785672566,10.149077076098598,47.6576330942883,98.99985755823705,10.494628770779249,49.30857100409789,100.16082841341455,1135612800,17000,151958400
2011-01-20,10.022543907165527,48.061580657958984,99.13142395019531,10.191855699646363,48.9046114238252,99.37909156922494,9.945419450987094,47.903511970620755,98.39613893150398,10.135518725971849,48.29868368896632,99.03854416430724,764789200,42900,175745700
2011-01-21,9.842994689941406,47.73666763305664,99.35586547851562,10.088828538092454,49.466639900413696,99.97505219360656,9.840282822859852,47.7191040717238,99.24750868912503,10.055387540550718,48.30746830179351,99.7506030620133,754401200,55000,151462900
2011-01-24,10.16624927520752,48.974857330322266,99.9208984375,10.16624927520752,49.06267176394486,100.03699080146815,9.842989421710012,47.912287273921635,99.27074576925882,9.847508929603771,47.912287273921635,99.29396424205245,574683200,40000,113715500
2011-01-25,10.285249710083008,48.052799224853516,99.97508239746094,10.286455609504767,48.90461007206879,100.06022074413247,10.079484975994049,47.692754635847535,99.15466477135776,10.132508349434731,48.878266408209406,99.65774748622998,546868000,36800,167552200
2011-01-26,10.359063148498535,48.8343505859375,100.36206817626953,10.411784859093517,48.88703790437861,100.65618459868556,10.288265813584726,47.8156877805713,100.0215148050525,10.332250181363971,48.20207596539786,100.22275732986655,506875600,29200,141281500
2011-01-27,10.3397798538208,48.29867935180664,100.60973358154297,10.384367566060355,48.966077810709244,100.78001024334156,10.328332255351357,48.21086491112946,100.20726039820035,10.356952055994288,48.887043474137315,100.38527261371499,285026000,16000,123302700
2011-01-28,10.12557601928711,46.902408599853516,98.85279846191406,10.37562834998551,48.737758560731365,100.88837112202748,10.04815149820508,46.72677636749126,98.69026325226676,10.3686994574938,48.49187544536793,100.72583000737708,592057200,44500,295637300
2011-01-31,10.222587585449219,47.43807601928711,99.5958023071289,10.24427929714892,48.14938491222111,99.67320507898283,10.071352173445298,47.07803152160817,98.8760061309078,10.116541630547632,47.33269804067281,99.12368555283648,377246800,15300,149249200
2011-02-01,10.394608497619629,48.58846664428711,101.1902084350586,10.413286662096132,48.904600599082706,101.36822063202203,10.272595467729593,47.82446704129029,100.13759454909331,10.282236225895087,47.82446704129029,100.19951440238592,426633200,10500,167194300
2011-02-02,10.373222351074219,48.272342681884766,100.99674987792969,10.40123960827773,49.03633914614167,101.26763604787675,10.350024670288608,48.13183754650525,100.87291012652084,10.377139312779905,48.78167254142048,100.92708263650677,258955200,13500,118323600
2011-02-03,10.346709251403809,47.48720169067383,101.22118377685547,10.370811153499933,48.598734151927424,101.37597753768884,10.199389994953385,47.43427029148624,100.28467384730898,10.357555107347064,48.510518518492155,100.81871055068312,393797600,23000,145886700
2011-02-04,10.438896179199219,46.896156311035156,101.5075454711914,10.444921654008207,47.58424782309906,101.54624686109777,10.348817341978018,46.57857457770984,100.79548477493748,10.352733498369227,47.4872119514376,101.25987783380164,321840400,15900,134634800
2011-02-07,10.600976943969727,47.610721588134766,102.14222717285156,10.642249430216918,47.884192166629894,102.47503318305125,10.473239306967537,46.84323117472821,101.72427100887118,10.480770747327863,47.12552533878169,101.7320183737644,485021600,12800,112439100
2011-02-08,10.700996398925781,47.645999908447266,102.60660552978516,10.710637157269941,47.71657512328832,102.66077802620958,10.609110736600044,47.06376784685442,101.95645290265158,10.655204405729329,47.637179689197865,102.23508636856432,381040800,11800,99072800
2011-02-09,10.790170669555664,47.593055725097656,102.3744125366211,10.815477657546813,48.40465022931276,102.65304601214174,10.691054448898734,47.10786306582034,101.86358252983221,10.700694401759627,48.07824838437497,102.32797559236869,482745200,30900,146436700
2011-02-10,10.681116104125977,48.351741790771484,102.41312408447266,10.845608371155611,48.51935288927641,102.52921645661807,10.484087073122547,47.23138542023006,101.62366052386179,10.766977925258058,47.23138542023006,101.85585707815997,928550000,23200,162708500
2011-02-11,10.750709533691406,48.71341323852539,103.02455139160156,10.779329337311355,48.71341323852539,103.15612666778425,10.650989919420045,47.760668321257874,101.98742028992208,10.687443646124406,48.1488251535715,102.01063876160103,367572800,23600,137710300
2011-02-14,10.820901870727539,48.25471115112305,103.27222442626953,10.829939278002216,48.93398261652297,103.35736276354619,10.74648927187581,48.192959505651444,102.84654454989277,10.748899461674183,48.81047932557976,102.96263691435797,310416400,11100,101690700
2011-02-15,10.842594146728516,48.28998565673828,102.9471435546875,10.844703465303668,48.48406076186787,103.10968465846014,10.771796823613936,48.113550989629346,102.41310692230395,10.821204111795346,48.30762609475894,102.9548909182038,284174800,5900,119575400
2011-02-16,10.939901351928711,48.237056732177734,103.59732055664062,10.993224782104962,48.501707063870036,103.7211484920036,10.860667580808695,47.92829857273865,103.0864904644909,10.869704986737727,48.501707063870036,103.29546855855362,481157600,7600,130183500
2011-02-17,10.794388771057129,48.66930389404297,103.90689849853516,10.85373847815155,48.828094719570885,104.04620934168513,10.740762861536098,47.89299693058488,103.20257329814713,10.762756241980073,48.16646740160808,103.29545900358748,530583200,11400,109810500
2011-02-18,10.561208724975586,48.63402557373047,104.12361145019531,10.830540957603114,48.96042748134704,104.24745118330507,10.529876262434698,48.307620300902926,103.75983961543973,10.806740739253721,48.84574445669923,103.99977171708555,816057200,28700,130002400
2011-02-22,10.20119571685791,48.5369873046875,102.0338363647461,10.40575614780119,48.91632062311142,104.14679952541685,10.174383562528396,48.29880103275544,101.75520295158044,10.307844200144643,48.49287948363587,103.03226587275427,872555600,47500,233116400
2011-02-23,10.322003364562988,48.554630279541016,101.40694427490234,10.382858235988705,48.83692436771885,102.21962628899126,10.201194627131496,48.42230345342786,100.78002186146453,10.206015810597302,48.42230345342786,101.97194682145646,671854400,17600,227584000
2011-02-24,10.329835891723633,48.775169372558594,101.33726501464844,10.398223813463773,48.916316406884604,101.73200264292572,10.193965076027819,48.51933932121434,100.38527227057823,10.364181092792352,48.73988177267441,101.29857543619475,499900800,16100,260431400
2011-02-25,10.48890495300293,49.11922836303711,102.42084503173828,10.49703894031598,49.11922836303711,102.4827648913871,10.387679407595577,48.5811040972823,101.70103699707565,10.401537192726089,48.766358999037074,101.76295685672447,380018800,6900,141686900
2011-02-28,10.641046524047852,50.90121078491211,103.05550384521484,10.6964792838187,50.90121078491211,103.1870909293963,10.57808151846772,49.339769446979105,102.45954733453767,10.581696803383549,49.54266814758578,102.8001006606422,403074000,56400,141585500
2011-03-01,10.523552894592285,50.55717468261719,101.33726501464844,10.716664952420675,51.165870900823,103.47345883354487,10.474446477844202,48.978089238544314,101.30631098988437,10.709133510567597,51.09529567048553,103.38058494924698,456136800,120800,258565500
2011-03-02,10.608208656311035,50.77769470214844,101.55400848388672,10.675391497890258,51.01588095104811,102.02613716301948,10.496137231327284,50.28367840459237,100.88838463806033,10.543135133280293,50.3101424216221,101.19797218076704,602590800,18400,200277400
2011-03-03,10.832351684570312,51.48344421386719,103.30319213867188,10.839280578909399,51.48344421386719,103.41928450524443,10.722690447854564,50.8482807064595,102.46729166932916,10.760951813657577,51.157042240432304,102.47502722376507,500788400,28400,176480100
2011-03-04,10.845605850219727,52.127403259277344,102.52925109863281,10.854342385628886,52.127403259277344,103.42707177993253,10.777820471756447,51.43931202886344,101.85589149266369,10.847714363968107,51.501063633376994,103.22582918687596,453266800,11700,277202300
2011-03-07,10.705818176269531,51.74808883666992,101.7242660522461,10.89591746583025,52.312677063009694,103.06326101270903,10.58380513735193,51.45697450474341,101.19022935097095,10.887782673291664,52.26856923880402,102.83106446736812,546123200,11400,216790400
2011-03-08,10.717866897583008,52.45381546020508,102.61434173583984,10.767274975808641,52.45381546020508,102.9394121464701,10.612121848842024,51.80983191052322,101.4456353683354,10.692259037445286,51.89805090958214,101.88679813633152,356316800,6300,174615000
2011-03-09,10.618756294250488,52.39205551147461,102.46728515625,10.687746800855118,52.85960435389429,102.7846200180534,10.562420094119707,52.10094127390336,101.85584571448787,10.685637481619617,52.136225502704896,102.4131126586284,453306000,9000,153806000
2011-03-10,10.44401741027832,52.27738571166992,100.571044921875,10.537410660697804,52.912549103395726,101.53077334438484,10.39069316502619,52.06566682456868,100.47042366080265,10.517827465371974,52.912549103395726,101.39146249982973,507539200,17900,301291800
2011-03-11,10.604289054870605,52.09213638305664,101.26763153076172,10.614231488680597,52.8949109261967,101.63140340304346,10.39370478320025,52.056848776383994,100.22276467612943,10.403645608072008,52.056848776383994,100.24598315223183,471080400,12200,225621800
2011-03-14,10.651593208312988,52.26854705810547,100.65615844726562,10.73956355301892,52.79784745438209,100.98896436721148,10.58380861136989,51.60691988015476,99.88991356110498,10.640144803386603,52.021540655204355,100.60972151052938,435957200,29700,234974100
2011-03-15,10.406660079956055,52.13624572753906,99.50293731689453,10.479265033144747,52.339147789211694,100.09890564539035,10.246084812080822,51.827487573187646,97.90853927832667,10.306337945351293,51.827487573187646,97.97819469321418,721081200,13700,359585400
2011-03-16,9.942107200622559,52.31266784667969,97.66089630126953,10.333453364546168,52.60378549252901,99.51071582164948,9.829132357243388,51.995086184011576,96.96431240939076,10.303326793276344,52.25091623062874,99.18563349709804,1162011200,23900,468670300
2011-03-17,10.081595420837402,52.947837829589844,98.95343780517578,10.231324865303337,53.56535743295588,99.3713881191931,9.961690873074328,52.44500125554306,98.37295224209691,10.147572365685322,52.886086205774355,99.06953609879245,659422400,39600,254303700
2011-03-18,9.96198844909668,53.8476448059082,99.31331634521484,10.188842295156043,54.24462188457314,100.18394240359738,9.941803515299,52.81550440137936,99.11898064803921,10.156606414473453,53.247769079305776,100.15284204971589,753214000,45000,230435400
2011-03-21,10.221980094909668,55.267940521240234,100.85244750976562,10.235235330069251,55.29440453894987,101.06232150141574,10.100267962636252,53.87411059154565,100.43267580384854,10.122261339709011,53.97997002759499,100.54928432718482,409402000,17600,153992600
2011-03-22,10.279224395751953,56.379486083984375,100.50265502929688,10.322005267233353,56.45006130118685,100.9690654985406,10.217163613668186,54.650433645062755,100.40937767997251,10.320197624776391,55.57671149696994,100.83691863322743,325922800,39600,129538600
2011-03-23,10.218669891357422,57.57040023803711,100.79029083251953,10.249699878666837,57.6762563014291,101.0545845916597,10.121058812331826,56.00013578191482,99.74865411498197,10.221380952677361,56.13246259157594,100.22282193274464,372996400,29400,148603100
2011-03-24,10.392805099487305,58.002685546875,101.75416564941406,10.423835900269706,58.13501241131767,101.90186267613763,10.208731222676462,57.588064512485786,100.79803734655825,10.298810082397198,57.60571168397089,101.365494257535,404712000,13900,159129800
2011-03-25,10.590736389160156,57.79977035522461,102.06513977050781,10.606401821357759,58.94659394653266,102.50821911912922,10.454563053078383,57.57922787462093,101.74642628911424,10.486196397959711,57.98503196170339,102.01850108763325,448910000,45400,155642800
2011-03-28,10.55759334564209,57.482200622558594,101.81636810302734,10.674485931728686,58.20557975575733,102.54707231522667,10.55759334564209,56.908788774559156,101.78527960649832,10.63923731123668,58.06442932468294,102.28277858014089,309355200,45100,109762400
2011-03-29,10.573261260986328,57.75566864013672,102.50042724609375,10.573261260986328,57.75566864013672,102.53151574068357,10.425641147560636,57.023465954459326,101.39660183784376,10.47384333805786,57.31458365798253,101.73085356525358,352900800,49700,129798800
2011-03-30,10.503067970275879,58.011497497558594,103.20781707763672,10.570854175748394,58.0379615190546,103.51098032514724,10.467217593348234,57.12932755210482,102.88910365142254,10.563622799790163,57.84388305418715,103.03680069582964,329406000,27900,135835000
2011-03-31,10.499456405639648,58.96424102783203,103.06787872314453,10.538319531483383,59.10539146192631,103.35550362404784,10.425646312361737,57.61452197131545,102.95905120589482,10.434683724763742,57.967391326127995,103.07565974236151,274019200,17600,132537100
2011-04-01,10.380450248718262,58.92011642456055,103.50320434570312,10.592241271236501,59.44059332891852,103.98516501849932,10.342490560535325,58.399632789781734,103.25446078088613,10.577780935647803,58.99950846878295,103.70532109476048,418661600,67000,153850100
2011-04-04,10.278923988342285,60.52567672729492,103.58875274658203,10.381656328111443,60.640356390111094,103.90746631201942,10.19487062147175,58.66429771985522,103.29337039004733,10.372919791409645,59.14067026838891,103.72089967001106,460084800,100400,100768900
2011-04-05,10.209628105163574,63.4544792175293,103.57315826416016,10.31085362902074,63.86027655135264,104.03178766644396,10.122562039343983,59.22006113606675,103.33995305342458,10.152387725767657,60.51685192590548,103.38659172330975,482731200,40900,120791500
2011-04-06,10.1840238571167,64.9718246459961,103.89965057373047,10.360566240277926,65.79224305056833,104.16394430211076,10.156910025927802,61.751902661151405,103.47987878271624,10.279827294170303,64.42487679947352,104.07066695357909,402539200,62000,120411600
2011-04-07,10.185232162475586,65.41289520263672,103.6353530883789,10.256028689997608,66.83318918825925,104.14839034801541,10.123471435566348,63.85145081153582,103.12230396743198,10.185833905607563,65.66872526474991,103.71308025556726,373447200,65600,170731500
2011-04-08,10.094249725341797,66.7802505493164,103.27775573730469,10.24759447953565,67.24780619253995,104.15615681914224,10.060809538042042,65.22763656160008,102.85021486290105,10.24066558391371,65.92455150479586,104.09396797729183,377535200,54400,147945400
2011-04-11,9.965909957885742,66.36563873291016,102.96683502197266,10.112625878596221,67.23898497299412,103.73639682153116,9.942411405203629,65.9421942565661,102.71807962646801,10.064122001949091,67.23898497299412,103.3865949252491,398946800,20700,121385400
2011-04-12,10.01410961151123,66.63031005859375,102.19728088378906,10.054177808078846,67.32722528166917,102.59372152713253,9.947830200042777,66.25980021253059,101.82415958056508,9.956566735363602,66.25980021253059,102.39161662565961,425639200,23600,161187400
2011-04-13,10.126483917236328,63.666194915771484,102.18952941894531,10.126784788770799,67.08019457545947,102.74920554003654,10.017726097749398,63.36626040464512,101.80085786790329,10.09304293109623,66.77143648152891,102.6714783466168,346220000,97500,162059000
2011-04-14,10.014708518981934,63.07512664794922,102.26724243164062,10.122562062790731,65.05118467519955,102.42270865823707,10.003863473004621,62.20178062503366,101.2644751879777,10.086410032438794,63.648538236287294,101.5987269820944,301800800,67300,161220400
2011-04-15,9.865283966064453,63.69264221191406,102.64036560058594,10.051467117527192,64.07197540784492,102.89689021669157,9.845400703427902,61.88419857629664,102.15064757103245,10.04122381023025,62.94279940054001,102.45381086982766,453605600,35900,170006700
2011-04-18,9.997540473937988,62.978092193603516,101.4898910522461,10.00898887638268,63.189811029854646,102.63258610835526,9.64535990881695,62.21942573908146,100.6736786034093,9.824312493105964,63.10159540895171,101.51321039124328,609898800,40100,210759300
2011-04-19,10.178603172302246,63.789710998535156,102.07291412353516,10.182217653098014,64.01025350009881,102.10401448790913,9.993323422576939,62.85461294564064,101.39662946482173,10.035200074663233,63.03986783930335,101.64537307324532,419378400,32200,124258800
2011-04-20,10.315674781799316,63.18098068237305,103.46434783935547,10.416297765968688,64.5306989120812,103.68977206814316,10.288260086767947,62.99572589892477,103.22336156962226,10.348814078328523,64.35426097754545,103.29333144731858,700666400,22100,156133800
2011-04-21,10.565423965454102,62.39590072631836,103.992919921875,10.698885366721802,63.419214650607934,104.03955859255284,10.499747923633164,61.05499826361891,103.46433250577971,10.694968407331976,63.419214650607934,104.00068907988467,753810400,55200,135935400
2011-04-25,10.635019302368164,63.18098068237305,103.88410949707031,10.657313555687248,63.18098068237304,104.05512589190265,10.553375338133069,60.54328908702047,103.54207670740566,10.554581237376215,62.58992201470205,103.91519799553443,266546000,33400,65757100
2011-04-26,10.556988716125488,62.95165252685547,104.77803039550781,10.694667138591628,64.00143699373858,104.98791627187828,10.52475284143289,62.74875046292817,104.09397679979371,10.65339385988374,63.2515871000089,104.20280431692844,338800000,22700,146600000
2011-04-27,10.548858642578125,62.42236328125,105.46212768554688,10.615138063293244,63.63975569616454,105.6175939196215,10.456972964214991,62.32532402385562,104.55263776183129,10.611823649799376,63.15455940919265,104.98017880152152,356213200,39000,143031000
2011-04-28,10.446430206298828,62.21945571899414,105.80414581298828,10.536809125968238,62.28120735642274,105.94406184581636,10.409373932139248,60.86973655060929,105.26000813869287,10.429558873956715,61.549004562323866,105.27554645702152,360959200,19000,124791100
2011-04-29,10.54825496673584,62.148841857910156,106.05286407470703,10.66333830059157,63.304488540494674,106.16170344490693,10.444015876984649,61.96358706079802,105.70306221479362,10.4473302898712,62.219417036929876,105.84299007554431,1006345200,15000,115094100
2011-05-02,10.432266235351562,61.469581604003906,105.88967895507812,10.558497093706496,62.281176068324214,106.63592169525505,10.408767692394061,61.310790797469906,105.67979299507827,10.536504516939218,62.281176068324214,106.55042534037068,442713600,31000,126278700
2011-05-03,10.490114212036133,60.455101013183594,105.50872039794922,10.541028282542749,61.751891818234036,105.86630325569881,10.412387172925404,60.34042135133025,104.97235204197894,10.483787863848232,61.61074140633262,105.6875177574781,313348000,55000,138375000
2011-05-04,10.53138256072998,59.746788024902344,104.80915832519531,10.599468800028902,60.92436475412421,105.50876228208419,10.450341151611601,59.71137121841268,104.34274777972746,10.491916112880205,60.43739886378791,105.46212359979998,389250400,40100,182678500
2011-05-05,10.446430206298828,59.09159851074219,103.86080169677734,10.572961980987047,59.86189899995118,104.90243850007278,10.425341040871189,58.26817617919687,103.4021721602789,10.496138370776182,59.799921265536646,104.2261538662085,335969200,43600,226900000
2011-05-06,10.443716049194336,58.72859191894531,104.31942749023438,10.544339060184315,60.07439713686437,105.43103414025839,10.430159133770582,58.36557462522317,103.91520581192448,10.534999976920943,59.82648618264772,104.89466557624027,280134400,30000,222787200
2011-05-09,10.47203540802002,60.95093536376953,104.72362518310547,10.520238401662887,60.96864714736378,105.02678840707453,10.439799520267165,58.86139748908362,104.14838722884956,10.47986772074398,58.86139748908362,104.3116344392837,204747200,13000,114104500
2011-05-10,10.527771949768066,61.85401916503906,105.61758422851562,10.535002520931913,62.279007207852494,105.80415080907447,10.443718571161899,60.97747541605612,104.9412996486222,10.510900617052423,61.09257493701327,105.07344652852596,282091600,54700,114806900
2011-05-11,10.460891723632812,60.93323516845703,104.50599670410156,10.544343373093248,62.163940778294894,105.47767547163997,10.400940238861615,59.96815229307246,104.02404783102268,10.514819340363717,62.163940778294894,105.4621252901917,336000000,62200,193564200
2011-05-12,10.441004753112793,61.22540283203125,105.00350952148438,10.457575211167311,61.535291437899765,105.22116464503608,10.31146106632189,60.711869282269156,103.68979775777358,10.427448641418616,60.711869282269156,104.22616640556694,322000000,20500,171550700
2011-05-13,10.258136749267578,60.85354232788086,104.19507598876953,10.431364738819285,61.535297326026665,105.2056245082281,10.253618045046599,60.570214610395304,103.8219545786658,10.413590793464413,61.313947335645274,105.05792740428902,326116000,14600,157444900
2011-05-16,10.04122257232666,60.42856216430664,103.53428649902344,10.279826521365333,61.52645649389498,104.63811182041984,10.020133412844638,60.42856216430664,103.36327013895968,10.218970841512709,60.84470132888625,103.82189953126272,449775200,21900,141675400
2011-05-17,10.126784324645996,60.747276306152344,103.51876831054688,10.126784324645996,61.09258166209822,103.658696221706,9.963798843122033,60.339993239012685,102.70255576917259,10.002060207814834,60.40197095020646,103.1456469829778,452334400,19100,192686200
2011-05-18,10.239157676696777,60.85354232788086,104.44380950927734,10.27470717902657,61.28738641761001,104.55263705852886,10.12256753698978,60.57906374636331,103.34775299525714,10.136727002717471,60.63219233749947,103.57318911526524,334776400,13700,135217900
2011-05-19,10.259040832519531,60.95093536376953,104.69254302978516,10.315678690383857,61.64155306755502,104.9646178073745,10.203004717705069,60.765002166427124,104.11731683683144,10.305737058552038,61.128019424381016,104.78583224967095,261170000,29000,119489500
2011-05-20,10.099068641662598,60.986328125,103.86080169677734,10.27169489528902,61.59725607181498,104.69255256285817,10.093043166139436,60.64987867512147,103.66646594117836,10.229818242637736,60.64987867512147,104.4204896218075,337968400,21800,182594900
2011-05-23,10.074361801147461,60.82699203491211,102.65585327148438,10.121962242014424,61.437920344546654,103.16890219128372,9.924331518573096,59.383792117082706,102.2905013311399,9.94090117009476,60.428564640408965,102.59366444532938,383600000,62900,168700000
2011-05-24,10.007781982421875,60.59675979614258,102.57040405273438,10.119552511867168,61.09258148424938,103.17673062949437,9.98217412063342,60.42853168550754,102.37606830732894,10.107501564091626,61.09258148424938,102.9513063838016,321927200,11900,147199600
2011-05-25,10.146064758300781,60.82699203491211,102.91242218017578,10.199690680789347,60.89782567328924,103.33996313133399,10.027666991390271,60.109820022779424,102.12731015082045,10.04514006424433,60.63220966197633,102.15839864667245,294224000,14200,151050100
2011-05-26,10.09244441986084,60.738399505615234,103.38660430908203,10.149383978296694,60.95089347725325,103.57317087264413,10.075272210386679,59.85300007621833,102.43824503493593,10.121667584920262,60.84464986896502,102.63258075732142,222560800,26900,164850000
2011-05-27,10.165040969848633,61.083740234375,103.78302764892578,10.171668989913233,61.083740234375,104.0628715170628,10.071648555072604,60.64989615330981,103.3554986198438,10.08641056116381,60.738434796681105,103.67420013694522,203599200,9400,120921900
2011-05-31,10.478963851928711,59.75564193725586,104.86355590820312,10.478963851928711,61.09259778009369,104.87910608788083,10.273198322151492,59.587420536813305,104.03957430496118,10.276211863873396,61.083741888997025,104.76250939357743,417754400,66300,164731200
2011-06-01,10.409073829650879,57.57755661010742,102.50818634033203,10.608512283170642,60.23375641131846,104.87908413926144,10.383165888576373,57.52443477570414,102.42267816196707,10.510300230067122,59.861890060364615,104.56037075978207,554682800,85000,233094300
2011-06-02,10.42684555053711,60.91551208496094,102.39936828613281,10.483484211015762,61.1722720957518,102.7958207230385,10.372617884525534,57.97598486749864,101.80082284360246,10.438896500526035,57.97598486749864,102.57816567824376,338783200,49300,200466800
2011-06-03,10.346709251403809,59.93272018432617,101.38104248046875,10.403648788401856,60.91551459391741,102.15838524924521,10.303628308111032,59.702514323549075,101.116748785799,10.338876937691932,60.50822470367138,101.1711566117325,313250000,21000,234690200
2011-06-06,10.1840238571167,60.1009407043457,100.30830383300781,10.455465453908305,60.446246113013956,101.33440196249182,10.177094963572017,59.44574669239374,100.17615698808501,10.414794707124958,59.853029821718735,101.12451609758662,461941200,18800,179951200
2011-06-07,10.003262519836426,60.69418716430664,100.24614715576172,10.18944564146159,61.074909525228236,101.10899826257949,9.999044688095985,60.083258857112845,100.16063896098476,10.187939675217436,60.295753016327744,100.82137331943255,529785200,22800,161660500
2011-06-08,10.00929069519043,59.746788024902344,99.82637023925781,10.086415173178427,61.47331512211627,100.42492757210695,9.961390175811694,59.72907624412495,99.63980367983042,9.995432905915148,60.322292553930225,100.09066396913009,333723600,42700,198696400
2011-06-09,9.98669719696045,59.93272018432617,100.58817291259766,10.052373276867755,60.55249739980487,101.0001637268942,9.964402935608998,59.75563615485724,99.85748050362922,10.039719777181796,59.835325656884514,100.0984549201447,275088800,32100,160964400
2011-06-10,9.818285942077637,59.53428649902344,99.18895721435547,9.991815579874473,60.27802591659437,100.22281880950717,9.806535864937532,58.52493116844257,98.92466346345145,9.958374599685714,59.89730369505492,100.16064181272776,433955200,18800,238629400
2011-06-13,9.839378356933594,58.77283477783203,99.2667007446289,9.890894976837895,60.02125170609615,99.686472615493,9.793284666145988,58.72856884201123,98.76143252888807,9.857453982853045,59.90615216688499,99.41439781543987,329473200,14400,207599800
2011-06-14,10.015316009521484,60.25147247314453,100.5259780883789,10.039718782835665,60.25147247314453,100.87577998133287,9.921019329993722,59.10044977549064,100.1373066825834,9.941806818041407,59.330655666034595,100.17616433411496,334569200,21700,160570400
2011-06-15,9.843892097473145,58.976478576660156,98.73810577392578,9.950841432283898,60.14520599010655,100.51045280507248,9.7875543246806,58.702006812575235,98.47381199923984,9.934271783039877,59.81760564695763,99.68647111851458,399196000,24900,300958000
2011-06-16,9.795992851257324,60.88896560668945,98.95576477050781,9.902038798316998,61.03948876669161,99.47658314924631,9.590228108150521,58.58692655774374,98.19396603258005,9.848413679519151,58.94108797028933,98.76919818326651,510591200,52500,308032800
2011-06-17,9.648370742797852,60.61447525024414,99.25104522705078,9.91921058283795,61.933719186034075,99.94630982801313,9.621256912986638,60.53479250311245,98.91513040051386,9.911377466268053,61.110297023681426,99.93849619203098,615020000,34000,233284900
2011-06-20,9.499543190002441,60.986328125,99.75881958007812,9.571244707234635,61.5087174539589,99.96974603384459,9.354332513701832,60.667583696667265,98.88388306092251,9.561001403496036,60.871228597293445,98.91513164518636,640645600,9900,159479000
2011-06-21,9.800213813781738,61.85401916503906,101.12591552734375,9.815276701689664,61.933701889917906,101.32121471218609,9.495934467982666,61.02174134485665,99.79788345443905,9.540522192950446,61.48215293881153,100.27441394225902,493382400,17000,193157300
2011-06-22,9.719170570373535,61.66809844970703,100.51658630371094,9.908668149879182,61.93371434109917,101.40715013884304,9.71224087149148,60.65874320127499,100.45408913210841,9.795993369856001,61.7123643874068,100.81344488879385,390583200,45300,176703000
2011-06-23,9.978860855102539,60.46395492553711,100.22755432128906,9.99271864105142,61.296232923561845,100.49315837907872,9.583900279583489,59.401471081344226,98.57922855541476,9.60860311443385,61.00404935977895,99.3369904239045,559759200,16300,334286500
2011-06-24,9.831846237182617,60.06550979614258,99.0635757446289,10.036707607355275,60.59675499711459,100.28224098619064,9.793886540445213,59.6228099653748,98.91515238832284,9.983082476494031,60.59675499711459,100.20412844923739,439807200,59900,226129300
2011-06-27,10.003262519836426,59.67594528198242,99.94631958007812,10.059298622775996,59.97697795849127,100.32909837968296,9.858956039685353,59.32178402633477,98.9307613653941,9.869199345340709,59.82646162023684,99.12606056359807,339813600,37700,168904700
2011-06-28,10.100271224975586,59.808753967285156,101.25090026855469,10.143653836939702,59.941558521632174,101.26652753949325,10.045441015921897,59.401464150408295,100.2040995978574,10.051767361917147,59.87073167766837,100.3447092759592,294299600,21800,165556300
2011-06-29,10.063519477844238,59.83531188964844,102.1180419921875,10.133714258868372,60.19832224517255,102.28208663744009,9.99844514448237,59.277505768995674,101.2665403798511,10.123772626156624,59.76447829415865,101.71181633708191,352545200,20100,244295500
2011-06-30,10.112625122070312,59.90614318847656,103.0945816040039,10.126484520746171,60.20717582517209,103.25862631872275,10.027367455964692,59.65822561376688,102.1102775553258,10.083402771425977,60.17175902878499,102.44618658459311,322954800,23000,223322700
2011-07-01,10.341287612915039,59.613983154296875,104.61785125732422,10.348517379413595,61.48217768006975,104.7584728491813,10.068339190160511,59.32179953536954,102.94609094595856,10.121060896764423,59.8618940715446,103.18825999403592,435313200,17000,202385700
2011-07-05,10.527168273925781,59.91500473022461,104.53192901611328,10.539219224573971,59.91500473022461,104.74285546374718,10.318390782996586,59.2509548593279,104.20382783096929,10.333453666837487,59.534282534041246,104.50849406861127,355054000,24500,165936000
2011-07-06,10.59736156463623,61.119144439697266,104.65689849853516,10.667858811575808,61.90714968682295,104.78970047621773,10.445221954143275,59.55198983447656,103.98506901606791,10.512705659373935,59.83531748788057,104.28192750742478,444626000,67600,143331600
2011-07-07,10.761249542236328,61.5883674621582,105.74278259277344,10.785350631854085,61.889406709005655,106.0083866019179,10.66484357482711,61.09254606153881,105.36781152573916,10.685029313359395,61.685761916574144,105.58654564151875,399663600,29700,170464200
2011-07-08,10.836873054504395,60.6321907043457,104.99283599853516,10.845610398046524,61.34050660144799,105.7427901060047,10.610621631079368,59.90616302565323,104.20383159056382,10.644966044162933,61.15457342514368,104.54756005981585,489633200,32700,194100500
2011-07-11,10.664848327636719,60.003543853759766,103.0945816040039,10.838680500564939,60.86238277463516,104.03982341389887,10.629298822485003,59.55199480149583,102.85241241171877,10.735345594788905,60.23374970230871,103.70391438463156,442674400,16400,195918600
2011-07-12,10.657315254211426,59.56086349487305,102.64923858642578,10.775713018985181,61.004070023279766,103.72729381508772,10.502764640455625,59.55201435726252,102.61799596419752,10.65068642742878,60.2160644516631,102.87579229801301,451609200,15500,214675700
2011-07-13,10.785954475402832,59.67594528198242,102.99297332763672,10.845605057049047,60.17176698685068,104.07102862220188,10.736545590272254,59.09157819690418,102.74299657418331,10.795292753083572,59.63167259187743,103.18827250881932,391638800,17800,204062600
2011-07-14,10.778425216674805,58.241607666015625,102.28204345703125,10.894111932205117,59.74679163498082,103.72726162903653,10.735344273800223,58.223902639233565,102.08674434838791,10.876035505808495,59.72022396220943,103.25073132714235,430533600,10900,226111800
2011-07-15,10.993831634521484,57.99367904663086,102.87580871582031,10.99624182490479,58.48065157271193,103.01641841846012,10.820603625303182,57.577540116173125,102.15710908872119,10.880856775946988,58.436378886681474,102.85237376538035,484467200,16000,220012800
2011-07-18,11.261357307434082,56.78069305419922,102.03211212158203,11.286964373942894,57.77234337225915,102.55551253484,11.004677658985495,56.630176692682525,101.26654261324676,11.009196363788359,57.71922153997447,102.3992755625434,572653200,16200,196872100
2011-07-19,11.353239059448242,56.97548294067383,103.68824768066406,11.407466712288787,57.08173336185244,103.81324202919599,11.246891462799347,56.16091664350018,102.57894965770674,11.38788432554768,56.957777914676676,102.60238460804185,819145600,23000,166554900
2011-07-20,11.656009674072266,56.47966384887695,103.62571716308594,11.93829703218153,57.550996982089515,104.01631543647882,11.628895851810832,56.461955444501605,103.44604529495695,11.93377832996095,56.93121971661632,103.95383020243568,941340400,35100,137145400
2011-07-21,11.667765617370605,57.60411834716797,105.06314086914062,11.751215639312397,57.63067926474765,105.32093719189366,11.565635816482013,56.47080749666505,103.64135725640234,11.657522308786213,56.47080749666505,104.21162746849038,526534400,19800,245246300
2011-07-22,11.848827362060547,57.39161682128906,105.13346099853516,11.901549069974893,58.15306121696549,105.242828067722,11.681624024382915,56.81610557966414,104.49287393607182,11.698796228623936,57.683800386969125,105.08659110032886,516728800,13800,126019400
2011-07-25,12.005484580993652,56.70986557006836,104.54753875732422,12.05067403443282,57.125997843479276,105.0631313561457,11.737959123002417,56.22289292928475,104.0241384840165,11.759950899988986,56.72757059561273,104.13350552739254,589806000,26000,136653800
2011-07-26,12.153407096862793,56.29371643066406,104.1569595336914,12.186245535248611,57.02859982746672,104.64911727901475,12.041034797354634,56.10777992051891,103.92259813496048,12.05067475343443,57.02859982746672,104.47725304795313,476582400,10300,131278200
2011-07-27,11.827431678771973,55.8244514465332,102.02430725097656,12.130204863060712,56.53277054418514,103.61013580763019,11.81417563799573,55.78903464726764,101.89149330474892,12.068444970693134,56.36454581397152,103.57888126024112,659324400,15300,249020100
2011-07-28,11.804241180419922,57.010887145996094,101.72744750976562,11.959996134047227,57.04630394522707,102.93830492498273,11.693073950202288,55.65622666196403,101.5633909381072,11.798216508149014,55.78903459278238,102.02430610604412,594034000,12200,207939900
2011-07-29,11.763867378234863,57.12599182128906,101.03216552734375,11.904559397688464,57.43588715369968,101.98522640671074,11.568646823589576,56.24059540350944,99.96973759231734,11.67830805038511,56.585900783275896,100.70406436036554,632584400,28900,307038400
2011-08-01,11.95276165008545,57.51559066772461,100.60252380371094,12.03560910693295,58.22391346184902,102.30553904061702,11.8208061749458,57.34736248423003,99.62602779542821,11.983791636350517,58.22391346184902,102.21178731814213,612836000,22000,325790900
2011-08-02,11.716569900512695,55.95726013183594,98.03238677978516,11.987408986268129,58.35669581785266,100.38379086497174,11.699699373859206,55.92184333423065,98.03238677978516,11.979877544251536,57.435879345305445,99.84476315466479,639539600,25800,346653800
2011-08-03,11.826830863952637,58.98848342895508,98.56359100341797,11.856354881901057,59.21960355498672,98.67295806993373,11.515622776232533,56.295068252065725,96.50123209189483,11.778928748183194,56.4995185845113,98.16518495827832,732508000,32000,370830800
2011-08-04,11.368908882141113,56.62396240234375,93.94670104980469,11.789175767565945,58.89069802551391,97.35271856719721,11.368306334555031,56.615071341447766,93.79045815998215,11.731634484268602,58.89069802551391,97.19647567737468,871407600,28700,520721800
2011-08-05,11.255931854248047,57.37956237792969,93.80609130859375,11.553584694346362,58.22403033414028,95.36067090941114,10.923032800286377,56.632868996677644,91.29063724532655,11.46139653380791,56.89065559366379,95.11850186507851,1204590800,23500,655619200
2011-08-08,10.641046524047852,53.46830749511719,87.69715118408203,11.079690635734687,57.17508619329089,93.83735828114314,10.635321920696484,53.459416434734614,87.509659667794,10.89652022234566,56.41061776579664,91.32971736135993,1143833600,46400,702263900
2011-08-09,11.267683029174805,57.21065139770508,91.77497100830078,11.285759456321053,57.21065139770508,91.89995935392787,10.69497403170003,53.53942627123907,86.14253877960556,10.884772494388693,54.819464472987804,89.11108797896975,1082583600,47100,717828700
2011-08-10,10.956770896911621,54.65055847167969,87.72058868408203,11.286958776001457,57.326194296263566,90.83756222228149,10.920920538898164,54.32166048189463,87.45497867498055,11.181515410829125,57.17508019507295,90.04074411509418,878656800,41100,662607400
2011-08-11,11.258339881896973,54.686119079589844,91.6578140258789,11.311061568680119,55.99282683648761,92.8999139693363,10.987801751174143,53.72608806041292,87.74401672846571,11.162536461527738,55.99282683648761,88.47834356400388,741969200,44600,487979700
2011-08-12,11.357460021972656,54.063873291015625,92.27495574951172,11.437294752625219,55.406138410580795,93.12645728614623,11.274310073260468,52.25937481460142,91.61874742654929,11.3899959790713,55.29057837589574,92.49368987047993,528976000,72100,313731600
2011-08-15,11.550869941711426,54.0816650390625,94.22795867919922,11.597867831505141,54.89946636524042,94.32169847928698,11.390595561204384,53.00607718534947,92.962417737488,11.436990903635754,54.57945936213584,93.11084703437162,460544000,31900,258810600
2011-08-16,11.462602615356445,53.228309631347656,93.42330932617188,11.54966953787362,53.91277559746381,94.2826304534931,11.329442812072157,53.228309631347656,92.4233785162611,11.493935090923982,53.65498905354735,93.32956953777884,498750000,21000,294095200
2011-08-17,11.461396217346191,53.80610275268555,93.48580169677734,11.584312688711188,54.072780356428055,94.68103161794548,11.387887031737993,53.33497819704787,92.74366726312813,11.51773320154491,53.343865868064206,93.93889718429627,442061200,20400,238201100
2011-08-18,11.027868270874023,52.748291015625,89.45484924316406,11.226705649703547,53.57498340888232,93.51707031025059,10.886875429267898,52.47272575422376,88.57990666191922,11.17217552465973,53.334975611716025,91.00942924121472,851435200,32500,512956300
2011-08-19,10.726004600524902,51.681602478027344,87.9939956665039,11.056495098473562,53.699443250553564,90.52507130152578,10.725101181421563,51.65493606931178,87.88462860548837,10.910982678694113,52.579410002186265,88.24397837169053,775888400,36100,428281300
2011-08-22,10.73835563659668,51.70824432373047,88.0643310546875,10.992625860918446,52.926061737764094,90.01732334671848,10.697684886068917,51.58379662091141,87.81434827970992,10.981478329664723,52.926061737764094,89.97044747886929,535315200,44800,275090600
2011-08-23,11.255330085754395,52.58826446533203,90.96255493164062,11.256535180777513,52.66826703190437,91.06410836737629,10.755226913730255,51.583788549689324,87.94713488532145,10.854644839729662,52.02824649932565,88.39241681132928,656835200,22800,331136600
2011-08-24,11.333056449890137,52.58826446533203,92.24372100830078,11.416808135741746,53.09494625664183,92.3687093990132,11.164948921771709,51.90379881597868,90.55633303324298,11.251412473503038,52.64160064002861,90.76725951015455,626267600,15700,246869700
2011-08-25,11.25894546508789,51.77936935424805,90.83753204345703,11.311064618570192,53.03274107765723,93.27486737578919,10.996240379133603,51.77936935424805,90.51724456366343,10.99865056920002,52.721621759804194,92.75146712828709,871346000,35500,312365400
2011-08-26,11.55599594116211,52.650508880615234,92.15777587890625,11.562623159940983,52.74829021029527,92.57962281314906,11.170976089889022,51.64603257246533,88.93924332138221,11.182122817662762,51.64603257246533,90.37664835214187,641477200,9200,314495900
2011-08-29,11.748502731323242,50.748226165771484,94.80601501464844,11.79459721047493,52.57050370376326,94.86069853545554,11.689153816789812,50.66822357186228,92.22806398218403,11.69457593954248,52.31271719106178,93.3998588223848,405269200,114300,190977200
2011-08-30,11.74910831451416,50.179298400878906,95.0560302734375,11.804842763102835,51.02376910274465,95.64192789446211,11.635229226837657,49.779285606211474,93.16553538001216,11.696687475627087,50.801540149145495,94.39201416162135,417922400,175700,241315700
2011-08-31,11.593655586242676,49.77930450439453,95.47784423828125,11.812073881285556,51.246017511348846,96.48558851294827,11.504179270994213,49.46818520762047,94.75914483559147,11.766582740212854,50.828225834869954,95.66532974331842,522586400,51700,301828400
2011-09-01,11.479170799255371,50.16154098510742,94.47795104980469,11.669270106986692,50.60599908110097,96.39969462838593,11.46983171543346,49.397072517447135,94.35295669019334,11.623478106873778,49.761528020524,95.53256562877428,343725200,31800,254585900
2011-09-02,11.268887519836426,48.899261474609375,92.06404876708984,11.387887843189663,49.76151097050302,94.42326662213053,11.2020063519217,48.437028197185874,91.73594751627515,11.289674203235498,49.699287129659666,92.50933073892666,438939200,41300,255517200
2011-09-06,11.4403076171875,48.48149108886719,91.39220428466797,11.4580815612476,48.677050349956424,91.52501225915435,11.040826680302738,47.55701741317647,89.35328033116794,11.067639641084993,48.00147551984167,89.36109396732786,509698000,34300,285130500
2011-09-07,11.566539764404297,49.13927459716797,93.97015380859375,11.61685127807747,49.1570533237928,94.00921006841124,11.508394328119204,48.56148124111515,92.46244390629387,11.615646182978615,49.14816565595307,92.77492378512362,350576800,22700,209803200
2011-09-08,11.572866439819336,49.13040542602539,92.99366760253906,11.70753300529484,50.223772092994686,94.47794271160329,11.51773454418637,48.89039761264969,92.78274112932512,11.520445606001042,49.06818155488502,93.4077009521075,416158400,58600,250568200
2011-09-09,11.372222900390625,49.20151138305664,90.55633544921875,11.628901727375023,49.583745628640514,93.00929302798725,11.298110354350731,48.44593395301202,90.05636995291299,11.56654006555896,48.819277137472774,91.931243544089,564813200,33000,380195100
2011-09-12,11.446335792541504,49.299293518066406,91.14220428466797,11.474653922009724,49.56596771004605,91.212515076658,11.204116473833357,48.56149480722449,89.09547304319018,11.237256593245968,48.86372646238712,89.42357417899177,467832400,24800,305793500
2011-09-13,11.587323188781738,48.783714294433594,91.9781265258789,11.635223690988438,49.59262777293428,92.32185508848842,11.455668606578365,48.2236962274883,90.79070979332015,11.512608123325725,49.31706257375105,91.43910468731183,440560400,27800,272514700
2011-09-14,11.72831916809082,49.450401306152344,93.25146484375,11.81598782394823,49.77929929848109,94.36857651432395,11.621670666966576,48.694820621518716,91.18129211659509,11.659630357500246,49.21039356333547,92.4468271274149,534724400,32600,319389500
2011-09-15,11.838583946228027,49.88597106933594,94.8607406616211,11.859673111885332,49.912640858439346,94.89198925311027,11.746396578334338,49.43262534592823,93.27491189391681,11.792490262281182,49.912640858439346,94.25140802773072,417818800,21500,326777200
2011-09-16,12.065733909606934,49.31707763671875,95.42214965820312,12.065733909606934,50.75712114346644,95.77551046580957,11.900941634464212,49.31707763671875,94.47986615303742,11.916306189607837,50.1082126287533,95.24154821531103,698513200,46500,284528300
2011-09-19,12.401046752929688,48.92595672607422,94.47201538085938,12.449249747533633,49.66375553340627,94.95886527031055,11.906066460470328,48.214824324143706,93.2234893935194,11.960293321019872,48.93484439755914,93.85953048209693,823860800,19100,241517000
2011-09-20,12.455876350402832,48.68595504760742,94.3620834350586,12.739368877875114,49.59265024607682,95.7912168766131,12.387790100909742,48.68595504760742,94.23644842450388,12.510104009241731,49.09485580644248,94.8724895193765,775754000,21400,218932200
2011-09-21,12.416409492492676,48.19703674316406,91.58232879638672,12.701106282622717,49.699303878419826,94.69972539827883,12.412191660965009,48.01036176677916,91.43313761270302,12.642359121619602,48.819275361293215,94.40919109944234,605976000,16400,316251300
2011-09-22,12.105504035949707,49.672637939453125,88.62200164794922,12.346518204263212,49.96597852059018,89.6820722340849,11.951255901413425,47.87702681815561,87.39703172538294,12.081704616884616,48.00147454293777,88.92824412859079,968480800,50500,513911300
2011-09-23,12.180219650268555,49.42373275756836,89.15596771240234,12.253728838044813,50.410430150236245,89.64281767197733,12.046155644033593,48.890384465235,87.96240200211963,12.05911001335115,49.51262640025442,88.03307657263714,546277200,18600,307242500
2011-09-26,12.146175384521484,50.08154296875,91.27611541748047,12.17057815513257,50.26821457229867,91.4017564446511,11.78857190345039,48.14370522185865,88.71624239326516,12.04645578813992,49.503746034779596,89.99617890537282,812876400,16900,260673700
2011-09-27,12.028377532958984,49.397071838378906,92.29691314697266,12.329342289659232,50.614886055194845,93.88309192245408,11.992225496688544,49.1392853324194,91.74724272667845,12.31367686314119,50.614886055194845,93.07429740880956,632497600,24100,311753900
2011-09-28,11.96059799194336,49.06817626953125,90.41233825683594,12.163350029877003,49.77042090069822,93.04288538908953,11.945533497504774,48.89039234644582,90.27884918235964,12.056399842269524,49.77042090069822,92.48536690960657,429637600,34600,286696800
2011-09-29,11.766580581665039,49.60150909423828,91.12692260742188,12.117255206496472,49.859295532330435,92.36759477931872,11.635227630886776,48.12590875994366,89.4622149716182,12.10851866937013,49.734847842477734,91.91216104095108,651086800,20200,298108900
2011-09-30,11.487909317016602,49.299293518066406,88.84971618652344,11.715969155797247,50.34821494533985,90.65576070929389,11.483691483876477,48.97928313131229,88.78689568375937,11.662644096188956,49.14817938595826,89.87052239742164,547640800,18900,288392300
2011-10-03,11.285454750061035,46.29475402832031,86.32124328613281,11.527673999232817,50.09931400840293,89.47789849646882,11.242374618365746,46.22363910972821,86.22701253698376,11.459286874523944,49.04150163549412,88.33145134083863,669099200,32500,365136800
2011-10-04,11.222185134887695,46.63254928588867,88.21368408203125,11.502363171227506,47.52146560498352,88.40214562237391,10.672073169957798,44.67693270569067,84.35816643031983,11.284547568746554,46.29476352611422,85.08058436228497,1233677200,75400,459177500
2011-10-05,11.39542293548584,46.65031433105469,89.84696960449219,11.442720917953146,47.07699363211043,90.08254350332008,10.8546480487917,45.325831303163135,87.61689559006537,11.08240624867968,46.86365567705539,88.43354418420414,786469600,18100,284108000
2011-10-06,11.368908882141113,47.36145782470703,91.47239685058594,11.592147533733469,47.477017889379916,91.60589189855416,11.20110299952952,45.91252674473597,89.1323903538798,11.247196683160706,46.82810941858776,89.79984163015267,812582400,20200,257800800
2011-10-07,11.140847206115723,46.3747444152832,90.85992431640625,11.380052909740584,47.788120939808685,92.06919203517843,11.101381555296715,46.02806773037144,90.34951821568724,11.321004869255544,47.75256687821297,92.00637153243609,535458000,20700,312657900
2011-10-10,11.713558197021484,47.885921478271484,93.89881134033203,11.713558197021484,47.90370021168508,93.93806966664484,11.394215212796599,46.39254178099617,92.39900308827048,11.420727306901853,47.11256522498677,92.40685714989051,442514800,21200,230666300
2011-10-11,12.059407234191895,48.25926971435547,93.99303436279297,12.146474116911774,48.34815999345387,94.26001853485053,11.794594519918626,47.39701976512443,93.24706027693492,11.82682959545832,47.44146490467364,93.34129104193646,605687600,14200,209088000
2011-10-12,12.116652488708496,50.29487228393555,94.81755065917969,12.329346136809669,50.58821282033579,95.90903171544652,12.05489257321103,48.43703758358176,94.48775192078851,12.271804858517251,48.65926659849994,94.69976368378443,622286000,21800,281544900
2011-10-13,12.30463981628418,49.69041061401367,94.62908172607422,12.30463981628418,50.22375890977457,94.91176803073368,12.136532319818949,48.90816350807803,93.5376008239866,12.20070160283036,50.22375890977457,94.26001871771918,426185200,20800,212538800
2011-10-14,12.713461875915527,50.979331970214844,96.24667358398438,12.713461875915527,51.32601206355014,96.27022977820884,12.510708261650109,49.82374183193365,95.19445696933312,12.557706966795504,50.29486962449139,95.72841933836482,573367200,21000,211397600
2011-10-17,12.652910232543945,49.059268951416016,94.40921783447266,12.855060545545681,50.97932722440038,96.23097072850132,12.530896343983697,48.330358160159136,94.1736439122103,12.705631945477844,50.97932722440038,95.79123313967116,686044800,36700,202311600
2011-10-18,12.72068977355957,50.748226165771484,96.2544937133789,12.798115909475882,50.97934288653909,96.97691137242835,12.53239813145697,49.325961597325765,93.6003849363839,12.70622863563831,49.485963394197974,94.33851071330795,881602400,29400,318857900
2011-10-19,12.009099960327148,49.82374572753906,95.11595916748047,12.304340996624228,50.97933595617322,96.64717818827229,11.984395512699901,49.67263162122382,94.78616035964065,12.091345683327544,50.91711210169686,96.09750751764355,1104059600,11700,226601300
2011-10-20,11.909380912780762,49.459285736083984,95.5321044921875,12.061219682993304,50.56154306896101,95.8776053066858,11.876242405271302,49.459285736083984,94.08726275309859,12.050675502721742,50.223754039232425,95.35149702821634,549270400,5400,262075600
2011-10-21,11.835872650146484,50.55266571044922,97.34599304199219,12.024767708666417,50.757116039104154,97.46377998521001,11.7720042114457,49.82375466361117,96.36444516666499,11.993436036935268,50.5615567717952,96.65497950359045,621244400,12300,278999400
2011-10-24,12.224505424499512,51.379356384277344,98.5395736694336,12.24649720158844,51.38824744532877,98.78300166831555,11.912092187598818,50.01931566478544,97.4166824205856,11.93559073567533,50.66822409274387,97.50305913133498,502138000,48200,203215600
2011-10-25,11.983489036560059,49.352630615234375,96.62358856201172,12.248001709414485,50.99712432163307,98.11553674544264,11.971740569161955,49.352630615234375,96.41157083681688,12.202208912256017,50.99712432163307,98.06842435801873,430427200,15300,268596800
2011-10-26,12.068751335144043,50.03710174560547,97.60513305664062,12.127498513794125,50.79267928053982,97.97419006298955,11.844306800295671,49.37930215997519,95.96398172673412,12.103697483646762,49.86820547028252,97.64439138111516,456304800,13200,289053800
2011-10-27,12.191970825195312,51.95713806152344,101.00520324707031,12.321817832111133,52.25936962077688,101.62553621294683,12.107616567919157,50.74821182450967,99.41901857510557,12.278434401473328,51.37045366896619,100.219958980403,494664800,27700,393220200
2011-10-28,12.199798583984375,50.33042907714844,100.98165893554688,12.24197609632426,51.98381358030558,101.17796852758194,12.126289412198355,50.13486983926405,100.35346584467737,12.141051420846944,51.67269429893551,100.5105111219481,322842800,21500,225906500
2011-10-31,12.194676399230957,49.88597106933594,98.54741668701172,12.331753102716869,50.828223365271185,100.99735659836564,12.082303332085793,49.7259658984989,98.40607353898027,12.123577422423764,50.18820268192303,99.85091527340101,385501200,29500,228146700
2011-11-01,11.94553279876709,48.97039794921875,95.79910278320312,12.035611648340069,49.77931162752822,96.98481466723263,11.846416540210669,48.552606212956256,95.42218564445588,11.972647439125545,49.041509488251606,95.82265898108209,531790000,37800,416565800
2011-11-02,11.972647666931152,50.1348762512207,97.36170959472656,12.06393161336805,50.50821943661318,97.68366022115472,11.903355500277154,48.98817351160731,96.41942589118395,12.053387433040491,48.98817351160731,97.23607456333794,327350800,17600,244717600
2011-11-03,12.143163681030273,51.42953872680664,99.13633728027344,12.153105313023683,51.7777624322376,99.33264685904625,11.910886837661321,49.599147790256566,97.05545454710297,12.0226565886434,50.367019940722415,98.36680109549111,441386400,16000,291174800
2011-11-04,12.057907104492188,51.1348876953125,98.5317153930664,12.154312310812108,51.402749179041386,98.70446280577931,12.025370337303347,50.27772958496264,97.37741400614524,12.111833910073514,51.242031607595344,98.33540579640345,302229200,13700,249401600
2011-11-07,12.042540550231934,50.179508209228516,99.1441879272461,12.050675344578986,51.20631103494817,99.24626674797184,11.934085206611265,49.97414764408458,97.52659298004622,12.04796428277622,51.12595225675766,98.46102845991706,270275600,13100,196617200
2011-11-08,12.238365173339844,51.340248107910156,100.41629791259766,12.291690233502672,51.60810959074272,100.5262368149751,12.09767392938642,50.224155757738195,98.71233179371521,12.11725632407736,50.44737422777259,99.66246966633022,400442000,11200,224426300
2011-11-09,11.908474922180176,49.108070373535156,96.70997619628906,12.077485859458253,50.465239272583595,98.78300534974359,11.876842388196115,49.09021248467404,96.47440225075793,11.959388974297802,50.2420207708857,98.06843544162163,558684000,24700,337982000
2011-11-10,11.605402946472168,48.447330474853516,97.6208267211914,11.966621757661633,50.00985961148542,98.10767663141762,11.512913908235936,47.99196633940838,96.60001451909845,11.961198829683218,50.00985961148542,97.98988968642337,744752400,25300,231866500
2011-11-11,11.587323188781738,48.66163635253906,99.45829772949219,11.710239627878964,49.393792810497395,99.71742184609397,11.455970282481957,48.215199321781824,98.77513817088469,11.647274637750549,49.393792810497395,98.8065484255108,653786000,23200,189924400
2011-11-14,11.425848960876465,48.4651985168457,98.51600646972656,11.6063083513017,48.89377761827618,100.07862916901307,11.393914741778298,48.16162122757695,98.09197702547372,11.55418838488362,48.89377761827618,99.08923312331652,432905200,16600,159258300
2011-11-15,11.71415901184082,49.188419342041016,99.00286102294922,11.734343145140478,49.26877812283751,99.52896932436411,11.431570687545475,48.34018852386539,97.93493629688376,11.472241434580049,48.384831534076035,98.28829118806841,430810800,17100,184709400
2011-11-16,11.59184741973877,48.54555130004883,97.432373046875,11.783754413865976,49.3044961322657,99.20700735235916,11.578289695931174,48.50983893388468,97.29102990838668,11.726814869964128,48.64376797059813,98.00559367065492,349210400,13600,235782500
2011-11-17,11.370110511779785,48.93842697143555,95.88545989990234,11.586118526501355,49.24200427887579,97.49520098934214,11.31256844155147,48.58127599584322,95.19445227617886,11.568042104428459,48.75985148363939,97.25177301560505,479900400,14900,331219600
2011-11-18,11.295697212219238,49.62592697143555,95.78337860107422,11.447836812540642,50.17950776852883,96.38800950740871,11.293889569996276,49.02769975992823,95.38290535662794,11.415601732934899,49.03662699918511,96.19169991574392,371938000,12100,215580400
2011-11-21,11.11705207824707,48.670562744140625,93.96162414550781,11.197490181763863,49.24200499460302,94.50343453498154,11.023658797470434,48.49199065979307,93.1685317319506,11.158927130526417,49.24200499460302,94.38564758391571,447980400,14300,229611600
2011-11-22,11.342996597290039,47.98303985595703,93.59256744384766,11.38577665806962,48.875913662382374,94.30713127739877,11.175190767094577,47.53660295274436,93.06645315922283,11.177600956686055,48.822340007821275,93.75746679005177,409021200,9400,216494900
2011-11-23,11.056196212768555,46.2330207824707,91.52739715576172,11.322817541254649,48.20627517365265,93.59257823394222,11.05288179812463,46.00980225276616,91.52739715576172,11.282748520724407,47.70626444093847,92.71310896190121,428271200,18400,224329100
2011-11-25,10.95315933227539,46.05445098876953,91.3546142578125,11.181519207570656,47.125897260146346,92.42253874689547,10.94562708615616,46.0098045557583,91.2446813831327,11.099273483524328,46.40267136757146,91.38602450641993,254760800,5300,99557000
2011-11-28,11.33125114440918,48.20627212524414,94.00086975097656,11.349327573721185,48.30448541102611,94.3699326853012,11.15681802613049,46.97410496550088,93.30200819100146,11.217673729208606,47.536616578477364,93.86738068691218,346413200,21300,210686000
2011-11-29,11.243277549743652,48.224117279052734,94.26787567138672,11.412891030213085,48.491982170769916,95.0138497815788,11.152897849165015,47.40267493551457,93.92236884600406,11.322812201113138,48.07233035272034,94.26787567138672,375855200,6100,199241500
2011-11-30,11.514418601989746,50.000946044921875,98.14695739746094,11.516828791935934,50.000946044921875,98.32756488654049,11.396924255520918,48.465201612179435,94.22861900143499,11.487003898055772,49.39379142760715,96.969099659943,405938400,34300,324439500
2011-12-01,11.687044143676758,47.96520233154297,98.13123321533203,11.719279225591414,49.5545172916843,98.65734144873522,11.470734435650245,47.83126984130972,97.7072038061899,11.52466122579417,49.51880150681614,98.03700246078058,387181200,23400,176954800
2011-12-02,11.740370750427246,48.92055130004883,98.04485321044922,11.858768532710453,49.09912672293508,99.33264352469959,11.706628890856637,48.152679365867975,97.98203270953634,11.74428690741148,48.34911267164714,99.03425513170251,379055600,8700,221109700
2011-12-05,11.840089797973633,47.7866096496582,99.11277770996094,11.942521278375432,49.1705634587979,99.86660574783848,11.761158477831144,47.45624727339625,98.50029280361622,11.85455093999819,49.125920446769555,99.59962161454636,357210000,25700,225263900
2011-12-06,11.77802848815918,49.61701583862305,99.1441879272461,11.88889562987011,49.697374647709886,99.81163927391411,11.73073051603913,48.41163710836507,98.7515687832187,11.825026393204343,48.50985380903171,99.10492361648627,283598000,21400,178842100
2011-12-07,11.721991539001465,48.804500579833984,99.51325225830078,11.77772597362625,49.45629829629589,99.92942759818628,11.651795965004915,48.38484864217643,98.13123117474916,11.747297728432793,49.23307976027286,98.81438466063939,304746400,27100,237802500
2011-12-08,11.76928997039795,47.52767562866211,97.33028411865234,11.915103236991248,48.54555129415206,99.08136814979216,11.756335602318062,47.322315047558305,97.09471622505163,11.793090192694631,48.48305039581802,98.86150238607439,376356400,25000,240862800
2011-12-09,11.858464241027832,49.143798828125,98.97930145263672,11.871117737251806,49.456303448696424,99.23057749779281,11.780436358819683,47.75091379205327,97.68365691100018,11.835267371321029,47.893773533749474,97.77003361316885,296993200,15100,209111400
2011-12-12,11.804841041564941,48.64375686645508,97.53445434570312,11.866901828928635,49.072335816982644,98.13123716677372,11.7328386220768,48.23303579795484,96.70995767602646,11.800020661269611,49.072335816982644,98.11552904493617,301067200,16700,215826100
2011-12-13,11.713558197021484,47.96520233154297,96.62358856201172,11.912094008901855,49.48308572194798,98.60238671543297,11.662041584498356,47.96520233154297,96.15244072419814,11.839789102175127,48.74200191917955,98.04486816430678,338928800,29600,245159800
2011-12-14,11.453865051269531,48.21519088745117,95.59494018554688,11.670476472024877,48.89377355683758,96.60789864228295,11.378247344529798,47.71518027429449,95.38292841129734,11.649989855219722,47.71518027429449,96.2388355622053,406887600,20900,238618800
2011-12-15,11.416206359863281,48.35805892944336,95.94043731689453,11.560814546164718,48.616993224165924,96.74137792708545,11.397226515299485,47.59018669325602,95.79124008924465,11.548462724292445,48.616993224165924,96.60788882386933,256200000,15900,199109200
2011-12-16,11.478869438171387,48.31340789794922,96.08267974853516,11.573166111381763,48.74198696675921,97.15737756116681,11.435185950831801,47.57232091647691,95.85352165263973,11.458986175007077,48.447336941052775,96.58842521526446,421478400,32400,220481400
2011-12-19,11.514723777770996,48.24198532104492,95.05536651611328,11.59425846123054,49.78665706651161,96.65950880994228,11.4626038065779,48.21520018865207,94.8499080560064,11.522556897476917,48.545562643659686,96.4540503498354,235530400,15300,183903000
2011-12-20,11.92866325378418,49.24201202392578,97.9317626953125,11.93318276311746,49.4205841337646,98.09770782930885,11.666862349395213,48.42949666239836,95.11858723137655,11.681925235254296,48.750928503735025,96.54888054978862,337215200,18700,225418100
2011-12-21,11.943724632263184,49.76879119873047,98.12141418457031,11.969332498630251,49.91165088222341,98.27155760507627,11.809961501445637,48.68841122339383,96.99930553891471,11.950954397752026,49.233064831099284,97.9317634626439,262948000,39300,194230900
2011-12-22,12.00699234008789,50.5813102722168,98.99063873291016,12.02446622014938,50.5813102722168,99.0933709651515,11.933182271691326,49.67057844093205,98.16881704830071,11.960295304227232,49.706290810086195,98.48489952904886,202358800,23700,119465400
2011-12-23,12.150994300842285,50.75988006591797,99.87572479248047,12.15882741710858,50.88488527351999,99.90733425881443,12.035307612470678,50.44737556202201,99.10131396841084,12.041333086521673,50.66166679758184,99.3067664562477,269399200,10400,92187200
2011-12-27,12.247400283813477,50.661678314208984,99.95472717285156,12.324524747838463,50.82239251985854,100.21550070077222,12.14165521838433,50.563461617502185,99.61493300798503,12.144066212633655,50.82239251985854,99.70185751729193,265076000,7300,86075700
2011-12-28,12.130210876464844,49.78664779663086,98.64295196533203,12.299221055566976,50.67059446749842,99.98632066553938,12.091046086497695,49.78664779663086,98.56393134100581,12.258249427249112,50.67059446749842,99.97051895222901,228662000,7600,119107100
2011-12-29,12.204919815063477,50.75096130371094,99.662353515625,12.220887722921738,50.75096130371094,99.76507974416968,12.066037068086683,50.00987420489347,98.66667657622811,12.153102349147495,50.00987420489347,98.96695741812759,215978000,9400,123507200
2011-12-30,12.201308250427246,52.27777099609375,99.17242431640625,12.239870487621236,53.40279412146984,99.82830713531261,12.155817118919042,51.14382062955167,99.17242431640625,12.156418861975705,51.93847792903894,99.58333529432886,179662000,36200,95599000
2012-01-03,12.388997077941895,52.32241439819336,100.75283813476562,12.427258442674104,52.849210187997585,101.44823413096806,12.321815041606417,51.875977403648896,100.6975230922393,12.333865991832202,52.849210187997585,100.95829659081521,302220800,37200,193697900
2012-01-04,12.45557689666748,51.492042541503906,100.91088104248047,12.492934843356881,52.42956297719792,100.99780554342846,12.330250228877125,51.46525741112775,100.12856656283606,12.35194113538874,52.1438435663721,100.51577186685778,260022000,18500,127186500
2012-01-05,12.593854904174805,51.59025192260742,101.17957305908203,12.609520330644402,52.11704765035833,101.32971650573707,12.432375433913949,51.268816779431475,99.9073268002329,12.501065026637551,51.55453955584398,100.36565498452494,271269600,8500,173895000
2012-01-06,12.725512504577637,50.652732849121094,100.91881561279297,12.736056684025895,51.95632784616839,101.32182878261007,12.62970986155222,50.652732849121094,100.58692525124448,12.64627951624786,51.57239182009997,101.30602103459954,318292800,17400,148050000
2012-01-09,12.705326080322266,51.018821716308594,101.16375732421875,12.886688841732576,51.35811480264506,101.29018309728573,12.693877678689796,50.71524440875367,100.68172364468617,12.818904264292357,51.35811480264506,101.14794958091967,394024400,12200,99530200
2012-01-10,12.750819206237793,51.47418212890625,102.04090118408203,12.833969159039405,51.965262096814065,102.45180605169242,12.698398373957813,51.29560666620059,101.89865560854358,12.831257292834932,51.733112973483614,102.24635361788722,258196400,12100,115282000
2012-01-11,12.730029106140137,51.16167449951172,102.09619140625,12.739067317518357,51.465251765970656,102.23052705644592,12.632418836662943,50.59023574054047,101.55884880546634,12.733945262169437,51.465251765970656,101.72478787897825,215084800,20700,111540700
2012-01-12,12.695080757141113,51.92955017089844,102.34117126464844,12.740571876014265,51.92955017089844,102.49131467613341,12.61554611473974,50.84917348023963,101.57465852226964,12.72189371236574,51.0902498618488,102.3885944928343,212587200,35800,118983700
2012-01-13,12.647482872009277,51.78669357299805,101.81170654296875,12.666764391375741,52.00991207977821,101.97765766476346,12.612837598601562,51.22418198221968,100.92666604745675,12.644170067572066,51.750977794462635,101.65366531988052,226021600,10400,179836200
2012-01-17,12.794800758361816,52.07240676879883,102.20686340332031,12.833664662048633,52.24205158751067,102.98128625664808,12.742379940890475,51.456324989856505,101.859165315341,12.779737073896163,52.24205158751067,102.79162946562899,242897200,12600,132209200
2012-01-18,12.92765998840332,52.197410583496094,103.33686065673828,12.938505037041983,52.47420273567758,103.39216967314937,12.843004090595764,51.4116839555734,102.00138966880986,12.862887350157605,51.58132878082047,102.18313651955425,276791200,22300,163395200
2012-01-19,12.88669204711914,52.25099182128906,103.88212585449219,12.995749945604478,52.48313758454457,103.9690503689073,12.849334900127191,52.00098816762246,103.36057876800143,12.958996150686175,52.40277878071683,103.69246908001091,261738400,10900,126328900
2012-01-20,12.662247657775879,52.67955780029297,104.26932525634766,12.879159971365983,52.67955780029297,104.26932525634766,12.645678000673973,50.45630038768927,103.45540119256557,12.878859099794584,50.66166437304257,103.70827689203578,413974400,21400,138230200
2012-01-23,12.876447677612305,52.938480377197266,104.00065612792969,12.90778015045164,53.304558443342074,104.50639548007796,12.722500397523486,52.492043545018596,103.50281461989503,12.733647125048952,52.67954619708338,103.92162945568451,306062400,12100,129295800
2012-01-24,12.665562629699707,53.777809143066406,103.88212585449219,12.806857235350126,53.83138281774165,103.91372928801722,12.639653885701703,52.81350684122376,103.2025374848222,12.806857235350126,52.96529381040348,103.36057876800143,547638000,15800,103083300
2012-01-25,13.456387519836426,53.661712646484375,104.75133514404297,13.691073777925387,54.036721404045096,104.99630088598737,13.368116307079784,53.233133642160084,103.32104196086493,13.690772906358294,54.036721404045096,103.72404895008563,958314000,17200,198613200
2012-01-26,13.395228385925293,53.858150482177734,104.21403503417969,13.520554241148524,54.19744349964263,105.41515865002368,13.350339804749707,53.67957503056235,103.80311797729664,13.507600676853658,54.03672593379312,105.21760399583866,323985200,14100,184880500
2012-01-27,13.475062370300293,54.80461120605469,104.1666030883789,13.51121441098045,55.34926493208956,104.34834995783294,13.369318113880615,54.00102318304516,103.63714610982609,13.386489508622775,54.00102318304516,103.70827493507052,299709200,18700,135259100
2012-01-30,13.647692680358887,53.67957305908203,103.81098175048828,13.674505647901652,54.92959776843688,103.86630282323698,13.418127662538934,53.60814492468526,102.77579763156486,13.427767620236652,54.8581662279968,103.1313934808307,379341200,19300,147311800
2012-01-31,13.752228736877441,54.46531677246094,103.77147674560547,13.805251307741607,54.89389590555172,104.45105293303972,13.64949639968285,53.71530243804102,103.2657254396129,13.725415775461835,54.161739460766114,104.32462716431637,391683600,13700,157212000
2012-02-01,13.743492126464844,55.37979507446289,104.68024444580078,13.82784716675868,55.55910543846226,105.2096893877283,13.724212215578863,54.644625660120106,104.41157305278274,13.810374093886967,54.841863982464766,104.53799884740594,270046000,18200,166234500
2012-02-02,13.711257934570312,55.4963493347168,104.84617614746094,13.773017045604528,55.4963493347168,105.1148595792182,13.67691352961691,54.70738575657166,104.47478457623824,13.734756483916534,55.4963493347168,104.88568948075846,186796400,9100,113090400
2012-02-03,13.848636627197266,56.91287612915039,106.31602478027344,13.858277388483824,57.36115020397362,106.37924372688649,13.724515043510428,55.51425978448039,105.70756502746241,13.776935878536689,55.84598506229262,105.88931196286173,286599600,18900,160598500
2012-02-06,13.97787857055664,56.56324005126953,106.24485778808594,14.008306819189713,57.31634086215902,106.29226896119945,13.804048833758998,56.079103082827544,105.75492625554561,13.80947095716707,57.31634086215902,105.87345418832942,249412800,16100,107694500
2012-02-07,14.124296188354492,56.69772720336914,106.51353454589844,14.152013377203744,57.370138561274054,106.69529346242416,13.996256837996134,55.586005586806166,105.60478819437412,14.016442584284095,56.93082830261599,106.02360298849675,316223600,20000,135528100
2012-02-08,14.36078929901123,57.61220932006836,106.8296127319336,14.364102103651291,57.934967331730995,106.85331831605106,14.150504237890924,56.88600379382743,106.13421677708985,14.174606138574807,57.065314180313464,106.56883924886718,407890000,25600,139361400
2012-02-09,14.857574462890625,57.61220932006836,106.9639663696289,14.96542802891615,58.006686014227554,107.14571323099649,14.477676792316755,57.22669318614478,106.33178921878691,14.48370226602809,57.65703264161342,107.00347970238957,884214800,9500,148602900
2012-02-10,14.865104675292969,56.652889251708984,106.17372131347656,14.991636394906013,57.970819846421676,106.26064580063587,14.71838721817925,56.482546295689815,105.762804459835,14.790993768170704,57.567368983094084,106.01568007985234,631302000,15100,167907500
2012-02-13,15.141668319702148,57.40599060058594,106.9639663696289,15.17872377339832,57.459781313538514,107.09040421135255,14.975669347699409,56.6977199929125,106.47403480517008,15.049178512237235,57.21771626513075,106.93236293808611,517216000,9200,115841900
2012-02-14,15.348342895507812,57.432899475097656,106.8296127319336,15.351354828927285,57.72876214621666,106.89283164217159,15.123598280283929,56.74256008260945,106.0868056088549,15.203734694719666,57.54945516742363,106.67946932734012,460398400,6100,165329500
2012-02-15,14.993147850036621,56.50943374633789,106.33177185058594,15.85537156940085,57.43287732724755,107.33535246145642,14.969647693952169,56.39288493907944,106.11840953474984,15.492948513193847,57.43287732724755,107.1773112140044,1506120000,20500,195195100
2012-02-16,15.129922866821289,57.63911056518555,107.50921630859375,15.210662623907842,58.05152210216221,107.60403865861441,14.66054881646254,55.586013441452614,106.15003968867651,14.807266318932859,56.48256204534702,106.33969644649378,944552000,43300,186567800
2012-02-17,15.127215385437012,58.087364196777344,107.793701171875,15.297431476521522,58.24874316165664,107.96755019471253,15.07238435373324,57.45977629330425,107.4381052825352,15.157040287420429,57.96184798410684,107.88062568329377,535805200,15800,129869400
2012-02-21,15.510719299316406,57.59425735473633,107.84107208251953,15.510719299316406,57.8183944160298,108.29940005724862,15.18745951506985,56.82322873673731,107.50918190587545,15.27060943244716,57.8183944160298,108.0465244610786,605595200,21900,134042300
2012-02-22,15.456196784973145,57.55842590332031,107.49343872070312,15.530006853444887,57.83636066174177,107.9043557823652,15.336593099741888,57.21773984733877,107.30378190967924,15.457401880151027,57.549465340882584,107.67518562848893,483302400,6300,124455300
2012-02-23,15.557117462158203,58.04254913330078,107.96753692626953,15.600500879559288,58.04254913330078,108.04655152653662,15.34954508989338,57.558412112822694,107.07458633304833,15.517651809976362,57.80945144353613,107.43809207915722,568027600,20600,137704300
2012-02-24,15.738480567932129,58.02460479736328,108.20459747314453,15.753242578883452,58.15908840511916,108.41795981288291,15.62490398863351,57.76460497973403,107.96754160429701,15.65593397699397,58.04253275300786,108.20459747314453,415072000,8900,105539100
2012-02-27,15.839408874511719,58.177024841308594,108.38636779785156,15.921955480098745,58.23081555620392,108.67874477207275,15.553807755495098,57.37909731646127,107.31167020071533,15.705344048265951,57.899097027520845,107.48551922802977,547582000,6800,145728900
2012-02-28,16.130126953125,58.015628814697266,108.70244598388672,16.130126953125,58.23079845119498,108.82888382734669,15.842115720419773,57.70183833644655,108.2046045113733,15.90568326690092,58.23079845119498,108.41796686498996,600387200,7000,129355900
2012-02-29,16.3419189453125,57.773563385009766,108.2757339477539,16.497675467969373,58.26666074986885,109.20028807496132,16.13886606247484,57.773563385009766,107.89642041522536,16.31540846338643,57.970805067001145,108.8604878759599,952011200,13800,185934700
2012-03-01,16.403076171875,57.82735824584961,108.8367919921875,16.515751752619163,58.49976938824321,109.04225652173884,16.23135415258605,57.82735824584961,108.20461477271293,16.514545048651517,58.17701149268469,108.5049016649633,683270000,16300,145023500
2012-03-02,16.424467086791992,57.61220932006836,108.5049057006836,16.473271022284994,58.51771839267301,108.9079248726995,16.344329071460983,57.37910479161816,108.25993988274814,16.39614815794841,57.90806513065718,108.7656792655827,431712400,20900,120638300
2012-03-05,16.062341690063477,57.683921813964844,108.06237030029297,16.4937543642515,58.177026178914204,108.41796618223044,15.846632939561996,57.486686908106684,107.69096667357844,16.431694395695438,57.83634024320838,108.33895157389786,809124400,5000,140765000
2012-03-06,15.974974632263184,57.092185974121094,106.48193359375,16.07830870509741,57.836322573843816,107.0192763391806,15.551995972713032,57.0025325279168,106.1737488879233,15.776138799036255,57.52253209206902,106.95606947553401,810238800,16300,202129900
2012-03-07,15.98792839050293,57.59425735473633,107.2247314453125,16.201526215240175,57.71081300428591,107.39858044953608,15.765291550275926,57.00253906978411,106.62415777334913,16.17200219704205,57.15495062983481,106.7268900188745,798520800,9200,143692200
2012-03-08,16.3283634185791,57.37910842895508,108.29151916503906,16.35848918521956,58.15014074567898,108.51279139984244,16.031012255133433,57.056350396832386,107.65935412083047,16.10843759919839,58.06944781758693,107.88061429785854,516457200,10600,116968900
2012-03-09,16.424171447753906,57.16391372680664,108.71035766601562,16.501596817219628,57.37908680715993,108.99482473179586,16.362109838169903,56.984606816582335,108.36265961969319,16.39524915770952,57.37908680715993,108.49699530890385,418919200,7900,122836800
2012-03-12,16.62992286682129,57.092185974121094,108.71829223632812,16.62992286682129,57.87218532034943,108.86052581726683,16.479287677062185,56.59908517987796,108.33108072524941,16.53893904487726,57.047359251018946,108.69458663950502,407282400,11600,104003500
2012-03-13,17.114971160888672,58.07839584350586,110.67801666259766,17.11738135105765,58.141153948808956,110.73333775306924,16.742905696011363,56.8232303173837,109.12128503521701,16.796834103276943,57.37908928723694,109.30304399724153,690855200,11400,184090500
2012-03-14,17.76209259033203,56.70668029785156,110.5594482421875,17.9169432850303,58.27563983178422,110.98616083032746,17.334895235662543,56.63495479181424,110.21964809393883,17.41473238209892,58.27563983178422,110.70959165249914,1418844000,22400,145163600
2012-03-15,17.64098358154297,56.41081237792969,111.19950103759766,18.076314136874796,56.72460630706116,111.24691219820896,17.42979589125099,55.58598965690762,110.44088629449978,18.064263185699737,56.72460630706116,110.72536531593995,1159718000,34700,165118500
2012-03-16,17.641284942626953,56.518409729003906,111.35355377197266,17.750644511932496,56.63495855396612,111.49641067621504,17.41322591436134,55.60392998664306,111.11544682094612,17.61567707290403,56.27634126013834,111.40117274005345,825487600,25400,152893500
2012-03-19,18.10915184020996,55.989437103271484,111.79009246826172,18.129335975903366,56.72460637112053,112.13136984776665,17.746125397751676,55.88185227433408,111.20276354442032,18.02690611295802,56.35702173719601,111.28213657299645,901236000,19400,125291100
2012-03-20,18.255565643310547,55.92667007446289,111.46463775634766,18.28388295961586,56.33908136961124,111.59956216528617,17.819330949873482,55.899771306477035,110.82969010028106,18.06124771379589,55.94460144643362,111.15510243922533,816662000,6800,121729700
2012-03-21,18.151329040527344,55.23634719848633,111.28208923339844,18.366735365159112,56.24048044391153,111.63129892295703,18.11849221021229,55.137726327763545,111.05191481481856,18.158559611130304,56.24048044391153,111.5281285624455,644042000,12400,122388400
2012-03-22,18.05613136291504,55.22737121582031,110.48046112060547,18.2115854269267,55.96254051232511,110.75825448669161,17.941348055484248,54.85082258983208,110.11537441670657,18.00913264978569,54.92254467189928,110.46458409981294,623870800,21700,135216700
2012-03-23,17.95701789855957,55.585994720458984,110.83763885498047,18.130245944971943,56.195647839384975,110.96463082699229,17.90730811346533,55.37082162316613,109.9645962962965,18.0907802756757,55.37082162316613,110.57573456480999,430488800,22100,120521000
2012-03-26,18.286287307739258,56.1597785949707,112.39324188232422,18.291410166052515,56.90391524119734,112.39324188232422,17.933204273912967,55.603919669634884,111.59162789731353,18.06967599658536,56.27633081836788,111.6313022852952,595742000,24200,120164000
2012-03-27,18.51224136352539,56.195655822753906,112.04399871826172,18.566469015304698,56.57220452143489,112.56783133447335,18.258574564119453,56.00738147341342,111.9725703007647,18.262189848167285,56.195655822753906,112.49640291697634,607129600,8600,119868500
2012-03-28,18.606847763061523,55.953575134277344,111.48844146728516,18.7222328183487,56.4287446037689,112.1630755877031,18.386621029288353,55.43357893710811,110.82968436786797,18.629742964019993,56.4287446037689,111.98846468855066,655460400,11800,148562100
2012-03-29,18.373062133789062,56.39289474487305,111.29795837402344,18.574911545406582,56.47358423626874,111.50432332412724,18.293829944756304,55.56806845282145,110.39316190763813,18.461032469204945,55.56806845282145,110.82968917445103,608238400,13800,164963700
2012-03-30,18.062458038330078,56.24943923950195,111.7582778930664,18.39415205354522,56.81426217987732,111.9487657921215,18.013953357544604,56.18667771495561,111.15508437865113,18.34022524869277,56.81426217987732,111.84558333297284,731038000,8800,135486800
2012-04-02,18.637271881103516,56.75149917602539,112.57576751708984,18.641488909100588,56.75149917602539,112.86943787199891,18.087458956543717,56.30322508550377,111.401122429305,18.131143247710632,56.46460403169635,111.6233522537341,598351600,16900,151741100
2012-04-03,18.95932960510254,56.2225341796875,112.11544036865234,19.04639733674852,56.74253375307017,112.60753111648528,18.754167362968094,55.99839714013838,111.45668329365485,18.89847309800141,56.48253396637884,112.41704320339335,834559600,14300,155806700
2012-04-04,18.808385848999023,56.04323196411133,111.0042724609375,18.85508206151886,56.44667937762302,111.38523611235543,18.588159219047686,55.66668332487395,110.59155477404202,18.80959094368866,55.96254248140899,111.28999822715498,572980800,13800,146896000
2012-04-05,19.09068489074707,56.365997314453125,110.9487533569336,19.120208922937948,56.365997314453125,111.27416574242318,18.780981815412485,55.79220688195671,110.52810304812843,18.88883543796743,56.01634398340442,110.623353082065,641298000,19500,137439400
2012-04-09,19.167497634887695,55.99840545654297,109.70266723632812,19.276255428607456,56.365990119191665,110.98842750036926,18.838213930158236,55.810131136175166,109.40106436525888,18.863218440368883,56.123921670121504,109.5518658007935,597536800,13500,127555900
2012-04-10,18.932815551757812,54.743247985839844,107.861328125,19.4015862642737,56.36599844400155,109.79791323006475,18.85930636254666,54.743247985839844,107.7502131817891,19.278970658412366,56.18668807523793,109.48837788036148,889725200,23700,235360300
2012-04-11,18.865325927734375,56.07012176513672,108.73436737060547,19.186777289596435,56.07012176513672,109.16295005930638,18.779162463004738,55.18253759745659,108.53594699219195,19.16659316050874,55.460468753410105,108.96452968089287,696614800,11400,154133000
2012-04-12,18.761993408203125,56.73357391357422,110.15505981445312,19.019878884835823,56.75150528953392,110.24236527161186,18.693605480698192,56.177714939064735,108.75818461053314,18.82917624083213,56.195646315024426,108.83755761181186,614336800,12300,154321500
2012-04-13,18.23357582092285,55.863922119140625,108.8454818725586,18.820143425622096,56.72460760955076,110.17887310780625,18.181758337553646,55.78323264066092,108.74229940078894,18.802367869630572,56.72460760955076,109.90107973486586,859644800,9900,169246700
2012-04-16,17.47739601135254,56.09701919555664,108.77407836914062,18.38571431598079,56.70667222989388,109.55981549384484,17.42075815084625,55.63978112983364,108.40104700485058,18.379087097429984,56.303224865985435,109.4010815774839,1050786800,8700,147825300
2012-04-17,18.368242263793945,56.63494873046875,110.38522338867188,18.377279673036842,56.9128799065273,110.60745323763885,17.229755559559923,56.14184789944745,109.28993905403577,17.44154660963637,56.482537176541804,109.40105397851926,1025528000,10000,147877600
2012-04-18,18.327268600463867,55.94462203979492,110.01215362548828,18.686078002506992,56.742549575884496,110.38518476514976,18.157654290955833,55.6935861598572,109.82961033712655,18.489349859344724,56.70668681874185,109.89310628755982,954531200,10800,123884200
2012-04-19,17.697622299194336,55.361854553222656,109.30581665039062,18.2185130241268,56.348056262260044,110.44077537711804,17.609651960299864,55.18254421883581,108.78992852199063,18.082641358698453,56.14185057473623,110.02806971864545,834719200,11000,198666700
2012-04-20,17.26198387145996,55.96254348754883,109.48833465576172,17.91392561750862,56.33909555361647,110.18677808627683,17.18485942033251,55.6577203474822,109.4248386974771,17.81631455667624,55.94461553112403,109.78993742995974,1030985200,16400,143199600
2012-04-23,17.223421096801758,54.823936462402344,108.56769561767578,17.3731521028984,55.747380227299494,108.66294564040757,16.769111655058783,54.77910630599857,107.8930735558481,17.190584277225277,55.747380227299494,108.3692752270289,966529200,17500,171844900
2012-04-24,16.879377365112305,55.37081527709961,108.98042297363281,17.10261595631583,55.53219422655847,109.25821638913563,16.720308063294432,55.11081889858031,108.5756497010567,16.949572128728818,55.20943974770072,108.66295516501867,1076149200,6600,137484200
2012-04-25,18.377277374267578,55.83702087402344,110.47254180908203,18.6182915496312,56.83218992452416,110.52016076650666,18.256771091055068,55.630815198163106,109.94870905617135,18.54719255292687,56.38391582394257,110.04394697102062,905777600,24900,150252200
2012-04-26,18.307987213134766,56.98461151123047,111.24243927001953,18.518573146177555,57.04736961899129,111.36943125917567,18.140181349417524,56.141853915481704,110.17096404127643,18.50591884382525,56.141853915481704,110.2344600358545,536068400,44100,136291600
2012-04-27,18.16638946533203,57.81840133666992,111.42494201660156,18.26219370838133,57.827368735428706,111.74240976299755,18.09107344515602,56.92185640424321,110.9566728519511,18.228753530574014,57.37909455918507,111.57574343485604,406722400,32200,130725000
2012-04-30,17.593379974365234,57.51356506347656,111.01226043701172,18.02780783716976,58.177008777777544,111.28212143107686,17.56385595374939,57.37908147324973,110.71066961283168,18.00973141364829,58.177008777777544,111.20274841330084,506144800,22000,115092200
2012-05-01,17.53764533996582,56.40186309814453,111.70275115966797,17.978397914537627,58.042544990352695,112.43293676803815,17.51053151070874,56.22255272335203,110.82176411173722,17.621096145928135,58.01564963115514,110.94874396186512,610999200,26000,138832200
2012-05-02,17.653635025024414,56.2668342590332,111.36939239501953,17.696415094195476,56.7799088688315,111.48050731910014,17.439132936122363,55.92478909744197,110.68682582977628,17.480707910261298,56.446860016226644,111.05191253291893,427389200,24700,121081000
2012-05-03,17.528308868408203,55.951805114746094,110.5201416015625,17.816923505695012,56.473879591854036,111.4725569167594,17.482516864796803,55.58275376957571,110.31378878496547,17.789809671154437,56.01481362974787,111.38525147308032,390549600,22000,143759700
2012-05-04,17.02910804748535,56.23982620239258,108.73436737060547,17.424068661327887,56.662886176158864,110.55983727413354,17.026697857613566,55.60973782951024,108.67087139623888,17.38550723231781,56.00579514408477,109.94076666233289,529992400,22300,193927300
2012-05-07,17.156539916992188,56.98693084716797,108.8137435913086,17.255656940584707,56.995930588842924,109.1788303164636,16.907994374973402,56.14081091409866,108.30578789193964,16.916129166079234,56.329839826325944,108.3454622803032,460118400,12000,127765900
2012-05-08,17.11737823486328,57.554012298583984,108.37725067138672,17.217397890790075,58.04008423402595,108.55186163375423,16.832681410970764,56.167821901577405,107.08354548037917,17.159554946203503,56.59087847127624,108.16295319745878,497252000,31200,213377700
2012-05-09,17.14750862121582,56.2578239440918,107.7343521118164,17.29211843508252,57.42798599538789,108.42485127564147,16.896554385878773,56.212818371677535,106.74225004396618,16.98241540699601,57.11294355478301,107.22639633750192,480704000,27000,220752500
2012-05-10,17.18787384033203,56.401851654052734,107.9565658569336,17.34935333409038,56.83391138978771,108.61532298471712,17.12521212533549,56.113811830229416,107.71052651861112,17.310188555513744,56.83391138978771,108.48038646632823,333200000,27000,150600000
2012-05-11,17.07309913635254,56.03281021118164,107.63114929199219,17.306882808275386,57.0589526921621,108.63118362767523,17.00200011938613,55.8977900179132,107.23430853980736,17.021582516659226,56.13182456175101,107.28192749237056,399546000,9500,153032400
2012-05-14,16.81732177734375,55.63676452636719,106.44066619873047,17.09719831710443,56.347861140165165,107.63118889332043,16.798643605041885,55.456738719773945,106.28193226157643,16.948373072918866,55.91580126456538,106.59940013588451,352626400,17500,163910000
2012-05-15,16.66517448425293,55.681766510009766,105.82949829101562,16.967947695542748,56.47387794744729,106.99621117497259,16.622394426038092,55.67276333172507,105.66283194223304,16.91462426520102,55.95180348554111,106.36920805947192,476336000,14000,207629300
2012-05-16,16.451581954956055,56.12281799316406,105.42472076416016,16.77725207054093,56.59088361885202,106.78985398637658,16.2997431889283,55.879787153895144,105.40091128673004,16.69169192664418,56.14982409040967,106.30570776093217,560896000,30700,207265500
2012-05-17,15.9707612991333,55.80777359008789,103.86115264892578,16.494363091333277,56.446861786143046,105.57550744814802,15.9707612991333,55.80777359008789,103.80558913560381,16.42838533648744,56.31184503929375,105.44851551251283,717220000,13200,247992900
2012-05-18,15.978592872619629,54.43057632446289,102.97223663330078,16.37114336055511,55.609738233814475,104.4484846283519,15.731554806261585,54.13353333637237,102.82143521870996,16.086446473548666,55.5827355744264,104.26592917352201,732292400,29500,319615900
2012-05-21,16.909503936767578,54.871646881103516,104.7421646118164,16.917337858111882,54.871646881103516,104.78185111503582,16.089154485993102,54.09753844085644,103.13892434459207,16.102713010365346,54.13354428312516,103.30560281386539,631106000,14000,177861100
2012-05-22,16.779659271240234,54.60160827636719,104.92469787597656,17.289100669105455,55.25869942617562,105.74218889885957,16.64740292208437,54.26856282974231,104.24213126253238,17.15865115782385,54.790633791988924,105.01200333039219,694870400,12000,197531200
2012-05-23,17.189083099365234,54.72762680053711,104.98025512695312,17.25656681278372,54.86264699183356,105.13105654926565,16.666987337184224,54.232558488626964,103.17066228043983,16.795626808346235,54.82664114966036,104.17069660805447,584897600,18000,204958400
2012-05-24,17.031217575073242,54.880653381347656,105.18661499023438,17.368034373569603,55.29471029138933,105.43265433335709,16.907998627537665,54.24156166035446,104.30562798415727,17.349053725861502,55.29471029138933,105.26598798958594,496230000,10000,167357600
2012-05-25,16.939929962158203,54.682613372802734,104.84532165527344,17.047181785615866,55.14167577670691,105.44058272725125,16.824845827320523,54.47558496055532,104.59133778479982,17.009222105585312,54.92564762205986,105.14691236318895,328507200,11000,135465600
2012-05-29,17.240596771240234,55.18667984008789,106.1152114868164,17.292716725568827,55.61873954433583,106.29775483629996,17.030916685791986,54.49358299149058,104.10719831064254,17.19932428039511,55.19567958168032,105.68662881615542,380508800,13000,152883500
2012-05-30,17.448471069335938,54.95265197753906,104.57546997070312,17.473174710539677,55.267697910530686,106.10728156162122,17.068573345609035,54.64660922093031,104.36118468557284,17.148108000788426,54.87164055862187,105.21041759216214,529429600,9400,162370400
2012-05-31,17.405094146728516,55.15066909790039,104.34529876708984,17.518670753845665,55.53772319232778,105.123103178979,17.216199891010724,54.3765609090456,103.44843487410638,17.495773944112354,55.21367758455555,104.53578667047022,491674400,20300,196186000
2012-06-01,16.900772094726562,54.44858169555664,101.7182388305664,17.252050116537024,54.943649930977855,104.36913252191248,16.88661343237785,54.05252436025521,101.7182388305664,17.146907568147704,54.45758143785641,102.71034085073667,520987600,14000,253240900
2012-06-04,17.000185012817383,55.1326789855957,101.67060852050781,17.096891865947924,55.34871058551266,102.17856421370058,16.524486277307172,54.45758495720065,100.90866892540913,16.916132460420073,54.45758495720065,101.90077083481839,556995600,11100,202545800
2012-06-05,16.956205368041992,54.970664978027344,102.44051361083984,17.06586742905255,55.79878223813309,102.59130297678365,16.820636172045198,54.70062801001477,101.41665732816206,16.909208261288295,55.159690512265506,101.47221481079536,388214400,10000,164149400
2012-06-06,17.2161922454834,56.10481643676758,104.7421646118164,17.288193839000172,56.10481643676758,104.78978357143151,17.03663635098097,54.88064537377797,103.12304732118022,17.105024269294088,55.24969664126404,103.15480136800393,401455600,23700,184202800
2012-06-07,17.224029541015625,55.4747314453125,104.80562591552734,17.39273802297584,56.33885103765206,105.98027093629452,17.187274946072996,55.168688660478985,104.59132855754815,17.391835408382825,56.33885103765206,105.93265199243613,379766800,11000,184772700
2012-06-08,17.48311996459961,55.60074996948242,105.63900756835938,17.490953887613077,56.05981244237025,105.66281704339967,17.142086078836474,54.90765295456855,104.2024339474264,17.22041565533836,55.08767873296409,104.5357908192265,347516400,20400,143915400
2012-06-11,17.20746612548828,54.934654235839844,104.29766845703125,17.729560452554065,56.23083706067471,106.55172057037052,17.191196532534008,54.92565449231451,104.19448600678007,17.706061895879113,55.942797195979416,106.48822460949411,591264800,12900,169756100
2012-06-12,17.3577880859375,55.339698791503906,105.49612426757812,17.37164587166395,55.4117104581646,105.56755268298984,17.072790406050203,54.90763909265551,104.0992494424113,17.3065739703612,54.95264466746581,104.59926046090972,435380400,11400,181931800
2012-06-13,17.237281799316406,54.67361831665039,104.82151794433594,17.427681950570125,55.33970918989472,105.84536171575706,17.183655885278885,54.52959838997276,104.46435159301822,17.308380783454364,55.25869776653193,105.18660463994235,293580000,6500,172223900
2012-06-14,17.21830177307129,55.78076171875,105.93267822265625,17.277652291767282,55.789761460238545,106.35332847838538,17.089662323350492,54.57459377067479,104.75008834467808,17.209565237706965,54.67360809557507,105.03581418919403,345573200,14200,230615500
2012-06-15,17.2966365814209,55.933780670166016,107.01608276367188,17.311398595474277,56.257826299041334,107.11181414469621,17.15865559360581,55.42070956901518,106.18638239026453,17.202339892631773,55.62773795775102,106.40976372823458,335255200,21000,169444500
2012-06-18,17.647607803344727,55.4747314453125,107.2234878540039,17.71117535329421,55.94279708292294,107.48676128354843,17.18335665296954,54.97966314347458,106.32996264345373,17.201132205168832,55.91579098498943,106.56930323152767,440412000,12300,131360900
2012-06-19,17.696714401245117,56.90592575073242,108.26063537597656,17.77474147494052,56.968934250563585,108.69942447826915,17.566868250460725,55.231692049605556,107.19956797347609,17.57590565711173,55.30370029211015,107.76600702795734,361404400,13400,137382600
2012-06-20,17.646404266357422,57.310977935791016,108.08512878417969,17.752148529012825,57.53600926759551,108.57976934698074,17.497577458457222,56.536873038696264,107.11980485168644,17.720816061369057,57.157958278342655,108.26863017082756,358943200,19900,206451800
2012-06-21,17.40328598022461,56.19482421875,105.65984344482422,17.721122214849544,57.27497529365169,108.32447258754823,17.396356280195604,55.915784132341166,105.57208561445327,17.637370507092456,57.27497529365169,108.21278191010983,326351200,16600,205272200
2012-06-22,17.536741256713867,57.058937072753906,106.47357177734375,17.53945231787356,57.12194556337616,106.67302023834529,17.335495244930673,55.94278372426959,105.80341569661891,17.444553914715613,56.347837325782564,106.21029834801756,284471600,39200,130029200
2012-06-25,17.195409774780273,57.310977935791016,104.76628875732422,17.467453952212477,57.54501244374284,105.38856695397725,17.183358824129012,56.57287544216871,104.39132469352465,17.39213631511143,56.86091527218201,105.34867482888566,304382400,8300,146375700
2012-06-26,17.233366012573242,57.24797058105469,105.2928466796875,17.307476930824155,57.60802209261581,105.61197157755177,17.09176978419432,56.752902327937406,104.45516056117772,17.212276048689063,57.58101943104572,105.06946533786757,276536400,4600,141634000
2012-06-27,17.307783126831055,57.401004791259766,106.2422103881836,17.375266848781287,57.401004791259766,106.44963241622922,17.23005690019744,57.04095320997283,105.28486015920345,17.32284601229223,57.274987767921246,105.64386497339993,202997200,17200,108088000
2012-06-28,17.143592834472656,57.59002685546875,105.93904876708984,17.292720551819826,57.608029776818746,106.09861728901183,17.039957863767317,56.74391015425594,104.73438433614108,17.22252576665662,57.06795587114353,105.54015180902309,282836400,9800,169242100
2012-06-29,17.59398651123047,57.86006164550781,108.5797348022461,17.59398651123047,58.35513337986158,108.71535827963896,17.300250609352325,57.18496757179561,107.58249260962211,17.41322546117046,58.04908716205778,107.86171311953686,421500800,19600,212250900
2012-07-02,17.850664138793945,58.499141693115234,108.9068374633789,17.87928393926061,58.508144869047115,109.01852811891293,17.581934380904173,57.04994283528688,108.1170293183056,17.61597791351459,58.06708539214017,108.88290462100507,400092000,11400,129524500
2012-07-03,18.058231353759766,58.54417037963867,109.62486267089844,18.07600690272081,58.54417037963867,109.70463475684096,17.89524752553702,58.23812410180501,108.77121735506849,17.92175799985193,58.508164531222164,108.88290801408309,241712800,4600,80450000
2012-07-05,18.375471115112305,58.499141693115234,109.13023376464844,18.508028352609802,58.607159202064544,109.93601347981132,18.065467251781868,57.905062562421755,108.73133677246723,18.092881957439484,58.54415070536355,109.2179915898631,484383200,6300,126177500
2012-07-06,18.253158569335938,58.29212188720703,108.09310913085938,18.330283052770493,58.499146880119184,108.31649046807965,18.123614858399606,57.95907302230753,107.58252147816022,18.28961229669959,58.05808736410436,108.07714984295225,418930400,14800,151192100
2012-07-09,18.494474411010742,58.562164306640625,107.95743560791016,18.4947752825867,58.88621004419098,108.15688400756412,18.19983586438531,58.06709938962567,107.46279529888065,18.235686241152717,58.454153639065666,108.00530127608883,379405600,12000,103780500
2012-07-10,18.323352813720703,57.85105514526367,107.01608276367188,18.67462917222727,58.9312097216047,108.68346924115187,18.235984226917253,57.78804664336632,106.6490921807954,18.61738796172478,58.5891576820948,108.50795359369398,511957600,13400,167884800
2012-07-11,18.20947265625,59.46229934692383,107.03203582763672,18.306781260242882,60.092391434086444,107.38306710213975,17.992259515154515,57.860076758922226,106.4097575404247,18.260385907981988,58.05810550439008,107.07192795853373,469322000,17200,141733400
2012-07-12,18.042869567871094,59.237247467041016,106.51346588134766,18.180548031464514,59.849332983675424,107.08787849921323,17.85548134499962,58.51715130285501,105.78748263861358,18.083239440024307,58.760182127257565,106.40976094573969,428041600,8100,143583200
2012-07-13,18.22573471069336,59.83134841918945,108.300537109375,18.29261504693983,60.21840269340115,108.41222778409994,18.076005328201234,58.8322084756991,106.77674762512218,18.164879847388647,59.27326808715465,106.79270691390305,311427200,15700,129642600
2012-07-16,18.284181594848633,59.183250427246094,108.04524230957031,18.426077062712245,59.948355713279334,108.36436723347865,18.22724127591162,58.99422490016111,107.6224124370915,18.230254816950584,59.885347204251005,108.05322804102497,301260400,10400,97525200
2012-07-17,18.285091400146484,60.020347595214844,108.78716278076172,18.42246901179756,60.236375716685,109.01054407032935,18.17090985599252,58.913190596286256,107.34315795413977,18.40107817338637,59.56128182810688,108.47602368648056,293624800,10200,138860300
2012-07-18,18.264604568481445,60.23639678955078,109.59294891357422,18.327267898584086,60.830482915689174,109.80835668448529,18.18326146169532,59.90335474981796,108.46806871741498,18.274546199844686,60.80348024948517,108.53188151962554,252700000,32400,113349700
2012-07-19,18.50742530822754,60.29939651489258,109.88015747070312,18.538455296849907,60.902485731039896,110.23916231400538,18.25677038250473,59.94834817055913,109.46531338097897,18.415839699892423,60.66845121234708,109.81633249381412,436861600,11800,129847300
2012-07-20,18.205549240112305,59.26424789428711,108.8749008178711,18.511033455504318,60.83047089884325,109.42538038627603,18.187472822620432,58.91319956815827,108.75523663924614,18.468554276632897,60.28139390312148,109.25783836283603,397471200,8800,142904500
2012-07-23,18.19139862060547,60.020347595214844,107.7739486694336,18.25376108730677,60.47941336232281,108.80310936580224,17.705756542454775,58.96720277721142,106.77670653834468,17.90730347527913,59.48027385783438,107.27932046789057,487975600,10600,145210900
2012-07-24,18.103727340698242,59.147239685058594,106.84854888916016,18.367636690306597,60.704459661229414,107.90164285488052,18.031120774585492,58.88620249287219,106.13053912952964,18.29834453743187,60.43441929209538,107.85377716068793,565132400,10200,173301200
2012-07-25,17.32193374633789,59.46229934692383,106.87250518798828,17.497571848486544,60.20940529849298,107.35117435379944,17.172204371964877,59.12025406583361,106.30606600906711,17.306569997873037,59.516311556769324,107.07195371708596,877312800,8600,129122300
2012-07-26,17.319229125976562,59.408260345458984,108.63558197021484,17.485527405174736,60.137359524854794,108.8669489928892,17.183056612117706,58.67916116606317,107.90958667934596,17.466245885636905,59.90333192863512,108.41220067661942,406632800,9200,156526500
2012-07-27,17.628936767578125,60.34440231323242,110.63805389404297,17.649122517768284,60.38940445881281,110.94920520621658,17.220118208888696,59.52528497518173,108.61166271345888,17.32315145220747,59.52528497518173,109.21000814757299,403936400,9000,236768900
2012-07-30,17.926280975341797,60.443450927734375,110.63805389404297,18.05913907087341,60.88451066206713,111.16460079767195,17.709066234957355,58.94923875185082,110.31096764182105,17.802460287289456,60.479456785065736,110.51041611985909,379142400,10900,106782000
2012-07-31,18.40016746520996,60.46142578125,109.86422729492188,18.428487992101115,61.14552305690743,110.78965916906776,18.15794989215981,60.29040661289486,109.86422729492188,18.17331364123853,60.29040661289486,110.48650569881802,462327600,9700,120575900
2012-08-01,18.281171798706055,59.61214065551758,109.76844787597656,18.570087261428103,61.36490267007822,110.67793233641628,18.16638852305127,59.61214065551758,109.61686510367535,18.55532525144601,61.36490267007822,110.6539994958811,384501600,19000,138293800
2012-08-02,18.310697555541992,59.00681686401367,109.01053619384766,18.398064528846973,59.874164778339924,109.75249070251932,18.083542781373612,58.74480443785234,108.16487677682026,18.161571475216665,59.521804903553274,108.93873767882451,332158400,8300,199556600
2012-08-03,18.54899787902832,61.03062438964844,111.1725845336914,18.61768667415391,61.21131925383508,111.40393940778344,18.42427297979344,59.23267809357536,109.04246411388755,18.486635429410878,59.80188001259101,110.54232053730935,344920800,10400,157825000
2012-08-06,18.755367279052734,61.31070327758789,111.38800048828125,18.825261176973253,61.762447329504646,111.82678964699977,18.53574395422258,61.07579444053236,111.3401347933976,18.596899707081835,61.61788592421903,111.46778476200136,302103200,11400,86326200
2012-08-07,18.705963134765625,61.91604232788086,111.9464340209961,18.8291804935471,62.114810825412995,112.42510300621922,18.619498764593175,61.05773133552037,111.7150669974425,18.761997645744334,61.663066746682716,111.83473120040641,290446800,29900,109545100
2012-08-08,18.674327850341797,60.67827606201172,112.08209991455078,18.79543748674294,61.72631888014546,112.2097377215476,18.591177902695083,60.307842559341374,111.5395935846688,18.660167581587178,61.310715099414104,111.5715121664471,244706000,11300,89754700
2012-08-09,18.78083038330078,60.072898864746094,112.17777252197266,18.81108711425064,60.55174627172562,112.40115378386052,18.69218018142617,59.819923396384425,111.81078206409072,18.69369261401197,60.55174627172562,111.92247269503464,221642400,10500,90291700
2012-08-10,18.810171127319336,59.88319396972656,112.36128997802734,18.81198572249266,60.68729787836911,112.4011821077095,18.71940420419263,59.63021838854477,111.539563234724,18.719706367413835,59.63021838854477,111.72305242321933,194938800,5900,99792700
2012-08-13,19.061302185058594,59.56696319580078,112.30542755126953,19.061302185058594,60.072914262205884,112.36126678260224,18.85707371652631,58.72671909305443,111.72302935954949,18.86131046633042,60.072914262205884,112.16980407704285,278832400,11800,79426900
2012-08-14,19.112436294555664,59.64828109741211,112.32140350341797,19.321809643437284,59.991610985641806,112.79211117997613,19.06765794808291,58.726726271940436,111.9863315092818,19.117883314112525,59.56697047740011,112.72030047358524,340169200,6700,102379400
2012-08-15,19.086414337158203,59.69343948364258,112.44908905029297,19.18232614562948,59.80186050262324,112.64056403899606,18.99322684610665,58.80801839462954,112.12997624249445,19.100635403356897,59.74764654660042,112.20177479824312,257342400,4200,71085900
2012-08-16,19.253128051757812,60.31685256958008,113.27875518798828,19.26583507096363,60.343956102986574,113.41437868413139,19.07643197289281,59.313980475146984,112.32937854161821,19.09791465604913,59.63019985333187,112.60859909013581,254534000,24000,112014200
2012-08-17,19.60923194885254,60.93124008178711,113.43030548095703,19.611652486199606,60.976410351252234,113.5260490054271,19.32785175356324,60.136166136847976,113.17501782022448,19.363856034716328,60.136166136847976,113.47019760170572,442761200,8600,90813700
2012-08-20,20.12479591369629,61.0758056640625,113.43830871582031,20.12479591369629,61.148086379987895,113.4622415572898,19.66339106212994,60.443366632386436,112.95962753969452,19.66671970507943,61.0396653060998,113.27076665216589,613384800,10100,78255700
2012-08-21,19.849777221679688,59.68443298339844,113.09527587890625,20.419196813028503,61.21133036734739,114.15634338618051,19.676409778724732,59.675403063696685,112.84796168047592,20.296356901867174,61.039665390055575,113.71755424056023,812719600,13100,105581100
2012-08-22,20.23735237121582,59.8651123046875,113.14315032958984,20.24128534151673,60.17229489289746,113.32663954008343,19.609237300833964,59.64827023799894,112.54480483272918,19.8001527926141,59.88317903037861,112.80806613878201,565322800,9500,133243500
2012-08-23,20.048555374145508,59.8651123046875,112.21768951416016,20.268515707488135,60.07291066893168,112.87187416229585,20.00377542073491,59.31398411471939,112.04217388757945,20.153845546418008,59.63924032168634,112.8639006059489,420128800,8200,111466400
2012-08-24,20.06640625,60.42527389526367,112.89582061767578,20.255809316470938,60.434310705163256,113.15112053198393,19.83434321937827,59.68441402402237,111.86667174987464,19.95415662348482,59.94642636658001,111.93847028576008,437340400,4800,99481200
2012-08-27,20.443391799926758,61.301666259765625,112.91968536376953,20.600419719399593,61.301666259765625,113.35050066600749,20.378643232719554,59.702495354322686,112.76012910023653,20.573793808131086,60.40721497004558,113.19891795497423,427008400,8700,68785900
2012-08-28,20.416770935058594,61.80762481689453,112.80806732177734,20.45610386941321,61.80762481689453,113.15909863135604,20.291812681322433,60.533703275119,112.46502174319752,20.422216337604606,61.355880762602595,112.632551666988,267416800,12500,75689600
2012-08-29,20.37653160095215,61.73533630371094,112.89582061767578,20.50360662418042,62.33163479554338,113.19898622257423,20.35020946003193,61.44622042126295,112.58468145546892,20.43038776773366,61.70823276677306,112.90380634835412,202806800,12300,65421300
2012-08-30,20.086078643798828,61.33781433105469,112.08209991455078,20.318445522119614,62.205162189807865,112.44110483263785,20.055217581881312,61.021594834592804,111.84275924470204,20.290913105029055,62.00639367972667,112.40918625085953,302699600,6000,96589900
2012-08-31,20.127517700195312,62.01540756225586,112.6165771484375,20.229177036609226,62.34066375066107,113.14312398467949,19.885770977353243,61.599803964419316,111.97833966572303,20.18833168095117,61.69015137385065,112.72028206585428,338321200,16900,151970400
2012-09-04,20.42191505432129,61.52751922607422,112.51287841796875,20.427058293802254,61.961196413064684,112.85593614242343,20.10513480698074,61.41910509912538,111.79486874110187,20.143257473984942,61.71725084129972,112.52085197495813,367892000,13000,120226200
2012-09-05,20.278501510620117,62.10576629638672,112.41715240478516,20.463667820608904,62.313571579730066,112.86391508489761,20.259439369854128,61.753406510207476,112.19377106472892,20.44006838296482,61.77148013122868,112.56074947766272,336375200,13700,100660300
2012-09-06,20.46124839782715,62.096736907958984,114.69884490966797,20.522366177909433,62.47620023583602,114.70681846712402,20.295748546162397,61.527535023076624,113.08729764752293,20.367454968717162,62.340675649289416,113.09527120497899,391196400,19500,158272500
2012-09-07,20.587419509887695,61.925079345703125,115.14559936523438,20.64914162432052,62.304542718763805,115.19346505329011,20.44612340604812,61.68113368225866,114.78659453144712,20.5151055199612,62.20515846966682,114.89029946444477,329666400,11400,107272100
2012-09-10,20.05188751220703,61.54561996459961,114.49139404296875,20.673647570505373,62.29550994769654,115.23334867313847,20.032523204654975,61.43719889680662,114.45151408811411,20.587721687436648,61.86183946266073,115.03390020539165,487998000,14200,86458500
2012-09-11,19.986846923828125,61.52751922607422,114.8105239868164,20.274580902502368,62.11478768828556,115.17750236665842,19.86309885271683,61.364891142585925,114.53129125024054,20.123604183810688,61.545592842609054,114.56320982358181,503983200,7200,88760000
2012-09-12,20.265186309814453,60.83184814453125,115.19344329833984,20.268514953432753,61.87086071375383,115.32109322462722,19.847956990724718,60.53369545289005,114.80251996409739,20.176233964577843,61.87086071375383,115.19344329833984,712233200,9900,87640900
2012-09-13,20.664262771606445,61.581748962402344,116.94863891601562,20.74050809304199,62.340675617772725,117.30764384082632,20.41586034251806,60.72343117675234,114.87438147634694,20.494526201645087,60.72343117675234,115.17753496868565,598360000,12100,225470200
2012-09-14,20.91539192199707,61.726314544677734,117.46720123291016,21.08785122604995,61.997363766280245,118.16127816641759,20.812822829489203,61.5185092223734,117.08425132105599,20.875454658257066,61.87087596768389,117.17999488570514,600474000,13600,169777000
2012-09-17,21.172571182250977,61.40104293823242,117.06829071044922,21.173175508944993,62.25936066408296,117.42729555973067,21.016147519307204,61.02157963698464,116.77309866574997,21.15956038401509,62.14190281388746,117.22784706864432,398031200,10000,119427800
2012-09-18,21.237018585205078,60.90413284301758,116.97254943847656,21.249725605794502,61.21131547176841,117.12413224239809,21.070912748156303,60.7595714461465,116.67736956138941,21.175598625944577,61.20227866119727,116.8688444989803,373503200,12400,98326600
2012-09-19,21.242761611938477,60.352989196777344,117.036376953125,21.299944803864438,60.84990336246157,117.411341105674,21.166214115509966,59.64826290626064,116.80502205022279,21.18709085234015,60.18132430501577,117.10817549126324,326874800,28000,128318300
2012-09-20,21.139892578125,60.235557556152344,117.04438018798828,21.181041729510312,60.696338475222184,117.1081930047408,20.986191626702624,59.79285026147554,116.18276108136371,21.153809865523165,60.07292940195523,116.50187385861481,336568400,15000,154009800
2012-09-21,21.181943893432617,60.53369903564453,116.99543762207031,21.332618333262918,61.16613791013352,117.63708230756033,21.159856889764548,60.506595497175965,116.9473164123706,21.252137874436695,60.922199170849694,117.61302170271047,571589200,20300,108737500
2012-09-24,20.900564193725586,60.32588195800781,116.81895446777344,21.031573797137888,61.00349785950875,117.08363329023639,20.664870358256874,60.2445713584991,116.32970189989061,20.781658896526576,60.57886435140977,116.41792817404493,639766400,20000,95682000
2012-09-25,20.37865447998047,59.874149322509766,115.5758056640625,20.960781116320828,61.256491812608125,117.2921980520097,20.362315035670168,59.74766154847202,115.54371670072497,20.8240222942632,60.83185133130994,117.06762426206174,518789600,17300,133165200
2012-09-26,20.125713348388672,61.256507873535156,114.92615509033203,20.3529353470175,61.52755022050957,115.58384434522776,20.005293978409686,60.262665255423435,114.65346004050718,20.23342408296316,60.262665255423435,115.55176761398322,576503200,10200,146502200
2012-09-27,20.61404037475586,61.96122360229492,116.00891876220703,20.639758187449612,62.132881676310944,116.27359765996526,19.979571788085007,60.615021195388884,115.10259516427928,20.098780862694312,61.093875740777754,115.40737915048962,594090000,13600,111830300
2012-09-28,20.183801651000977,61.52751922607422,115.47151184082031,20.607688305493866,61.95215960479727,115.94471992958277,20.17321139238287,60.75051914863737,115.06246942757075,20.536284044228363,61.56365956607884,115.56775423491403,535110800,14400,150696100
2012-10-01,19.950523376464844,62.349700927734375,115.77629089355469,20.4757687683443,62.4942554050651,116.85103837711675,19.863083468213834,61.52752364300314,115.50358372445253,20.30663651723476,61.76243242336429,115.91263835893041,543594800,14600,135911200
2012-10-02,20.008617401123047,62.34066390991211,115.8966293334961,20.16110807172057,62.51232881341602,116.4179587569555,19.6860879663972,62.178035815294066,115.35925542733432,20.023744956522254,62.34066390991211,116.23349004011895,627992400,11100,113422200
2012-10-03,20.315410614013672,62.024478912353516,116.36978912353516,20.327817082159505,62.521393387488715,116.64248402422952,20.048553592095924,61.50045399553226,115.59982561118056,20.116024871582436,62.521393387488715,116.20938107832373,424281200,9900,121283100
2012-10-04,20.174724578857422,62.41295623779297,117.20396423339844,20.40013195632543,62.41295623779297,117.37238844586618,20.1369056877648,61.80762089776136,116.65054591572719,20.309363386009814,62.0154192894418,116.8109540070522,370725600,8600,124311600
2012-10-05,19.744787216186523,62.74726486206055,117.21194458007812,20.15051986271709,63.21708267699618,118.03004150600164,19.70515211213569,62.4129785750052,116.85903954386214,20.126316094786176,62.60271030651292,117.82952839345612,594006000,21600,124842100
2012-10-08,19.308494567871094,62.74726486206055,116.81094360351562,19.592599184222074,63.18997912864783,117.19592543607858,19.246166516146037,62.35876458523923,116.54626476914366,19.572024609192514,62.4129785750052,116.77886688344863,637994000,5400,78415400
2012-10-09,19.238292694091797,61.50040817260742,115.65604400634766,19.37868062273932,62.73818881738675,116.81901844743007,18.866143979482683,61.43716430860054,115.61593890733971,19.32300988189895,62.73818881738675,116.72277600049739,838597200,12400,148872900
2012-10-10,19.391399383544922,62.03350830078125,114.9181137084961,19.514541462872412,62.21420319864301,115.75225539778545,19.273098381644836,61.56369053743108,114.76572173227862,19.355999408818754,61.753422248106475,115.63995626722236,510356000,7600,124247500
2012-10-11,19.003812789916992,62.58460998535156,114.9822769165039,19.581704096918326,63.09056794664054,115.88860039445711,19.003812789916992,62.024451843552576,114.9582163142886,19.560525198135007,62.187079957347905,115.72016394059692,546081200,15300,123601500
2012-10-12,19.05252456665039,62.349700927734375,114.60527038574219,19.22407573708832,62.99117649947029,115.45544399711996,18.91909605807048,62.19610274842197,114.35663609241648,19.04798565438153,62.82854840430728,115.06244614186915,460014800,4100,124181900
2012-10-15,19.2053165435791,63.189945220947266,115.5597915649414,19.216511126289497,63.189945220947266,115.68009461320254,18.875223395629757,62.47618896080854,114.50910414893772,19.13239986641552,62.58460309602697,114.87804165584318,432502000,7300,107689100
2012-10-16,19.660064697265625,63.2441520690918,116.73075103759766,19.675496029232168,63.46098723184176,116.81096120738083,19.091553421616517,62.92793268735945,116.02495294459104,19.22377327510619,63.2441520690918,116.10515087602056,549771600,7000,108815500
2012-10-17,19.503345489501953,63.189945220947266,117.26011657714844,19.750839899928437,64.05729276802245,117.35637123495435,19.48488928708308,63.02731712505407,116.63451637400505,19.632236743078046,63.51520141273366,116.81096896856901,389037600,14300,128834100
2012-10-18,19.141176223754883,63.488094329833984,116.95533752441406,19.42618729620046,64.08439967720545,117.5167720000392,19.061300087211514,61.84374655944498,116.56232727229963,19.351456014688225,63.018283635322526,116.95533752441406,476624400,16000,148108500
2012-10-19,18.451339721679688,61.943138122558594,115.00630950927734,19.114853148701982,63.93984587365242,116.74676199630278,18.444682434154128,61.43718702344103,114.73361459168261,19.093069922213626,63.081534988639866,116.73874587696768,744086000,15500,185645200
2012-10-22,19.18324089050293,62.087703704833984,115.02235412597656,19.22408627577527,63.20802702545051,115.2308833740934,18.479182336968222,61.879898407646245,114.11603086765507,18.529407715179325,61.879898407646245,114.81381263950959,546730800,13200,125578600
2012-10-23,18.557838439941406,61.44621276855469,113.42630004882812,19.179297788576463,61.8347128334341,113.93961332659107,18.507614704103997,60.994468827674694,112.95309185680605,19.091554100800806,61.8347128334341,113.77920522198151,707145600,9300,192056300
2012-10-24,18.662830352783203,62.087703704833984,113.10546875,18.956919295262644,62.6207583783379,113.97168708535254,18.475545643860386,61.45525789522532,112.92901618696418,18.802311853658285,61.45525789522532,113.83532736435481,558527200,3800,120179400
2012-10-25,18.4422607421875,62.11479568481445,113.43428802490234,18.819252246584668,62.80144844717049,114.11603759827715,18.321539242866784,61.94313077095896,112.74453457006078,18.758738799440863,62.58460637922695,113.90750833786116,656325600,6500,134457400
2012-10-26,18.274648666381836,61.7534065246582,113.37013244628906,18.577209540257968,62.29549797328645,113.7631303618873,17.881320823020406,61.25649223552679,112.60015661607406,18.438938286937052,61.79858368415504,113.33002737125743,1018432800,16300,146023500
2012-10-31,18.012022018432617,62.33376693725586,113.37013244628906,18.2129218308301,62.39724300357025,113.9155223039971,17.78147142258214,61.87130141912486,112.83274646989645,17.9987090590392,62.17961176454553,113.77115871990402,510003200,9000,103438500
2012-11-01,18.048940658569336,63.14987564086914,114.55718231201172,18.244393519982626,63.47632587024289,114.70154591566614,17.97723421320775,62.30654703471538,113.50649529090796,18.0997703598051,62.55138816593093,113.61075381409651,361298000,22800,100995600
2012-11-02,17.451679229736328,62.31562423706055,113.53852844238281,18.06133807760514,63.47633322334808,115.27096445153538,17.38965496555545,61.96197093400016,113.41822548550316,18.029266758197508,63.47633322334808,115.23887550413573,599373600,20800,137702200
2012-11-05,17.688283920288086,62.00730514526367,113.77118682861328,17.783589787731266,63.3947221980363,114.0278373431935,17.47588572494368,61.84408001660637,113.0332875331052,17.655002326721792,62.56952657027685,113.37016045591933,529135600,12900,98378500
2012-11-06,17.634727478027344,62.651153564453125,114.66143798828125,17.873447782408707,63.15896906436947,115.11058545836218,17.551222150248083,62.016392837524,113.99573290285748,17.858018064825856,62.33377320098857,114.11603589007535,374917200,9000,107068100
2012-11-07,16.95998191833496,60.338802337646484,112.06280517578125,17.462701854603704,62.37911347969253,113.63482162766823,16.891593735957795,60.338802337646484,111.53344745207615,17.441426216560043,62.306567423121436,113.61878938514607,793648800,16900,264304500
2012-11-08,16.344493865966797,58.23501968383789,110.71532440185547,17.088545284200823,61.245612083454596,112.61619719506191,16.269724796712392,58.03552147183872,110.62709813518049,17.039913411619043,60.59271135995668,112.04673452136879,1056146000,20700,181517300
2012-11-09,16.627464294433594,57.69999694824219,110.81160736083984,16.865146887624405,58.806296577689714,111.83823386919379,16.222004989236698,56.31258309436278,110.32235470933105,16.425646895242146,58.03551379379041,110.37849203610573,929913600,15300,201055300
2012-11-12,16.49889373779297,58.10805892944336,110.89982604980469,16.853594681955016,58.74281958419689,111.33292910650371,16.371845429208612,57.990173325337935,110.65119168037074,16.842956056005253,58.07178590368998,111.15647654012754,515802000,6500,97677500
2012-11-13,16.50102424621582,58.24407196044922,110.51484680175781,16.73141205263631,58.39822710707396,111.68584924151777,16.302245532561066,57.500488885247115,110.1699699819211,16.379751359160885,58.207798940354365,110.31433360742832,532949200,13800,123018300
2012-11-14,16.31805419921875,57.49142837524414,109.02299499511719,16.63932166183782,58.389163231816944,111.02812632869929,16.296778563061796,57.40074581551873,108.77436066788908,16.58005277475467,58.17153200684788,110.85168603062645,477170400,5900,191505000
2012-11-15,15.975805282592773,56.55740737915039,108.83855438232422,16.39767686039056,57.3100569300293,109.47218290047205,15.884623806317038,55.378561977480345,108.42148353073925,16.337800921498513,57.21030786095519,109.06312817048068,789910800,13600,178128400
2012-11-16,16.03842544555664,57.06523513793945,109.37593841552734,16.10894004072729,57.88136096742813,109.59249610221816,15.371879827018287,56.00427155960418,108.03651168368914,15.963047662910304,56.04961457394291,108.99897261358043,1266893600,26000,239483900
2012-11-19,17.19492530822754,58.92416000366211,111.58959197998047,17.24872228898108,59.47730438892148,111.60562422177911,16.40923486727234,57.68183533646213,109.40800773681909,16.43446143410267,58.443547802749286,110.603058383501,823317600,21400,151495800
2012-11-20,17.048425674438477,59.12367630004883,111.63772583007812,17.383979135512988,60.08489419183404,111.82219453848198,16.856031085006794,58.27128440449055,110.74744677528889,17.382763338578272,58.9423180886634,111.41315203592895,642754000,7400,119807400
2012-11-21,17.072437286376953,59.39569854736328,111.84627532958984,17.24477203009206,59.468244572410015,111.94253000042261,16.91742561915314,58.80627420100558,111.50941457756548,17.14994311998886,59.468244572410015,111.7339884122484,373002000,3500,81710800
2012-11-23,17.370296478271484,60.39320755004883,113.37013244628906,17.385494748310286,60.73779785460634,113.41022528297005,17.099789022816378,59.58615170785777,112.31943332920333,17.23869014056606,59.58615170785777,112.3916273596005,272826400,7600,65409200
2012-11-26,17.918302536010742,61.381629943847656,113.12955474853516,17.932586926851155,61.5811281419469,113.37818916908157,17.437465591928962,60.15743771339735,112.43978882136363,17.504029230019054,60.15743771339735,112.80872627173734,630579600,11800,100124400
2012-11-27,17.773941040039062,60.68338394165039,112.55203247070312,17.945365203540018,62.3428386153857,113.40220619034251,17.631696010147557,60.30252753342763,112.4798506805489,17.918921207899633,61.49043977171067,113.01722440450304,533330000,19300,128646200
2012-11-28,17.71800994873047,60.982608795166016,113.45835876464844,17.804936986459193,61.5811031465384,113.52251219870577,17.39339869092586,60.365981396041434,111.48530411274288,17.545673590263544,60.665228571727624,112.09485964309266,520864400,11900,177086500
2012-11-29,17.91314125061035,61.5357780456543,113.98771667480469,18.06176877271373,62.088929560960665,114.30051671320841,17.788222580202984,60.75592531648046,113.38617719800122,17.939281696160986,61.28187379306225,113.8834581542381,514698800,11000,151085900
2012-11-30,17.789133071899414,62.24308776855469,114.0118408203125,17.883963608264107,62.56953808595118,114.22839857940068,17.710107895466646,61.07330861761266,113.61884264230518,17.835028188127744,61.48137497354444,114.00382469529399,391319600,23200,136568300
2012-12-03,17.816789627075195,61.48137283325195,113.45035552978516,18.072102087108906,62.56953590777751,114.62937401487576,17.795817537941094,60.98262738837735,113.36212924048064,18.043531673730474,62.56953590777751,114.5331316041266,364280000,24400,124656300
2012-12-04,17.502506256103516,62.23399353027344,113.28994750976562,17.683351493043773,62.370015595910544,113.78721628344692,17.389440445913554,61.28185290755297,112.98516355771407,17.683351493043773,61.66270915664116,113.44233948579141,557068400,5700,127512200
2012-12-05,16.376110076904297,62.016380310058594,113.49046325683594,17.301917748203614,62.44257967706324,114.01982100499143,16.375501366679458,62.00731032482804,112.58413973999582,17.29158428342674,62.34283059464209,113.38619248386038,1044638000,4200,147300500
2012-12-06,16.6329345703125,61.93477249145508,113.87548065185547,16.817425629694057,62.56046311799642,113.92360187335424,15.76335425486908,61.10957677753359,113.21780356077635,16.076719762533973,61.82595342153094,113.38622783602209,1177212400,4400,103220600
2012-12-07,16.207721710205078,60.71059036254883,114.22032165527344,16.874874423916864,62.161483858529266,114.44489541984025,16.108940242402014,60.43855302083219,113.62679828414556,16.820165187357265,62.161483858529266,114.31656405770141,787040800,18000,108726400
2012-12-10,16.10346794128418,60.74684524536133,114.26846313476562,16.367592882407912,60.755915229554354,114.54115814893935,15.853018684352334,60.27530984288676,114.01180036494014,15.956966870023576,60.54734710333987,114.05993381304827,630484400,10900,98840700
2012-12-11,16.455129623413086,61.182132720947266,115.04644775390625,16.703450845343443,61.20933576323571,115.58382162470123,16.332944479352662,60.483889016470414,114.6855264661608,16.40589066442475,60.91915844820417,114.74166379439275,592345600,7400,152570400
2012-12-12,16.382484436035156,60.63804244995117,115.1025619506836,16.656032181741796,62.088928817659166,115.93670349171339,16.299508346022446,60.42947429160631,114.94215388151669,16.649040945392862,62.06172577926026,115.49557212274101,487144000,20100,145880100
2012-12-13,16.099515914916992,60.964481353759766,114.39678192138672,16.341151059315962,61.49042280737941,115.35924272552944,15.981281707952935,59.96699067640902,114.1080424563086,16.14389168545178,60.248104830194514,115.03039817728846,625259600,8700,135715000
2012-12-14,15.494671821594238,60.86473083496094,113.97164916992188,15.748159783499576,61.34533619438793,114.35663088922097,15.36671285540508,60.538280606223644,113.79519666558726,15.645427384525254,61.34533619438793,114.14810167425651,1009579200,4100,137701700
2012-12-17,15.769430160522461,61.37253952026367,115.31111907958984,15.804991800721288,61.61737373380112,115.3752847636212,15.234492710695758,60.529210911725045,114.23635917000584,15.468527844994941,60.710569075947554,114.26844813119794,757607200,17000,143238200
2012-12-18,16.227474212646484,61.4360237121582,116.59439086914062,16.25786750442265,61.60831883386451,116.69866163085673,15.81259214479981,61.17304949632225,115.32714620207268,15.956965150415888,61.27279857537628,115.49558264497162,625685200,3600,177762800
2012-12-19,15.996780395507812,60.991703033447266,115.72816467285156,16.221394341202235,61.42696553629539,116.76281938393784,15.972160921510723,60.47482448733215,115.68807183339285,16.15361490187854,61.28188034147026,116.72271430612764,449369200,12600,150895400
2012-12-20,15.857583999633789,62.10706329345703,116.39385223388672,16.11502296242704,62.10706329345703,116.40989671025942,15.770960480592054,60.873808123056065,115.4795128942367,16.108943976597164,60.873808123056065,115.80034122994263,481689600,8000,168487000
2012-12-21,15.784628868103027,61.98009490966797,115.33735656738281,15.794962326557572,62.08891395558779,116.3874225563826,15.508344393837788,59.97605751297721,114.6507839660326,15.57612383009728,61.64458162522982,114.83656098461535,596268400,33100,245883800
2012-12-24,15.810166358947754,61.68994903564453,114.98194885253906,15.934174411255789,61.844104240209674,115.15156757900195,15.765790578357185,60.67433176474589,114.85270732037151,15.815638257271361,61.844104240209674,115.08694681291817,175753200,2700,53874600
2012-12-26,15.59223461151123,59.57707214355469,114.4972915649414,15.788581708454453,62.025449236121574,115.27272838061656,15.535093793341776,59.39571395227041,114.17420008141428,15.7745992356486,62.025449236121574,115.21618059216678,302436400,23700,106947700
2012-12-27,15.654854774475098,60.2662467956543,114.34378814697266,15.69102352387084,60.538291005791976,114.7638168230906,15.338753994368782,58.94231260428571,113.01909369935157,15.608654480726711,59.79471133890354,114.52956508394634,455120400,5200,167920600
2012-12-28,15.488595008850098,59.468265533447266,113.10801696777344,15.637224165551757,60.103026180418716,114.23077691864188,15.443915685773199,58.96045009749793,112.9787753974918,15.50987226831938,60.103026180418716,113.60073966996201,354278400,8500,148806700
2012-12-31,16.174890518188477,60.30251693725586,115.03047180175781,16.273064870780768,60.30251693725586,115.15162809862106,15.470657014716952,59.032988881218316,112.71224527879647,15.517159203058151,59.232487036671955,112.80918264144442,659492400,17400,243935200
2013-01-02,16.68734359741211,62.8687744140625,117.97869873046875,16.86879765393025,63.02292955977085,118.05139249339028,16.462427637227382,61.37254520630738,116.90440126394972,16.832932452753283,62.116124817903646,117.21134691871366,560518000,31400,192059000
2013-01-03,16.47670555114746,62.22492980957031,117.71210479736328,16.706789775645486,63.14986739307932,118.2290585984558,16.443271957214794,61.46321040106034,117.39708626740303,16.65238409676792,63.14986739307932,117.92212536743735,352965200,7800,144761800
2013-01-04,16.017759323120117,62.29749298095703,118.22903442382812,16.371244605932805,62.850644515598084,118.4228966815298,15.9821976651285,61.925706574772526,117.66361824530027,16.320789839849482,62.56046722843985,117.90594298614029,594333600,7800,116817700
2013-01-07,15.923534393310547,61.22744369506836,117.90596771240234,16.087662093894995,62.55138450241591,118.01905097182281,15.659104266955525,60.92820343431042,117.4697806223871,15.865784856127098,62.13424829724773,117.80904272579936,484156400,7500,110002500
2013-01-08,15.966386795043945,60.30251693725586,117.56671905517578,16.1663812831863,61.363476853036055,117.8575063429084,15.84298749481125,60.30251693725586,117.10630071411956,16.084924531969175,61.363476853036055,117.69596058864606,458707200,10800,121265100
2013-01-09,15.716854095458984,60.59269714355469,117.86558532714844,15.957271833332285,60.973553503446624,118.18868917730018,15.683115327361431,60.3025198810125,117.63941879461802,15.880981799085623,60.45667503834424,117.82519580523551,407604400,10300,90745600
2013-01-10,15.911681175231934,60.465728759765625,118.8025894165039,16.070033430984683,60.982607085840186,118.81066239228082,15.668830231311963,59.84910137792494,117.90599609911231,16.064866700455323,60.74683596145027,118.51987503731182,601146000,13500,130735400
2013-01-11,15.814116477966309,60.2662467956543,118.79450988769531,15.966694925727808,60.75592222287912,118.85911834065435,15.7752109784722,60.130224690585464,118.42294349483839,15.835392111388758,60.601767065707875,118.77026631139421,350506800,3100,113917300
2013-01-14,15.250308990478516,59.93073654174805,118.71371459960938,15.425075390732188,60.320662951648394,118.79449364249136,15.151831031135828,59.858197402843395,118.27752748828904,15.278574249033836,60.320662951648394,118.64909383033408,734207600,6400,89567200
2013-01-15,14.769159317016602,59.98514938354492,118.79450988769531,15.16641151851536,60.75593221453234,118.90759316810339,14.691957045307033,59.44106779216397,118.09176662894575,15.1454394331831,59.70403514193941,118.16446038238954,876772400,6600,93172600
2013-01-16,15.382211685180664,59.83097457885742,118.77835083007812,15.484033444917728,60.23903390897282,118.96412786270722,14.969155698806928,59.577063462337726,118.42294271537685,15.034198389673273,59.849107627995004,118.5521842707506,690804800,14900,104849500
2013-01-17,15.278571128845215,60.27533721923828,119.54570007324219,15.523853723316732,60.30254026580181,119.88494990524251,15.258816455533951,59.622436428217576,118.85911510897662,15.510479955575443,59.74031860278421,119.30337524319829,453678400,8900,133833500
2013-01-18,15.197117805480957,59.81285095214844,119.81221008300781,15.264592116022017,60.121168218683295,119.9414515860217,15.087697679440193,59.80378096591648,119.08523587241574,15.15213330855966,60.021419125249,119.5214228638006,472922800,9700,169906000
2013-01-22,15.342095375061035,59.48640060424805,120.45842742919922,15.436620751814724,60.11209820489043,120.45842742919922,15.094686365151809,59.19622331031015,119.52951782122143,15.335712846573827,59.803780938496935,119.81223212042127,461546400,22900,111797300
2013-01-23,15.62293815612793,58.91511535644531,120.65230560302734,15.652724371534209,59.694968122545156,120.75731590873616,15.342095537135146,58.65214110570259,120.24036200587881,15.464887789823912,59.694968122545156,120.45845559267663,861509600,28400,104596100
2013-01-24,13.692598342895508,58.4889030456543,120.6845932006836,14.155501995877247,59.8763131272398,121.27424071595657,13.684998395834016,58.03550069646318,120.36148938569475,13.981342764753492,59.20527958758076,120.47457263965327,1460852400,18000,146426400
2013-01-25,13.369811058044434,58.271278381347656,121.36309051513672,13.866756217774757,58.85163289984012,121.36309051513672,13.221487099039456,58.089913270336524,120.65227446025129,13.728767342894544,58.85163289984012,121.064230276219,1208026400,12900,147211600
2013-01-28,13.672237396240234,59.35038375854492,121.21776580810547,13.774969816619626,59.45920284783159,121.427774148899,13.24763040311849,58.28035359486493,120.76542024114359,13.307507193030558,58.64307697411414,121.39545758868064,785517600,14900,113357700
2013-01-29,13.92876148223877,59.3140983581543,121.6943130493164,13.987423275669586,59.54079953166499,121.84778587569761,13.741837176521429,59.078327200559364,120.89464468692972,13.935752720078957,59.1871393360872,120.97542375086343,571158000,9000,105694400
2013-01-30,13.884992599487305,58.7224235534668,121.21776580810547,14.060367623533658,59.28679519611038,121.92049692839915,13.81417446980418,58.71331876877117,121.10467017249766,13.890159329724339,59.24128516246395,121.67817202738726,417155200,20800,137447700
2013-01-31,13.844264030456543,58.92269515991211,120.91889190673828,13.959457927079873,59.241293218425305,121.46816249867062,13.828763839958892,58.713326752936695,120.83812515729515,13.889552051703209,58.722431538870445,121.07236475338344,319334400,10600,108975800
2013-02-01,13.787426948547363,59.15935516357422,122.16280364990234,13.965537109482383,59.323206561227245,122.30819117377995,13.627250194990815,58.922686324121,121.47621858673472,13.954291395659244,58.922686324121,121.68622689627611,539484400,11600,131173000
2013-02-04,13.443971633911133,58.176246643066406,120.78961944580078,13.857940650170768,59.150253656483564,122.1870206632516,13.434245260798214,58.07611485376928,120.70076741651289,13.796240188155561,58.84985828859219,121.41966895130334,477117200,8900,159073600
2013-02-05,13.915690422058105,58.522159576416016,122.00928497314453,13.973439951811843,58.99550420375111,122.35660769976363,13.440932377160744,58.27637900565456,121.39539390261777,13.496553856952225,58.431132564803406,121.4438687175146,573347600,6000,113912400
2013-02-06,13.900800704956055,58.24906539916992,122.09814453125,14.178906548432444,58.613176857632006,122.1789112441069,13.755818946924544,58.2217545222537,121.49233872164487,13.874053171912589,58.613176857632006,121.58119073339299,593706400,12200,138762800
2013-02-07,14.31412410736084,57.539058685302734,121.9366226196289,14.368539930938901,58.33100837391228,122.25164120920532,13.883066995127978,57.34789985251768,121.04810232843742,14.162184626488388,58.25818397716082,122.13855792897668,704580800,11000,162490000
2013-02-08,14.520787239074707,57.72109603881836,122.61510467529297,14.637875391283515,58.05790007497942,122.68779841817181,14.315040914360248,57.557244675830354,122.14661334593256,14.490827431600236,57.78481562748512,122.14661334593256,633158400,8700,103133700
2013-02-11,14.672115325927734,57.38430404663086,122.59087371826172,14.8252793402413,57.87585823876361,122.69587168317403,14.467900449779666,57.37519926207773,122.28392814739938,14.56725599366085,57.78482775552169,122.566642470578,517490400,8200,73775000
2013-02-12,14.304344177246094,57.493534088134766,122.79283905029297,14.747017954043006,57.70289897973968,123.0190056341253,14.299452646053599,57.34788879517232,122.4616621506976,14.659277337793112,57.39340229813727,122.59897669622764,609053200,8200,65392700
2013-02-13,14.277134895324707,57.939579010009766,122.89787292480469,14.479823221446152,58.05791343192541,123.26943946396518,14.161269611851205,57.529950508299606,122.55054997149117,14.283249309080706,57.529950508299606,123.04327281409637,475207600,6000,82322600
2013-02-14,14.264297485351562,57.930484771728516,123.01089477539062,14.418682781251382,58.2490863188203,123.15629459201915,14.18572929819549,57.41162306592096,122.38894296164908,14.201014518430625,57.803045541875235,122.52625747864988,355275200,9500,80834300
2013-02-15,14.067720413208008,58.37649917602539,122.86553955078125,14.373434545980274,59.80564450296335,123.253251955025,14.06038311728351,57.80302286665143,122.41320635830436,14.333384730887277,58.38560395884815,123.12401037855871,391745200,57700,215226500
2013-02-19,14.062520027160645,57.21133804321289,123.78634643554688,14.146286661242915,58.94998351385214,123.81057768700975,13.874813279661906,56.96556446179642,122.90591143198664,14.096455424373445,57.86674352020958,123.07553019222681,435783600,31000,95105400
2013-02-20,13.72195816040039,57.24774932861328,122.2435302734375,13.992208697432622,57.88494870205121,123.73785617930206,13.720428332560493,56.47400946458973,122.17890950897925,13.992208697432622,57.20223583175141,123.69746666087183,476302400,28700,160574800
2013-02-21,13.6366605758667,57.38430404663086,121.50042724609375,13.731738459009895,57.93047305625089,122.30816842894917,13.537609549394366,57.220452649253275,121.11271492936581,13.634826252246281,57.38430404663086,121.93661438692098,447182400,11500,183257000
2013-02-22,13.781877517700195,58.41292190551758,122.68778991699219,13.806028225256567,58.42202668998368,122.68778991699219,13.653171977406624,57.39340481015776,121.55695735561783,13.734186727562175,57.793931987678214,122.09005709160829,330654800,17300,106356600
2013-02-25,13.537001609802246,58.230857849121094,120.35350036621094,13.913640488129277,58.89536115738484,123.47138348615402,13.52996962635738,58.185340879551475,120.35350036621094,13.874815188310619,58.65869236138337,123.28560636616344,372579200,9900,245824800
2013-02-26,13.725626945495605,58.522159576416016,121.17735290527344,13.804195116303534,58.895372407502485,121.32274042275341,13.379864625291768,58.27637900565456,120.13535972938395,13.568183658696425,58.531264361052024,120.93502805098606,501499600,36100,186596200
2013-02-27,13.591111183166504,58.90446472167969,122.7039794921875,13.831708022839521,59.113833054488296,123.04322934714537,13.471271956551867,58.49483978368527,120.96732836364507,13.709116085924173,58.61317417923793,121.07233867297262,587350400,29100,150781900
2013-02-28,13.494202613830566,59.559879302978516,122.46163177490234,13.69199859307601,59.723730692261185,123.47938114970188,13.494202613830566,58.77703454806301,122.3000860158288,13.575216555431993,58.90447374584782,122.69587127678626,322515200,16400,126866000
2013-03-01,13.160055160522461,59.46883773803711,122.86553955078125,13.395760460440469,59.778330872628345,123.0513166137296,13.145075257797469,58.804327559482815,121.49238169500353,13.390256672747178,59.16844244040652,122.04163990725257,552448400,7400,170634800
2013-03-04,12.841501235961914,60.051422119140625,123.51979064941406,13.090657420011851,60.30630046652989,123.51979064941406,12.80940097886283,59.62358763105974,122.38895782784184,13.078428595146782,59.63269241344196,122.58280784002372,582755600,12400,99010200
2013-03-05,13.180534362792969,58.73151397705078,124.62638092041016,13.304348334138401,60.397335175294245,124.95755776139976,12.862898451732548,58.35830119064691,124.10135408481379,12.885215644755785,60.29720339103382,124.1175123594151,638433600,29800,121431900
2013-03-06,13.013008117675781,58.422027587890625,124.7960205078125,13.306188118617142,59.08653796581576,125.13527034667945,12.975404883310825,58.05791259772271,124.52139144660876,13.283564788960888,59.08653796581576,125.07064956901625,460250000,18400,94469900
2013-03-07,13.163420677185059,56.838130950927734,125.02215576171875,13.20713832913779,59.16845920989456,125.1837015028494,12.872381101370824,56.43760724636096,124.8121475307639,12.977546573198929,59.16845920989456,124.95753500023648,468473600,27100,86101400
2013-03-08,13.198270797729492,56.98377990722656,125.55525970458984,13.311690309781127,57.338793602134814,125.72487840803794,13.103193709644922,56.80172587593995,124.92522272719853,13.139574061422582,57.00198600484684,125.57141797520607,391482000,14000,123477800
2013-03-11,13.386284828186035,56.89275360107422,126.03182983398438,13.421136985575986,58.230872276958074,126.03990280709645,12.997110975606072,56.519537276349496,125.30486784910488,13.138045351357563,58.230872276958074,125.45834061428272,474236000,19000,83746800
2013-03-12,13.097687721252441,56.783512115478516,125.7491226196289,13.417158810837314,57.10211009969388,126.08838471181089,13.071396565872085,56.61055594765509,125.36949565961667,13.316884902595515,56.74709992515173,125.94298491156854,465911600,10400,105755800
2013-03-13,13.095243453979492,57.29326629638672,125.92681884765625,13.283257155476557,57.575455549957354,126.10452285631798,13.00383584089798,56.99287442093437,125.3856338486045,13.098301476686984,56.99287442093437,125.81373559897602,405549200,9700,92550900
2013-03-14,13.222111701965332,57.12941360473633,126.59727478027344,13.28753345044492,57.34788325931973,126.65382258032672,13.159439397569589,56.810815642278605,125.93493340558656,13.23219925557105,57.34788325931973,126.25802495541149,303875600,12200,126329900
2013-03-15,13.563294410705566,57.165836334228516,126.43016052246094,13.580720082491675,57.43892084847284,126.60053370517228,13.367331114900484,56.99288361878064,126.00826343674518,13.388120122569603,57.120322827264125,126.44639066651955,643960800,29200,138601100
2013-03-18,13.93198299407959,57.09299850463867,125.73245239257812,13.98517593779109,57.40249512175401,126.27604477959797,13.488086409388785,56.90183627608437,125.10772163974424,13.495729017415597,56.90183627608437,125.221307923898,606197200,6300,126704300
2013-03-19,13.894380569458008,56.45581817626953,125.44035339355469,14.092482651129275,57.27507175199518,126.17054905994992,13.711256758666966,56.41940598024844,124.61278922632533,14.047541307740449,57.05660552078493,126.00017584844588,526775200,14900,167567300
2013-03-20,13.820704460144043,56.94736862182617,126.3165512084961,13.99037658893537,56.94736862182617,126.52749352284944,13.744582047827432,56.48312183454533,125.96767126479095,13.98395686250201,56.87454423462216,126.17862595911463,308660800,11400,113759300
2013-03-21,13.84057331085205,55.34526824951172,125.23748779296875,14.001072972443325,56.96557618184114,126.27599408257326,13.760171640166604,55.25424123562649,125.02654545850802,13.763840287826877,56.710694292538115,125.56201636598084,383255600,16300,128605000
2013-03-22,14.121221542358398,55.290645599365234,126.24357604980469,14.127029010958903,56.037078119372666,126.24357604980467,13.852193865631689,55.16320293653439,125.5377070475204,13.897133582592307,55.809507144432416,125.63507554644117,395105200,13000,111163600
2013-03-25,14.172274589538574,55.15411376953125,125.71614074707031,14.367014980832344,55.94605996440997,126.78710705766713,14.11724650217678,54.98116104057974,125.2293480076823,14.206208359053395,55.32706649848275,126.57615239529406,501135600,17200,151322300
2013-03-26,14.097677230834961,55.07218933105469,126.72220611572266,14.241361830486856,55.299760361348305,126.75465401487976,14.079028682488572,54.61704727046746,126.0974757322182,14.229133006540572,55.1632163541888,126.23540096858193,294294000,17900,86856600
2013-03-27,13.820704460144043,54.69895935058594,126.72220611572266,13.965001363038304,54.88101682394809,126.7627752746459,13.779433390769059,54.498695782641825,125.75671708120736,13.954607675735465,54.61703366119585,125.96765937565145,331237200,18200,99950600
2013-03-28,13.532719612121582,54.908321380615234,127.1116714477539,13.812753170150037,55.081274061483825,127.2577179767927,13.500925483887837,54.626132137922724,126.36524579925542,13.751610678650025,54.84460178911326,126.64109633414078,442839600,20700,102932800
2013-04-01,13.112364768981934,55.50911331176758,126.6086196899414,13.56451541900606,55.52731940695658,127.30636713037563,13.076596676421351,54.626136793618066,126.30030893859607,13.509486516771293,55.07217744460447,127.04673441767028,389732000,15100,99194100
2013-04-02,13.139267921447754,55.79130554199219,127.2333755493164,13.39453855964448,56.16452183204684,127.54979524380445,13.035630654639347,55.14500475451229,126.86826542646959,13.072317135229564,55.61834936473856,127.06298999998978,529519200,14100,101504300
2013-04-03,13.206522941589355,55.17231369018555,125.94329833984375,13.368245480107237,56.137212505969046,127.40370114600027,13.155162692475988,55.17231369018555,125.61066100674817,13.187568262670762,56.137212505969046,127.30634508557884,363216000,12000,154167400
2013-04-04,13.075983047485352,56.146297454833984,126.45442962646484,13.298542765667687,56.15539876371977,126.70594101042518,13.00047209354724,55.65474343604231,125.82969941536075,13.260635040642873,55.65474343604231,126.10554981196462,358447600,8600,131885000
2013-04-05,12.937799453735352,55.96425247192383,125.88651275634766,12.991299330821342,56.41939441148644,126.04066810694891,12.83018744205888,55.7639889073299,124.75875965138285,12.9775414965237,55.800401095884695,124.90479374355218,383695200,11500,159666000
2013-04-08,13.029824256896973,55.10860061645508,126.73841857910156,13.06926100472691,56.2919692598885,126.74652745776761,12.91609941597316,54.67166466222388,125.55386615558533,12.988247055884191,55.982472524917455,125.9757630656008,300829200,22900,86571200
2013-04-09,13.053361892700195,54.744476318359375,127.17659759521484,13.099829800097288,55.52732107268223,127.63906389249391,12.924044911378852,54.626138432309766,126.55186698274046,13.034408028219929,55.372574467620026,126.97376410622726,306614000,10100,101922200
2013-04-10,13.319639205932617,55.08127975463867,128.73431396484375,13.36152253030245,55.290648116879346,128.89657822541056,13.023708122810579,54.66254997507265,127.48486554051286,13.087602519471835,54.85370876933658,127.51731344063842,375928000,12800,135711100
2013-04-11,13.27806568145752,54.96294403076172,129.15621948242188,13.389956207366938,55.18141022686175,129.578116491755,13.182376313973048,54.71716695580599,128.6288451257629,13.259416308071554,55.18141022686175,128.7586614947839,328364400,12300,110142500
2013-04-12,13.13957405090332,54.93562316894531,128.83978271484375,13.272558869502934,55.06306581137849,129.03449486255374,13.117868291391556,54.70805223042863,128.12580515999062,13.272558869502934,54.88100836607376,128.74241426102006,238613200,16200,116359900
2013-04-15,12.835389137268066,52.805572509765625,125.85407257080078,13.08118284695921,54.5988330737045,128.2961947949254,12.826217516965965,52.79647119778539,125.83785481128255,13.05397411490144,54.434981678397506,128.19071745821145,317520000,37700,217259000
2013-04-16,13.030740737915039,55.126808166503906,127.71204376220703,13.042051178940683,55.28155480183404,127.77695194536574,12.857400780061369,53.8615103088558,126.49504318291396,12.88797203274772,53.8979225074482,126.80334157795522,305771200,49500,147507800
2013-04-17,12.3141450881958,55.126808166503906,125.84602355957031,12.858316405827312,55.51823062022627,126.8277431960952,12.170765779673806,54.19831793714795,125.17261482013134,12.84822721640132,55.117703380626615,126.803391785295,945056000,14700,226834800
2013-04-18,11.985502243041992,55.1176872253418,125.05897521972656,12.40555255143519,55.509109564336214,126.08937247850135,11.914882008937932,55.072173726670734,124.58029131099322,12.38109571977195,55.345258191154485,126.0569121979267,666299200,11800,167583200
2013-04-19,11.93903636932373,55.47269821166992,126.14614868164062,12.216318897008831,55.84591446232396,126.20294797783546,11.773032901176489,54.981147557180826,125.04273445527824,11.86077350976496,54.981147557180826,125.35104519469334,609274400,20700,149687600
2013-04-22,12.187886238098145,55.30885696411133,126.70594787597656,12.295804409073474,55.527326662468155,127.0061373014897,11.961659475183513,54.85371494228782,125.55385582188224,12.003541165718989,55.527326662468155,126.38952831449971,429920400,9700,106553500
2013-04-23,12.415946006774902,55.554630279541016,128.01219177246094,12.484731095145364,56.31926896289633,128.13388683894598,12.192162628067262,55.39077888507503,126.70594441233517,12.35052262020731,55.563735063932356,127.33878351798954,664238400,11600,166141300
2013-04-24,12.395462989807129,55.32706069946289,128.0933380126953,12.694756509347433,56.2828616824503,128.4340965999487,11.99925808382036,55.32706069946289,127.81747521161385,12.031053025270541,55.54553038849205,128.05276886136272,969651200,18600,96781200
2013-04-25,12.484732627868652,55.68206787109375,128.61260986328125,12.654709206358334,56.10080112954075,129.2211100827972,12.44254399977226,55.290648965030876,128.27185122594858,12.571860961396672,55.2997502767012,128.46656337301374,384837600,9300,131060600
2013-04-26,12.754373550415039,55.47269821166992,128.38546752929688,12.802370469016225,55.955151027728135,128.67754819832098,12.480759685161889,55.08127586678185,127.97167935986269,12.528451291278051,55.62744827643046,128.45848460156,764097600,11600,95918800
2013-04-29,13.149357795715332,55.909629821777344,129.24551391601562,13.256357587304732,56.273744733968,129.5294733995436,12.839974990727995,55.58193056775434,128.5315360054769,12.853732013493074,55.74578193099442,128.73436951370041,640326400,14700,88572800
2013-04-30,13.53639030456543,55.98246765136719,129.5537567138672,13.611902089382847,56.31927176901401,129.5862169940089,13.208971205597107,55.627457436488385,128.68563610960396,13.301602532462157,55.7822040542733,129.22111931221653,691538400,12300,116010700
2013-05-01,13.429695129394531,54.611473083496094,128.4179229736328,13.602117494904494,55.97333394639071,129.33473420133055,13.279896092066915,54.611473083496094,128.27188882053352,13.587749032473956,55.97333394639071,129.269826006629,506909200,31800,138874200
2013-05-02,13.620156288146973,55.214698791503906,129.61058044433594,13.714008860464586,55.51632024074001,129.72416668630268,13.47066173744279,54.94049969278153,128.62075217292355,13.505818390042494,55.141580658938935,128.74244729646938,421828400,12600,96407600
2013-05-03,13.756505966186523,55.96419143676758,130.9249267578125,13.855863154271132,55.973333384684665,131.3387149044982,13.73113073954597,55.37009382752396,129.63490903219787,13.797164779018189,55.845370520266236,130.7383234567416,361300800,11100,144202300
2013-05-06,14.0845365524292,55.85449981689453,131.2575225830078,14.130086893974756,56.21095899902744,131.4441258073201,13.888878577944935,55.48889868891522,130.96544205018756,13.931677841476791,56.183540134749755,131.0222413332198,496641600,10100,66882100
2013-05-07,14.021860122680664,56.430335998535156,131.9228515625,14.238610720396082,56.430335998535156,131.96340833952468,13.870225971470395,55.772255180604056,131.16830485832483,14.21476533009927,56.02817394907427,131.54152377070682,483753200,20000,90359200
2013-05-08,14.180220603942871,56.34806823730469,132.5232391357422,14.226995451523596,56.485166064651125,132.56380829537355,13.934733063974885,56.000747465424126,131.703796583054,14.033477968916849,56.485166064651125,131.7768136424088,472598000,12000,97419200
2013-05-09,14.056512832641602,55.80881118774414,132.1500244140625,14.2482329979834,56.37548990618412,132.81531154702785,14.019892496226683,55.7539699621023,131.8173746575955,14.150065449540733,56.37548990618412,132.46644403168585,398487600,11100,106738600
2013-05-10,13.93957233428955,55.799659729003906,132.58006286621094,14.146987854380784,56.21096013463226,132.69364910612805,13.862946068808794,55.75396045874094,131.84985499819663,14.093441175510918,56.12870005350659,132.23930414645957,334852000,18600,103203000
2013-05-13,13.994039535522461,56.101287841796875,132.68548583984375,14.091285066787556,56.25666607644363,132.9045493688952,13.894333693959855,55.84536562203864,132.1013370623194,13.894641027310312,55.881926437237134,132.40963539879687,316948800,12300,81843200
2013-05-14,13.659226417541504,55.9367561340332,134.05667114257812,14.008200240911126,56.22923562209208,134.15403961030185,13.606602552415238,55.753955582338776,132.79099248190397,13.966655992479334,56.22923562209208,132.79099248190397,447118000,14400,119000900
2013-05-15,13.197309494018555,55.88194274902344,134.7787628173828,13.571210955323714,56.16528391957144,135.04650444888026,12.997588814906427,55.763121808260436,133.79705588186317,13.51458765618899,55.94592245098069,133.83762504663022,741613600,12100,120718500
2013-05-16,13.373642921447754,55.85449981689453,134.14593505859375,13.474273235450095,56.21095899902744,134.9734990474873,12.891111448523734,55.84535787104813,133.94310159719635,13.024669164203974,55.881918681172216,134.5029239314487,603204000,11800,109913600
2013-05-17,13.333020210266113,56.101287841796875,135.44406127929688,13.543204990149858,56.21096680076113,135.52518722815546,13.263779816045327,55.827088701070636,134.4623419723326,13.511200413438287,56.119568249396124,134.64083639178065,427904400,11900,129801000
2013-05-20,13.630599975585938,55.827083587646484,135.43592834472656,13.718920493516562,56.29322173552253,135.96330267671982,13.235772853900025,55.753961963946985,135.17630799879754,13.291473313216649,56.10128270325774,135.3142332419426,451578400,11500,85071200
2013-05-21,13.529975891113281,55.90022277832031,135.6306610107422,13.709078962276934,56.210982822822345,136.14180523298177,13.361951614582571,55.85452348961195,135.08706888580718,13.483507735134669,55.96420247983848,135.55764394469955,456022000,10200,95804200
2013-05-22,13.581979751586914,55.77224349975586,134.62464904785156,13.797396591033037,56.21096279094803,137.1722497753282,13.485657867696258,55.75396309346065,134.0080396446257,13.665069045248497,56.13784116576717,135.76863299618188,443038400,19300,244031800
2013-05-23,13.606291770935059,55.525455474853516,134.23513793945312,13.730002484588615,55.918475438626544,134.60835683233927,13.410878706966281,55.2055571260292,133.01002869405164,13.415802614583967,55.75395529162246,133.18852307152312,353021200,15000,211064400
2013-05-24,13.698920249938965,55.79053497314453,134.12161254882812,13.714614794048451,55.90935240768659,134.1784118674,13.551514468646548,55.32439323672614,133.04253691572418,13.56659352432533,55.35181559492419,133.44009500580677,276166800,7200,151573900
2013-05-28,13.584748268127441,55.98246765136719,134.92478942871094,13.882329919101696,56.064727743299756,136.12555977284288,13.566592593288018,55.53460637603849,134.52723148060016,13.845094925966729,55.53460637603849,135.52516841079233,386145200,21700,143679800
2013-05-29,13.692766189575195,55.22385787963867,134.04856872558594,13.77123973659157,55.87280028920736,134.51914380570133,13.521971837638732,55.19643900551324,133.33459103438034,13.54043649167092,55.589459138927175,134.21083300632236,330576400,18800,160363400
2013-05-30,13.896795272827148,54.913082122802734,134.54348754882812,13.986654940293805,55.60772008837572,135.16009678924672,13.679224631993172,54.83996050188411,134.04857342823837,13.714306650826725,55.2512609029744,134.15405078540437,353519600,15700,107793800
2013-05-31,13.839864730834961,54.648033142089844,132.6125030517578,14.066666877759427,55.19643146951749,134.93291814352668,13.832786202959573,54.43781366702152,132.35288268133488,13.925106181214558,54.83997220802637,134.1702624142083,384302800,42700,176850100
2013-06-03,13.870328903198242,55.827083587646484,133.3426971435547,13.92079730674012,55.87278285914321,133.43194434481416,13.616753443491389,54.41952371110951,131.97154122419096,13.870636236514066,54.64802355522405,132.92080015760362,372352400,32700,168390700
2013-06-04,13.826939582824707,55.81795120239258,132.7017364501953,13.984501345792005,56.19269087146412,133.95119726646894,13.767854332585452,55.41579266305263,132.02832800141897,13.947264703844054,55.98247139726609,133.41571405949452,292728800,68200,157631500
2013-06-05,13.697693824768066,55.67170333862305,130.84378051757812,13.870334689087215,56.09214222601352,132.5881429039675,13.654610442049286,55.452341948410485,130.73019430237093,13.714311196172044,55.945902461415486,132.3204013152715,290589600,11300,211737800
2013-06-06,13.493045806884766,56.000736236572266,132.02830505371094,13.755853651912723,56.02815509921748,132.03642631238574,13.357334286490643,55.461476522556296,130.01620131718994,13.708770012893517,55.78137487551893,130.78696571327964,416934000,32400,200225500
2013-06-07,13.596135139465332,55.91846466064453,133.7078094482422,13.640141326378403,56.05556591893257,133.8295045632795,13.317940141636344,55.470603571982785,132.3609924019646,13.432726671086957,56.05556591893257,132.93704483307354,404535600,28900,188337800
2013-06-10,13.506277084350586,56.20182418823242,133.7078094482422,13.81986064723318,56.20182418823242,134.19460228836243,13.441960594830782,55.571162375859345,133.35892948518355,13.68599560542497,55.94590198738105,134.12158521934003,450153200,21500,105667100
2013-06-11,13.466577529907227,56.31150436401367,132.3285675048828,13.625370253830923,56.55828462379329,133.49687795227902,13.334866296216452,55.98246401764086,132.03648679804047,13.409339572610104,55.98246401764086,132.49083181313452,286112400,20100,159505400
2013-06-12,13.300093650817871,56.45774841308594,131.23321533203125,13.578904175826205,56.84162652188545,133.37513563112347,13.278859709451444,56.302366688120905,131.1115202388886,13.525050167258472,56.62226859875182,133.23721039890552,265227200,14700,177361500
2013-06-13,13.416111946105957,56.84162902832031,133.22909545898438,13.452424948447845,56.84162902832031,133.4643767550139,13.194233667392938,56.33892998845527,130.8681117196638,13.309635715002871,56.53086905131859,131.16019230988869,285832400,10700,163587800
2013-06-14,13.234240531921387,55.763092041015625,132.39340209960938,13.426268862384452,56.841611422038454,133.60229353998983,13.186540577288874,55.75395358274239,132.17435095575647,13.398880031128718,56.841611422038454,133.0830405657261,271866000,13800,141197500
2013-06-17,13.294246673583984,56.31150436401367,133.4156951904297,13.408109580343833,56.31150436401367,134.04853438918036,13.243778260299225,55.86364311775488,132.42586723751856,13.277013817406527,55.89106547103999,133.2939877260743,259414400,9700,136295600
2013-06-18,13.287172317504883,55.9367561340332,134.47044372558594,13.383494237255642,56.293215292190546,134.67327713826361,13.239165846103031,55.763094040939755,133.48061568132132,13.280710097527063,56.293215292190546,133.48872456103956,195025600,14600,114695600
2013-06-19,13.017282485961914,55.11415100097656,132.6125030517578,13.283782395294578,56.156109529949305,134.5921594436129,13.017282485961914,55.031890933603435,132.55571612509098,13.275781045911206,55.9367516747078,134.356878096043,310940000,14300,206149500
2013-06-20,12.827718734741211,54.95878219604492,129.3266143798828,13.108989600652263,55.571160090352656,132.62874918475842,12.776326674481084,54.74856276277671,128.9858556388836,12.903422181358803,54.97706260154183,131.32250115427524,357310800,26800,321255900
2013-06-21,12.724931716918945,54.58404541015625,129.74176025390625,12.92496135024236,55.58030489792915,130.30453228825291,12.55875394763611,54.58404541015625,128.43675240372113,12.878492384114654,55.25126455530602,130.20666105540604,481118400,33500,271956800
2013-06-24,12.387655258178711,55.18728256225586,128.1023406982422,12.575990656614875,55.70826192068908,129.21974540972138,12.249480946842453,54.30984052317229,127.0175555821117,12.537215697473691,54.638880851999765,128.3878150508207,480746000,21300,222329000
2013-06-25,12.390423774719238,55.872779846191406,129.3339385986328,12.54921570063504,55.872779846191406,130.5818465196621,12.273483423744528,55.12330067684202,128.3959603769891,12.484899206083904,55.58943879958147,129.26052273320795,314162800,13000,162262200
2013-06-26,12.250097274780273,56.521724700927734,130.61448669433594,12.456896509332383,56.85076505248416,130.9081128658729,12.175932132738172,55.85450553766325,129.88857927657486,12.429507678110559,56.25666403032604,130.3942639543136,367724000,17600,134848000
2013-06-27,12.11807632446289,56.69536590576172,131.38121032714844,12.35226437665293,56.85074757361592,131.9847788411506,12.11069128360141,56.439447260625435,131.27517482517308,12.286409566967926,56.85074757361592,131.39752635333267,337246000,9300,129483700
2013-06-28,12.202702522277832,55.89106369018555,130.8428497314453,12.31779557309571,56.69538063721223,131.6421605105217,11.966975381211086,55.022763578619674,130.38610071483023,12.043602459054824,56.69538063721223,131.0141368354146,578516400,41700,160402900
2013-07-01,12.593221664428711,55.95504379272461,131.6094970703125,12.687082427306363,56.66796220147284,132.52299479922112,12.34703201862974,55.60772304813633,131.38112263808534,12.392270012143872,56.02816193090421,131.5279294393143,391053600,8600,131954800
2013-07-02,12.878491401672363,56.31150436401367,131.4872283935547,12.975121435431998,56.38462250396816,132.37625879774507,12.600913533436982,55.781383031161674,130.9081277728785,12.615992588122198,55.90934239105532,131.4138125082015,469865200,7900,154863700
2013-07-03,12.949581146240234,55.8636360168457,131.54434204101562,13.016668569733849,56.4485950086508,131.9440038136013,12.84648970053999,55.7539570775399,130.67977927771162,12.951427611705572,56.4485950086508,130.89183785034848,240928800,5600,75216400
2013-07-05,12.845568656921387,56.24751281738281,132.96343994140625,13.026210866981433,56.338911344701096,133.0123755417598,12.781867639841387,55.21469272286066,131.56056131906323,12.93696748333456,56.17439120622392,132.51484286237684,274024800,16400,122416900
2013-07-08,12.772631645202637,57.033565521240234,133.72201538085938,12.955735768948507,57.05184244150697,134.0808931748975,12.637227467472556,56.26580586468631,133.01242402613343,12.928347764387372,56.32064359874873,133.64861195357275,298138400,15400,108092500
2013-07-09,12.997278213500977,57.01526641845703,134.68443298339844,13.032667561125159,57.12494533724816,134.84755582465024,12.628917063124769,56.713645033493975,133.98299356508815,12.728008222568638,57.12494533724816,134.56208151835332,352584400,9700,119298000
2013-07-10,12.947426795959473,57.50883483886719,134.73336791992188,13.072676651605578,57.5819564571574,135.1901168513412,12.871108687039845,56.97871705278575,134.27661898850255,12.912652928256783,57.11581834376457,134.55392906179642,281405600,20700,121410100
2013-07-11,13.149303436279297,57.82875061035156,136.56854248046875,13.178846885511208,57.94757152536221,136.70719753194209,12.960968877908046,56.704531608230425,134.72521809452317,13.015745713198154,57.81047020137827,136.29938416449943,326292400,14000,135592200
2013-07-12,13.125298500061035,57.39002227783203,136.6256561279297,13.226236139913421,57.82874156467122,136.9682179289352,13.02990025621986,57.14324202524168,136.3157263720554,13.16038051971844,57.764761886588275,136.52778488349347,279563200,9400,104212700
2013-07-15,13.153919219970703,57.911006927490234,137.1476593017578,13.277629948676239,58.02068588753959,137.3434142396217,13.072677199634906,57.07926754996744,136.76431366019875,13.079140240042948,57.60024696849099,137.00085243246912,241917200,12400,69450600
2013-07-16,13.238853454589844,57.81959533691406,136.6337890625,13.254547176612231,58.020676302645796,137.318912507566,13.053287394616367,57.01527844724853,136.26675953446292,13.125605229289118,57.77389606832886,137.23734485890185,216538000,12200,88702100
2013-07-17,13.242236137390137,58.4868278503418,136.98451232910156,13.301014864733636,58.495966310960114,137.41679351776617,13.177919658315622,57.60024724521929,136.80507344563966,13.223464975082436,57.92928761357945,137.15579942530675,198990400,18700,92873900
2013-07-18,13.286863327026367,59.016929626464844,137.73483276367188,13.382568924441813,59.071767348472314,138.0610908065367,13.251473966540958,58.139491208041946,137.18836454302908,13.336716258168527,58.49595034761185,137.27808394913293,218878800,20600,103620100
2013-07-19,13.077293395996094,59.282005310058594,137.9795684814453,13.355179473088713,59.345984993086994,138.02850409257206,13.058828740717543,58.7427420045943,137.27812901585176,13.32809880042718,58.90726218570481,137.4494161002712,268721600,13900,103831700
2013-07-22,13.119145393371582,59.400821685791016,138.24871826171875,13.225006955134724,59.6019026784237,138.4444731396285,13.09329569689665,58.82500454864843,137.84905671970617,13.216082782336372,58.96210585937638,138.17531484955575,207796400,11200,79428600
2013-07-23,12.893881797790527,59.291141510009766,137.9551239013672,13.139147803142876,59.473938594297266,138.51790841502418,12.885264958748198,59.099202479529346,137.88172047231922,13.10960517674475,59.40081697127756,138.4934406053415,369395600,13700,80829700
2013-07-24,13.556129455566406,59.05350875854492,137.4493865966797,13.681685801352854,59.38254913922356,138.5423231621635,13.39456744949029,58.6787656131698,137.1720641173625,13.507506694033184,59.208887001292375,138.48522333112157,591936800,14900,112914000
2013-07-25,13.494275093078613,59.766414642333984,137.78379821777344,13.583519273536355,59.766414642333984,137.90614967741436,13.411493952125305,58.71531403556634,136.9763358333259,13.561977999846686,58.971232728011735,137.20471029008627,229493600,16200,111088600
2013-07-26,13.570903778076172,59.48306655883789,137.9306640625,13.572442088487453,59.720701317902616,137.9714478961539,13.366258366807932,59.1357424177646,136.63382029246472,13.39580099372885,59.64758668533047,137.2047566271835,200152400,10000,107814600
2013-07-29,13.78016471862793,59.080909729003906,137.5065155029297,13.847866810565549,59.72984834616797,137.8898610841911,13.546592172744338,58.98951120056375,137.11501813426074,13.565056006115052,59.55619323410989,137.57991892602817,248057600,8400,79695000
2013-07-30,13.95034408569336,59.16318130493164,137.5065155029297,14.068207262250514,59.245437899698715,138.06929997097205,13.824478736555061,58.87070179032367,137.18026976995174,13.846943656869636,59.144897412808945,137.9224931247751,309422400,6000,85209600
2013-07-31,13.926032066345215,58.59431457519531,137.60438537597656,14.074053360916054,59.37422496519011,138.53419931171786,13.830633808812777,58.566789396770744,137.4249465071953,14.001736334282999,58.9521558953141,137.79197603134764,322957600,15100,142388700
2013-08-01,14.053740501403809,58.66770553588867,139.19488525390625,14.057433431935346,58.998025117590366,139.31722430677107,13.948494446495683,58.49337360402451,138.57500086478206,14.025122344151628,58.805334903102725,138.64841674197936,206250800,11700,110438400
2013-08-02,14.234075546264648,58.6768913269043,139.431396484375,14.243616028378968,59.13565945010779,139.44771250481767,14.053126867403924,58.31905002071276,138.69733735565666,14.094671106316198,58.6768913269043,138.88492803157763,274783600,17800,91116700
2013-08-05,14.446720123291016,59.26408767700195,139.22747802734375,14.48426409240412,59.26408767700195,139.43954893875346,14.222072618733975,58.58510794692408,138.94201614383408,14.300237177087118,58.63098788826965,139.1214550171149,318855600,12100,54072700
2013-08-06,14.317476272583008,58.961326599121094,138.43629455566406,14.521813559887924,59.18153500183492,139.26008535833756,14.222692670476944,58.31904567426509,138.12636492128257,14.40271939039469,59.01637694972483,138.9582950638302,334857600,21200,87495000
2013-08-07,14.309162139892578,57.70427322387695,137.98779296875,14.371325647437562,58.73192380628258,138.1916997528595,14.210378304642502,57.080343763183684,137.4739563357221,14.272849145518464,58.713572528009436,137.99595720522314,298858000,13200,84854700
2013-08-08,14.280668258666992,57.172119140625,138.4934539794922,14.376387049820622,57.961203367523744,138.803383747228,14.185877555483037,56.90603076752272,137.78385009373568,14.368952419988712,57.65841592583636,138.64026085176508,255777200,9900,102181300
2013-08-09,14.077455520629883,57.06199264526367,138.09371948242188,14.263627282948915,57.52076410293626,138.7380713810946,14.0526750805199,56.67662630088995,137.6125028386609,14.20724884523558,57.025293588762686,138.3139421201747,266865200,8700,91757700
2013-08-12,14.477372169494629,59.144840240478516,137.9306640625,14.517331238415894,59.22742277758209,138.093786951637,14.144989279194236,57.17212424681876,137.33525991668458,14.152114546638298,57.17212424681876,137.4005115614351,364434000,20400,68593300
2013-08-13,15.165367126464844,59.300819396972656,138.3384246826172,15.32303948868641,59.53938260877312,138.57495091472487,14.498741984329568,58.90627550835252,137.35967527605868,14.58826689180449,59.08061097085666,138.17530185576976,881941200,22100,80806000
2013-08-14,15.441987991333008,58.80533981323242,137.62889099121094,15.620104729477852,59.27328880122099,138.49345353532297,15.284006289503816,58.181413662830174,137.5962589449355,15.42278269706069,59.27328880122099,138.27323078214076,756372400,21300,79829200
2013-08-15,15.423709869384766,57.58500289916992,135.7039794921875,15.562797285598304,58.419966972671034,136.56037760339345,15.15018374689846,57.529952553759394,135.4674407707206,15.377555293357203,58.419966972671034,136.54407402951566,490294000,20600,152931800
2013-08-16,15.560627937316895,58.24562454223633,135.25538635253906,15.579523867292444,58.53923799864413,135.90789024600792,15.453138517405206,57.50241351187056,134.98622802977778,15.493097569465213,57.50241351187056,135.442977021563,362306000,24900,130868200
2013-08-19,15.728226661682129,57.88778305053711,134.39083862304688,15.914087533306562,58.63099407691692,135.5653432701416,15.61237277292801,57.85108049364585,134.3826743894978,15.622904343052367,58.18139650537021,135.10042999505077,510518400,13400,96437600
2013-08-20,15.521599769592285,59.007205963134766,135.05145263671875,15.815881350174974,59.16319364060943,135.55713714135643,15.513855778684123,57.80522650915148,134.46420049466732,15.789241425886544,58.0162610430558,134.61100730744312,358688400,9400,89294400
2013-08-21,15.561564445495605,58.15388870239258,134.21954345703125,15.70994272394085,59.00720065394619,135.41851584188316,15.52563039949149,57.805221308111314,133.91776552529208,15.599665684550935,58.96132769435727,134.67629247116966,335879600,12400,159530500
2013-08-22,15.58015251159668,58.41078186035156,135.44297790527344,15.661622443308962,58.90625237460558,135.6387328082343,15.432702291404498,57.896956567621395,134.488696088608,15.64272650130316,58.09881712907761,134.49684787584428,244207600,14200,101471400
2013-08-23,15.520052909851074,58.83287048339844,135.89974975585938,15.592228699284188,58.83287048339844,136.07103688044205,15.468321523228411,58.17223828204106,135.20647435987902,15.58975048958925,58.41079796578155,135.84266234465102,222731600,10200,90888900
2013-08-26,15.580459594726562,58.73193359375,135.39404296875,15.804423268942879,59.17235034510567,136.45436025217893,15.503946103472346,58.27315856076496,135.304323526795,15.511690095960152,59.10812261052055,136.0383826369891,330965600,14500,89702100
2013-08-27,15.13501262664795,57.869441986083984,133.2163543701172,15.566212946968626,58.6860547702305,135.39407688437822,15.064075924767513,57.126230828526936,133.1184831163688,15.42650508211401,58.12635292937077,134.0564491527373,424188800,23500,158619400
2013-08-28,15.206567764282227,58.493377685546875,133.6894073486328,15.358355644181236,58.81451639827049,134.16247244119828,15.054781538729001,57.52078065534908,132.98796772110177,15.054781538729001,57.52078065534908,133.15924239958656,307608000,18400,108113000
2013-08-29,15.231351852416992,58.465843200683594,133.9014129638672,15.380041162075205,58.676877678320245,134.61100409965553,15.213695017574404,58.007071684043325,133.273377018075,15.229803384562343,58.007071684043325,133.39572847128,239657600,10600,119200500
2013-08-30,15.092570304870605,57.65840530395508,133.47732543945312,15.270066681668714,58.57594835239475,134.19508103072906,15.070266419624014,57.57582628958955,133.0858280467016,15.240639184949654,58.32821130929816,134.1787650094334,272297200,16300,134928900
2013-09-03,15.134696006774902,58.61265182495117,134.0808868408203,15.507037826777964,59.16317976265714,135.0514847073505,15.096594782454847,57.94284580920225,133.51810236725393,15.274711512846192,58.2272819185421,134.766010354085,331928800,27000,142375100
2013-09-04,15.447872161865234,58.69523620605469,135.19012451171875,15.557841452797197,58.722761380403966,135.41849899036896,15.37321817870522,57.94285110588021,133.86881325017453,15.474823100119451,58.45667302786317,134.11349130195998,345032800,10800,97389400
2013-09-05,15.341935157775879,58.364933013916016,135.36138916015625,15.509522027833588,58.64936921212692,135.7202543917925,15.291442873780346,58.27317657888822,135.17378609091108,15.496201236551126,58.55761627724923,135.2716697408788,236367600,3900,63090500
2013-09-06,15.433314323425293,58.18141174316406,135.42666625976562,15.469246702901067,58.59430686595733,136.19335743094817,15.17713564816827,57.69511498751276,134.1542904631125,15.440130225977788,58.52090173294991,135.8100118453569,359525600,8000,159756500
2013-09-09,15.679583549499512,58.713565826416016,136.72349548339844,15.733793147338295,58.722739714431256,136.80505067882368,15.596255814100898,57.96117750368867,135.7610495917731,15.643340145280392,58.37407246733537,135.7610495917731,340687200,10700,87559300
2013-09-10,15.322422981262207,58.72276306152344,137.73483276367188,15.719237705153374,58.94297146292047,137.75930056120276,15.16320211140295,58.49337726831436,137.23730013809086,15.680516084273881,58.72276306152344,137.5472421674445,743195600,17000,105847200
2013-09-11,14.488205909729004,58.539249420166016,138.16717529296875,14.673446206762824,58.768638696648246,138.16717529296875,14.39837167787166,58.03460141226313,137.310777107174,14.466520757963211,58.64017972177643,137.54730340376514,898696400,7000,94545900
2013-09-12,14.642477989196777,58.44749450683594,137.8001708984375,14.726424452219687,58.63100382164379,138.29770383642474,14.435550776746416,57.979545579068464,137.6125801844199,14.512684644244262,58.603475149325725,138.11826491154545,404051200,21800,83209000
2013-09-13,14.401167869567871,58.44749450683594,138.1100616455078,14.615837434925256,58.63100382164379,138.2160970921817,14.394973998892569,58.163054893876314,137.62884491063764,14.538705216344768,58.63100382164379,137.94693880518443,298835600,3800,72727800
2013-09-16,13.943327903747559,58.82368469238281,138.90940856933594,14.299252094646674,58.82368469238281,139.66794802097033,13.853495281608941,58.26398287950079,138.68918583234813,14.280357813188779,58.722754398237015,139.60269637869698,543706800,8700,106299200
2013-09-17,14.104406356811523,58.72276306152344,139.5292510986328,14.2403952040175,58.998028813493875,139.56187068724668,13.862167175524407,58.48420337665175,139.03171836531882,13.876416052557351,58.7686430202848,139.03171836531882,399380800,12400,82523300
2013-09-18,14.394352912902832,58.80533981323242,141.14418029785156,14.446084303531295,58.92462490837993,141.52752578103707,14.26982534760778,58.300695257828174,139.12958167616551,14.34788730469747,58.60348269110062,139.4802951271157,456862000,16000,203460600
2013-09-19,14.630396842956543,58.704410552978516,140.9076690673828,14.739745787989285,58.71358794459904,141.59280497755455,14.535917157477103,58.273164150697085,140.76901401706178,14.580834298791274,58.58512896295718,141.52755334584884,404541200,12100,146616900
2013-09-20,14.478918075561523,58.59431457519531,139.9225311279297,14.823999663319395,58.814523002891555,141.24209157138745,14.435240044965845,58.35575136168289,139.8077872852873,14.806963213085538,58.667716217710776,141.24209157138745,699302800,17000,132867100
2013-09-23,15.198509216308594,58.530067443847656,139.2750244140625,15.392734307864062,58.72275062931441,139.86513911961015,14.94945416121367,58.33738425838091,138.83244463797158,15.367642853952136,58.72275062931441,139.73401224537483,762106800,11000,104616500
2013-09-24,15.150808334350586,58.44749450683594,138.94720458984375,15.348130409861557,58.72275672897319,139.76680705306757,15.11115863253737,58.26398519202809,138.68493830480548,15.329854853641312,58.26398519202809,139.2504534992714,364344400,9600,106333100
2013-09-25,14.916311264038086,57.99789047241211,138.54559326171875,15.167533543523662,58.520889686912085,139.3160215691291,14.913214329394759,57.99789047241211,138.42265789612816,15.15390504587851,58.49336451777482,139.0373597363631,316957200,13800,117306500
2013-09-26,15.061595916748047,58.484195709228516,139.07835388183594,15.134081077827274,58.60347378595199,139.47175959045745,14.989729480996761,57.942845168221524,138.55380876829327,15.05478166641174,58.172230931357554,138.77510495082998,237221600,10900,77146900
2013-09-27,14.954106330871582,58.135536193847656,138.43899536132812,15.01358171612057,58.55760521478968,138.62750034485532,14.891222993309364,57.97955203384334,138.07836843205124,14.986012043644855,58.26399167846919,138.38161721069966,228040400,5300,99141800
2013-09-30,14.768244743347168,57.401485443115234,137.70140075683594,14.920340323352086,57.98871234276475,138.1357890473827,14.695757932449537,57.355605497709526,136.99654216169847,14.783732727727841,57.92448461937486,137.2670124662892,260156400,34500,143937000
2013-10-01,15.115496635437012,57.08953094482422,138.79150390625,15.152049406970107,57.796039528858145,138.92264332620343,14.818736768356246,56.90602163076427,137.66865232498935,14.820905615764252,57.58500154259233,137.8079832688861,353883600,13200,127160000
2013-10-02,15.165048599243164,56.97024154663086,138.660400390625,15.234436778761632,57.227152450964944,138.7915398445353,14.985074094280849,56.896836431021946,137.55394407689175,15.043310336214164,56.896836431021946,137.9801410490269,289184000,10000,113350000
2013-10-03,14.9745454788208,56.080238342285156,137.38180541992188,15.251479556998152,57.144588294129626,138.46368702504844,14.891838144776196,56.071064450524624,136.7425162918544,15.194480747397545,56.9152024984722,138.34073911202307,322753200,29000,176698000
2013-10-04,14.962782859802246,55.95176315307617,138.42263793945312,15.011415671869829,56.69497412933495,138.5619688357485,14.825554851467862,55.61227327509793,137.30797826295088,14.988493052418578,56.06186731617621,137.48829177724824,258868400,17600,96878000
2013-10-07,15.10898494720459,55.107643127441406,137.22604370117188,15.260771110531069,55.960958541264056,138.06204177195454,15.034640332559048,55.08011445270078,137.07852125075598,15.07212282958889,55.82332566800903,137.2178521781961,312292400,19600,96295000
2013-10-08,14.89803695678711,54.33690643310547,135.62779235839844,15.1985124335332,55.47465797839487,137.38174087398954,14.885645908486032,54.190099669192335,135.52944407910113,15.17682727183353,55.30949993147394,137.20142735785163,290917200,39200,178015000
2013-10-09,15.0730562210083,55.25444030761719,135.7261962890625,15.1102277142382,55.53887639611957,136.2179503480092,14.81563837784369,54.54793178108275,134.8492154994189,15.012651096957237,54.63968468057086,135.8901143087114,301725200,19000,168973000
2013-10-10,15.167532920837402,56.87849807739258,138.65213012695312,15.252409109594288,56.87849807739258,138.72589133808523,15.08699277127225,55.53888249673564,137.06209954313863,15.219575317210351,55.87837596246023,137.11127368389336,278602800,19900,195955000
2013-10-11,15.265730857849121,56.869327545166016,139.5454559326172,15.2976365644906,57.447380745570364,139.5946425661992,15.028757450380217,55.74074982066676,138.324256747258,15.085445252090105,56.97943174995508,138.43900054667705,267738800,39700,105040000
2013-10-14,15.365790367126465,56.79592514038086,140.1028594970703,15.41349508753823,57.64006319926055,140.21760335185826,15.158555410411918,55.300328753283694,138.57839827994897,15.173424671996774,56.4564316383036,138.6849506115886,261898000,37800,112106000
2013-10-15,15.447562217712402,56.869327545166016,139.0865478515625,15.550406239837038,57.337276540781296,140.2749690274793,15.349676268076065,56.42890722586018,138.898042770011,15.411318823627106,56.97943174995508,139.75042390470915,320073600,21000,155485000
2013-10-16,15.522842407226562,57.45655059814453,141.02899169921875,15.566829807594006,57.612534752433156,141.102752914126,15.464606126518948,56.428903258678694,139.85695375797349,15.512929567217471,57.05283287553457,139.9225234510489,251101200,33300,161676000
2013-10-17,15.627849578857422,58.22727966308594,141.97154235839844,15.636523311599733,58.26398222420779,142.05350760872352,15.47854160108533,57.17210728194946,140.4306856965044,15.487834058993696,57.584998844049146,140.45527277037368,253593200,23800,129389000
2013-10-18,15.763839721679688,58.37411117553711,142.930419921875,15.775301027304845,58.57597184720779,143.02876817893224,15.665333373217745,57.74100747822957,142.20916602042476,15.67400710667512,58.31906081064537,142.49603177835695,290542000,17100,138316000
2013-10-21,16.150127410888672,58.355743408203125,142.93865966796875,16.241199156794753,58.50255017337517,143.22552552268792,15.845314165054058,57.83274408851838,142.61901521855,15.85305815856153,58.15388629368492,142.97964229094873,398106800,17100,104104000
2013-10-22,16.103965759277344,58.31902313232422,143.76646423339844,16.369747931426836,58.704389438193246,144.19264848957016,15.73719903399696,57.93365332630709,142.9632448532445,16.306555245071642,58.38325084996905,143.35666302128988,534063600,12200,126663000
2013-10-23,16.26164436340332,58.043785095214844,143.0780029296875,16.283638894217432,58.291522195465596,143.34026920541717,16.07702099790322,57.585013465154134,142.57804494462025,16.07702099790322,57.92450699150689,143.27469950994958,313723200,9900,105484000
2013-10-24,16.4769344329834,58.621826171875,143.55337524414062,16.49428190582235,58.66770262533705,143.73368879761085,16.18389349708265,58.13552946490897,143.02883013572045,16.262883558654416,58.392440404415694,143.36487016774606,384764800,13000,70350000
2013-10-25,16.292612075805664,58.39244079589844,144.20901489257812,16.517813104284187,58.63100395573898,144.24999750673376,16.266281520006565,58.355738232823114,143.5697261313916,16.45864710795351,58.63100395573898,143.8483878978292,337792000,9600,93625000
2013-10-28,16.414051055908203,58.69523620605469,144.4385528564453,16.448746001525247,58.69523620605469,144.6352619692561,16.20743481315836,58.26398980711956,144.00416450852933,16.388029846695417,58.475024310812465,144.15989099290343,550440800,10000,84979000
2013-10-29,16.005149841308594,58.63100814819336,145.20899963378906,16.704299439678472,58.658533322393524,145.26637782209355,15.93886021435189,57.90614822629484,144.56151904462425,16.611988611264266,58.245638208644415,144.76641970660785,635807200,20400,87401000
2013-10-30,16.25977897644043,58.981048583984375,144.4877166748047,16.34093784753753,59.257395529297646,145.4876327076663,16.015680329321167,58.00463489205506,143.97137561308475,16.095911112712173,58.90735864209225,145.38109288872104,354163600,19000,140002000
2013-10-31,16.191625595092773,58.327030181884766,144.0779571533203,16.340005454166686,59.21133049528472,144.97952515095227,16.147328852871556,58.24412680788495,143.86486494758233,16.262873272013938,59.21133049528472,144.37301463380487,275696400,16900,133795000
2013-11-01,16.108924865722656,58.538875579833984,144.42214965820312,16.25668440591191,58.72310563362062,144.74998562766788,15.97913151979261,58.01382221057447,143.61073875048803,16.23252268702096,58.207262185797234,144.26642319555816,274890000,25200,142805000
2013-11-04,16.31708526611328,58.548091888427734,144.9302978515625,16.319254112754024,58.92576193597139,144.9876635179366,16.071128792719655,58.29016839491038,144.23363079007672,16.142065463282872,58.68626180012643,144.81555401267383,244627600,12000,85677000
2013-11-05,16.276819229125977,58.686283111572266,144.47129821777344,16.3833805970174,58.934993259622395,144.86470381268887,16.20092612133688,58.4928430566102,143.89757911974294,16.249869938098524,58.64943638284688,144.36474591880406,265213200,7000,85825000
2013-11-06,16.23070526123047,58.253334045410156,145.20899963378906,16.353467183477708,59.20211075548956,145.47947000834466,16.145955854765212,58.253334045410156,144.6926459636244,16.331344245405504,58.60336735268682,145.094255763324,223375600,16500,87348000
2013-11-07,15.968040466308594,58.0875244140625,143.373046875,16.301428663096406,58.925767947240296,145.59417495987321,15.964614282037902,57.87566105006114,143.23371596283314,16.188950311577475,58.49282778251338,145.47943112008048,262620400,17000,157000000
2013-11-08,16.21949005126953,59.2481803894043,145.3072509765625,16.237249971907477,59.25739382806216,145.32364652029966,15.971162331190447,58.11516989339885,143.3074323553731,16.033166468997173,58.39151331688113,143.3238153929747,279316800,28800,136713000
2013-11-11,16.172439575195312,59.61665344238281,145.33193969726562,16.254072298586596,59.7548269407679,145.5040492406098,16.027867552820133,59.00869286060688,144.99589962825982,16.20172771503815,59.00869286060688,145.16800917160398,227452400,16300,62614000
2013-11-12,16.202350616455078,59.9298210144043,145.03683471679688,16.324177355657955,59.9298210144043,145.36467064836947,16.108565675963455,59.15606091493299,144.55325983443947,16.12944060860247,59.579787687661636,145.0204391683765,204276800,12700,83990000
2013-11-13,16.221670150756836,59.88376235961914,146.20066833496094,16.272146060603042,59.93902892511557,146.24163844674797,16.107319767535657,59.49687531776457,144.32377198673908,16.139724589463032,59.920609079214486,144.32377198673908,197220800,20100,103844000
2013-11-14,16.45629119873047,59.93901824951172,146.93017578125,16.491187041798327,59.93901824951172,147.05311118065495,16.260308050342413,59.67188485086886,146.09417754686308,16.28959619749025,59.93901824951172,146.33185682109414,282419200,6400,103435000
2013-11-15,16.357524871826172,59.85614776611328,147.56942749023438,16.485270545740878,59.93904764024226,147.62679316004414,16.341946455788793,59.60743408813562,146.97931271028133,16.407065632589344,59.83772088666549,147.16781777700095,317920400,8600,102818000
2013-11-18,16.159353256225586,59.80086135864258,147.0530548095703,16.42606487662788,59.93903481375152,147.93822686439876,16.145956356642603,59.5705746093923,146.72521886606629,16.35751787856288,59.93903481375152,147.81529151211964,244944000,16600,104796000
2013-11-19,16.188020706176758,59.9298210144043,146.73342895507812,16.307354795267855,59.99430102269357,147.42189202723816,16.138791130414923,59.6903278566406,146.47935419079104,16.17181829349489,59.82849428312203,146.9793121968899,208938800,10900,93891000
2013-11-20,16.04625129699707,60.70359420776367,146.27442932128906,16.21512778197591,60.795707510554095,147.4710417236245,16.02537636100405,59.948253880410995,145.87281967604548,16.178048770518558,60.086427348493885,147.0284619666561,193916800,14300,124909000
2013-11-21,16.2375545501709,60.79568862915039,147.4546661376953,16.239736059259815,60.80490206490636,147.56940996983298,16.004806999228826,60.3351152304447,146.59408114359297,16.127256052871974,60.77726878543079,146.68423790499682,262026800,9900,92841000
2013-11-22,16.195802688598633,61.11811065673828,148.1923065185547,16.269335018586776,61.18259067471256,148.20870206811634,16.156232677122777,60.47331047699552,147.33992553344964,16.187078316430092,60.47331047699552,147.5120350323568,223725600,7700,81296000
2013-11-25,16.318571090698242,61.302337646484375,148.04473876953125,16.384936582627503,61.302337646484375,148.48731842308712,16.233199339239455,60.82333725540667,147.83163420888832,16.23382167692673,61.210217321265816,148.45453984013847,229311600,25200,79486000
2013-11-26,16.61954689025879,62.58272171020508,148.0857696533203,16.70492026630922,62.637988274494695,148.52836199467393,16.326665591411942,60.93386794023248,147.86448598878485,16.330402943819248,61.293114663701,148.11856075586422,401382800,21200,86994000
2013-11-27,17.010887145996094,63.27360916137695,148.44635009765625,17.012133484667267,63.46704924760353,148.54471086823844,16.619545123265826,61.96557467749865,148.06113605373093,16.710215013590936,62.59195511147827,148.241449542638,363448400,11900,58800000
2013-11-29,17.325902938842773,62.545875549316406,148.34800720214844,17.396318618131144,63.53150244543327,148.96270888945014,17.06853967970022,62.545875549316406,148.18408925342888,17.120573101052095,63.098562280521485,148.61028592501,318127600,7400,55870900
2013-12-02,17.175098419189453,62.22348403930664,147.9628448486328,17.583263733410927,63.14463105970914,148.70048212870077,17.162323857068223,61.937923684081916,147.73335713900534,17.386035942609738,62.92355071480083,148.42182026788774,472544800,16200,99726000
2013-12-03,17.6452693939209,63.33808517456055,147.32350158691406,17.64713973507848,63.549945100797785,147.84804651651905,17.376066731577918,61.27471033003372,146.84813079037554,17.395384160846923,62.11295767833442,147.47922801238295,450968000,15100,116563000
2013-12-04,17.604135513305664,63.40254592895508,147.30715942382812,17.734686610267737,63.67888579585717,147.9218613221988,17.473895585089537,62.923545581855244,146.17611643500274,17.619713918650813,63.116985597024744,146.7908183333734,377809600,6300,123033000
2013-12-05,17.694496154785156,63.651268005371094,146.65963745117188,17.92007856495642,64.2131683409763,147.31532179189972,17.648072098153197,63.420981213001596,146.52030656101473,17.842496027359786,63.55915469398233,147.0448515323693,447580000,9000,106934000
2013-12-06,17.448970794677734,63.88154983520508,148.29884338378906,17.658663609268213,64.6921637791634,148.43817427519943,17.43495155947197,63.47624989102055,147.65135055802125,17.62875147015144,64.0473565939425,148.07754725924852,344352400,12800,127728000
2013-12-09,17.64869499206543,64.83033752441406,148.6758575439453,17.7468412981902,64.87639769561636,148.8971536745922,17.476392330909455,63.97367034573744,148.47916098882726,17.476392330909455,64.12105727134845,148.73323570994745,320493600,15600,70124000
2013-12-10,17.62127685546875,64.55399322509766,148.14315795898438,17.693875707873016,65.02377320624679,148.64311600476248,17.48574036079704,64.2039528142866,148.05300118003612,17.559896721414884,65.02377320624679,148.3316630400063,278269600,15300,80976000
2013-12-11,17.490726470947266,63.614437103271484,146.4793243408203,17.790154109884508,64.9316781644818,148.22508124517333,17.43869471194486,63.043330213885966,146.29901083397922,17.666457001919376,64.46189805117376,148.2004941766167,359718800,12300,130591000
2013-12-12,17.465179443359375,63.62363815307617,145.9957733154297,17.61473686436905,64.04736503059964,146.5940795403082,17.44928986177966,63.245971447633856,145.69251193612996,17.51503302636578,63.61442471310083,146.41376601947255,262290000,13600,115565000
2013-12-13,17.274803161621094,64.1671142578125,145.97938537597656,17.538086950944177,64.64610768668409,146.430169201564,17.25112437710767,62.83144666498727,145.70072355875533,17.537151780396282,63.59600049110843,146.29902981482215,332822000,12100,107808000
2013-12-16,17.370458602905273,65.9172592163086,146.88912963867188,17.530610735882334,66.15675933921825,147.37269200878944,17.29287771147414,64.24998584681165,146.62685089181142,17.293188880354254,64.24998584681165,146.66783350927574,282592800,42600,96195000
2013-12-17,17.29224967956543,63.955230712890625,146.42196655273438,17.430901175415595,65.61329797420528,147.0448723925553,17.242084941370013,63.6236172606277,146.09413058893205,17.31779880187453,65.61329797420528,147.02028532057716,229902400,33100,89886000
2013-12-18,17.1607666015625,65.55801391601562,148.9217529296875,17.18195437252208,65.74224748663971,148.94634000108914,16.787808251724837,63.568340547820334,145.33190293750937,17.127428268791345,64.28683390377397,146.64325926810966,565863200,10000,234906000
2013-12-19,16.964160919189453,65.35538482666016,148.7496337890625,17.13677477341595,65.40144499340721,148.92174327771906,16.941415640173684,64.43423771407696,148.1103449617739,17.12119636225598,65.40144499340721,148.49554655748022,320308800,16000,136531200
2013-12-20,17.10623550415039,66.54363250732422,149.61492919921875,17.18693471315569,66.54363250732422,149.9692782163533,16.975373226199096,65.0974325375234,148.79912549347057,16.99437948153981,65.0974325375234,148.89800774288491,436413600,49100,197087000
2013-12-23,17.762741088867188,66.89371490478516,150.41419982910156,17.78236969393728,67.17005485930622,150.50484604559963,17.53435471429315,66.35023438030773,150.03514297758937,17.69762024625799,66.35023438030773,150.34827416491797,501306400,16700,85598000
2013-12-24,17.68733787536621,66.4884262084961,150.74386596679688,17.818511387561855,67.05954018315519,150.80979165301815,17.636237946582547,66.32261937893685,150.41425010972938,17.756507234175654,67.05954018315519,150.42248610524243,167554800,11600,45368800
2013-12-26,17.569862365722656,66.469970703125,151.51022338867188,17.74434649940478,67.23451736981376,151.59263363034262,17.55365995856571,66.33179724796163,151.0652407761473,17.70072463398224,66.71867730018397,151.08171276525147,204008000,12600,63365000
2013-12-27,17.451154708862305,67.22531127929688,151.50196838378906,17.585756025427003,67.24373112710238,151.77389448429903,17.432772452166912,66.47917742898672,151.34539648868363,17.567373768731613,66.7370974650272,151.7079813880781,225884400,12600,61814000
2013-12-30,17.277610778808594,67.70429992675781,151.477294921875,17.45115983351123,68.1372401119609,151.6421028617361,17.20906376109535,66.92132643520434,151.2795178496178,17.369215912374933,67.2437264578683,151.5184874763104,253629600,22700,56857000
2013-12-31,17.480125427246094,67.41875457763672,152.19418334960938,17.488225797806027,68.15566799810998,152.19418334960938,17.261397118086,67.41875457763672,151.56789571038686,17.266695306225444,67.80563465046974,151.68327507469593,223084400,11300,86119900
2014-01-02,17.234291076660156,65.6225357055664,150.73561096191406,17.35580662317628,67.19769684175675,151.68327843604027,17.19970642025297,64.636908315279,150.3730260204423,17.31374393338313,67.16085713195984,151.60910418962115,234684800,20300,119636900
2014-01-03,16.85572624206543,66.56208038330078,150.7108917236328,17.25205205189403,66.94896041451739,151.2959742614085,16.83858866516673,65.76068000910054,150.4966426990866,17.22588059743605,65.76068000910054,150.99106642666345,392467600,14500,81390600
2014-01-06,16.947647094726562,66.01860809326172,150.27413940429688,17.037069037189326,66.98581531722903,151.262999395969,16.62578700762298,65.41986109879598,150.0434058253746,16.74574509824879,66.98581531722903,151.20532228825692,412610800,19100,108028200
2014-01-07,16.82643699645996,67.79642486572266,151.1970672607422,17.01089016046942,68.16488510971246,151.45252138549031,16.760382699186017,66.00019083948997,150.76032067829482,16.959791929899882,66.00019083948997,150.87568746282741,317209200,25200,86144200
2014-01-08,16.933002471923828,66.98580169677734,151.2300262451172,16.99843279091957,68.07275528750608,151.48548035273836,16.784380250428352,66.1291348241878,150.71086946250927,16.78811760442404,67.66744841468736,151.1723365697005,258529600,26300,96582300
2014-01-09,16.71677017211914,67.1608657836914,151.32894897460938,17.038941467583577,67.74118616300427,151.73273908852116,16.680315155172696,66.09233133921975,150.63674812850834,17.03707112619925,67.24376568310859,151.71625452341237,279148800,12200,90683400
2014-01-10,16.605220794677734,66.75548553466797,151.740966796875,16.85012063361635,67.69505183803071,151.8068924796707,16.548202021916936,66.38702554260402,150.8097838166887,16.81989732276436,67.33580527841056,151.58439487199004,304976000,41400,102026400
2014-01-13,16.69215202331543,66.02782440185547,149.7220001220703,16.903089537612967,67.1147782608478,151.77388142079656,16.50987864834097,65.43829082014382,149.43357691127648,16.51081381879839,66.70026487701121,151.35361945487264,378492800,34300,149892000
2014-01-14,17.024293899536133,65.99098205566406,151.35369873046875,17.034886951339637,66.48840236596848,151.43610899787012,16.75228576159842,65.55804176552161,149.93632763464677,16.769734511396024,66.30417574487578,150.21650242534517,332561600,20500,105016100
2014-01-15,17.3660945892334,67.22531127929688,152.16943359375,17.45458301797526,67.24373112710238,152.40016713001978,17.188495394084676,65.52118370384066,151.3865867689751,17.246449341134614,65.94491048130632,151.70796652121047,391638800,27100,98525800
2014-01-16,17.269193649291992,67.10556030273438,151.97169494628906,17.35020403748294,67.2437337639726,152.16947198757907,17.18911676754618,66.34100657463779,151.48550719891037,17.28944624633973,66.90290682995753,151.85632814904602,229278000,30500,72290600
2014-01-17,16.846080780029297,66.59893035888672,151.32894897460938,17.20127936460474,67.52928376116074,151.99642926006675,16.822089150719783,66.41469674373803,151.06525880306378,17.182897097370574,67.52928376116074,151.70801852787747,426739600,13900,107848700
2014-01-21,17.1077938079834,66.41471862792969,151.77392578125,17.13895062000778,67.69511280698963,152.26012612789773,16.83827839835057,66.32260530390016,150.84275536019337,16.85603831368577,67.18848601092918,152.2024364392635,328526800,24300,88621200
2014-01-22,17.183822631835938,66.44233703613281,151.87277221679688,17.363912839157468,66.47918376304844,152.0952697571659,17.068538741000538,66.01861021829495,151.55139246916804,17.16512754207777,66.43313062524983,152.02934409431455,379985200,27300,61270900
2014-01-23,17.329328536987305,66.23046875,150.62847900390625,17.339299251735508,66.82921568787982,151.13115129179718,16.975065314613584,65.86200855532059,149.82916002877207,17.1349045914107,66.3870620487058,151.10643073452692,403239200,10500,132496900
2014-01-24,17.014326095581055,64.76583099365234,147.41468811035156,17.31188174346839,66.02780467345552,149.69731607883708,16.973196892594622,64.59081787586398,147.3652469933654,17.261405826351,65.86199796390324,149.6478749618509,429354800,24500,208677100
2014-01-27,17.152353286743164,63.98288345336914,146.6895294189453,17.286332282729866,64.95009082123276,147.93385630379916,17.004355051832672,62.720909263609194,145.95612345478938,17.138956385547267,64.7566507532191,147.55478675450968,554878800,36100,180843100
2014-01-28,15.781412124633789,63.45783233642578,147.5630645751953,16.046251754567464,64.23159966681023,147.75259310039058,15.643381286456455,62.75775847137237,146.780204761047,15.851827803518315,64.23159966681023,146.79668932925046,1065523200,28000,110463200
2014-01-29,15.60224723815918,63.1897087097168,146.14566040039062,15.80851215920669,63.60573883135125,147.1345205100257,15.53588177395677,62.866134428483555,145.75835486656078,15.701952682823425,63.106506917424106,146.33518888267804,502810000,22500,216597300
2014-01-30,15.572030067443848,63.494808197021484,147.69485473632812,15.781411750071241,64.54874008794773,148.17280646442308,15.476065265577803,62.81067857824641,146.89552319138073,15.658025818522157,63.24519571901966,147.3652389251082,678501600,26500,118938100
2014-01-31,15.597575187683105,63.12499237060547,146.82958984375,15.626552154107491,63.929311610825614,147.744288132243,15.377913341826302,62.81066509147425,145.79128877601602,15.42870040925703,62.81066509147425,145.8654504435606,464797200,23300,194677900
2014-02-03,15.626557350158691,61.10957336425781,143.5251922607422,15.819736635888095,63.55950477725919,146.9862095187562,15.557076838193014,61.01712458616882,143.2450174873787,15.660208515132512,63.12498776151231,146.6565936176275,401464000,33800,254837100
2014-02-04,15.852766036987305,61.15581130981445,144.53048706054688,15.873642643805033,61.84918783928312,144.901307964427,15.664884895652781,61.08184945385734,143.47570145331457,15.761162561352364,61.30372796833789,144.16790215042897,376681200,24500,165012400
2014-02-05,15.971158027648926,61.50712203979492,144.34915161132812,16.05497225060125,61.67353269575141,144.67053130884,15.773617443885854,60.776764552729844,143.14604303050223,15.783276987736997,61.155813789838376,144.02777191381628,328344800,33400,164230500
2014-02-06,16.06425666809082,61.81219482421875,146.25277709960938,16.095288633823547,62.28369274700765,146.25277709960938,15.916937692134718,61.02636965516353,144.39042370310582,15.987463517373982,61.248248126256776,144.6870829902871,257765200,36300,132877600
2014-02-07,16.288999557495117,62.81068801879883,148.06565856933594,16.390868735374536,63.29142610747692,148.22223046249803,16.216908554051606,62.23749405814291,146.45875967063296,16.34228523114983,62.23749405814291,146.93671134353565,370280400,30900,170787200
2014-02-10,16.5808048248291,63.5410270690918,148.337646484375,16.674838110294548,63.95705015759323,148.38710018339793,16.23633137478217,62.847650552662294,147.67841471921483,16.25701822887449,63.22669271388061,148.08219228926944,345559200,30100,92218800
2014-02-11,16.79928207397461,64.22515106201172,149.9610137939453,16.855386691903757,64.45627654759352,150.34008333336232,16.596795894420207,63.51328061652136,148.3623505358607,16.631589261279537,63.864595868775325,148.4612453488608,282256800,23200,117814100
2014-02-12,16.798025131225586,64.15121459960938,150.03515625,16.91211924193214,64.80761039200257,150.66143125409346,16.714023890441446,63.70745744158802,149.73849702194818,16.830310895379423,64.16046159764106,150.18347957700797,308100800,24600,94717700
2014-02-13,17.06475830078125,66.50867462158203,150.8097686767578,17.07792235574979,66.98016555239722,150.96634058592437,16.744105424205856,64.19741967424754,149.01334115356417,16.758523278407793,64.19741967424754,149.02157714782246,307398000,27800,100542200
2014-02-14,17.050968170166016,66.8137435913086,151.64207458496094,17.113345112718605,67.5810817965986,151.92224928788445,16.963833291313264,66.28677783475541,150.5295991937727,17.00332546394297,66.57337819596093,150.66968654523444,272924400,25400,96498400
2014-02-18,17.11366081237793,67.60882568359375,151.82337951660156,17.276649748117475,67.89542608702436,152.02939256342898,17.101748878491474,66.11113702504421,151.33717916981954,17.113973843805244,67.34996626376495,151.77392582317063,260251600,27100,80460900
2014-02-19,16.84347152709961,66.961669921875,150.8180694580078,17.14186913039248,67.43316784486031,152.4084845090101,16.748812170038466,66.5363999131902,150.69445405711596,17.07479169004451,67.18354839306068,151.4278601691919,313768000,25100,126524300
2014-02-20,16.64850616455078,67.96013641357422,151.7080535888672,16.831870545260994,68.15428096550933,152.0541540919044,16.581115707830968,66.59187050272095,150.47197497485917,16.70617925823074,66.59187050272095,151.02408858023105,305858000,10900,104998100
2014-02-21,16.463581085205078,69.01410675048828,151.5349578857422,16.755709734264745,69.33768118534114,152.35901008210254,16.443207257537768,67.4609424098009,151.46079620583905,16.699916481766888,67.95092756163432,151.9964251038578,278784800,22500,118116400
2014-02-24,16.53567123413086,69.94783782958984,152.3755340576172,16.60995844791987,70.19745031293157,153.39735099800504,16.374876862872192,69.06030953608371,151.79045131429683,16.397758288922983,69.09729046942913,151.85637701594152,288909600,31800,114063900
2014-02-25,16.36359405517578,69.49481964111328,152.31784057617188,16.598988691647403,70.24367112200726,152.93587986796726,16.330369197262034,69.00483466739458,151.81516811588332,16.593034398035996,70.24367112200726,152.49913310768852,231952000,10100,117085000
2014-02-26,16.21595573425293,69.337646484375,152.3260498046875,16.45573941353485,70.25290144301951,152.94408893685576,16.161103269541147,69.03255914703011,151.8975391523201,16.412171142689708,69.22670371077955,152.54029884385204,276217200,12400,98677200
2014-02-27,16.5394344329834,69.85539245605469,153.12535095214844,16.574226119475195,70.08651803411563,153.16654349353237,16.175213149934642,69.18050971801674,151.93046547515482,16.209378773553656,69.300692479387,152.10352193030343,301882000,12400,93880800
2014-02-28,16.494611740112305,69.92935180664062,153.5126495361328,16.69866303205737,70.74291127279213,154.2213347959738,16.365472048664653,69.86463692925804,152.49083305034088,16.58362816834075,70.00331368176148,153.10062351469122,371968800,20200,150842000
2014-03-03,16.542253494262695,73.92317199707031,152.43316650390625,16.63283842229288,74.48711872735602,152.82047202875881,16.38709872425246,70.28063220867867,151.41958585807674,16.4062187495317,70.97400864230308,152.16122777960308,238781200,131500,167748500
2014-03-04,16.651330947875977,77.97249603271484,154.5757293701172,16.695213934203398,78.48097495888597,154.90534525501496,16.542566761202778,73.76601612491687,153.8917644636163,16.64380982418461,74.2005331975739,153.92472102249008,259140000,242200,167545900
2014-03-05,16.68643569946289,79.0079345703125,154.7157745361328,16.761347289332274,79.38698374953735,154.97947723133248,16.58519264641625,76.28065668163666,154.46855640289226,16.641300591920082,77.46401803066739,154.70753854217153,200062800,74700,88376900
2014-03-06,16.635976791381836,79.59039306640625,155.07009887695312,16.751637743967958,80.93092552303735,155.42444777442907,16.55291463739852,78.1574188514599,154.7404831075186,16.699918914675965,79.45172337554115,155.09483200499454,185488800,54100,82516500
2014-03-07,16.62626075744629,80.03414916992188,155.13604736328125,16.674531217408152,80.50564723151294,155.7128939056885,16.48865914559565,78.23137283647297,154.45208259577228,16.646634587665314,79.59963203996458,155.7128939056885,220729600,45100,114513500
2014-03-10,16.64130210876465,80.74600219726562,155.05368041992188,16.716841442244856,82.65048113486685,155.11135754116893,16.560432871508326,79.9601768991567,154.16370244635635,16.561060608291,82.65048113486685,154.89710847447424,178584000,32200,74939200
2014-03-11,16.803354263305664,80.57958221435547,154.28726196289062,16.886416414145167,81.13428189703741,155.50686805147836,16.693649283107806,79.81224400906106,153.93292561655576,16.78329513888991,80.8846624551276,155.2843704770144,279224400,37400,99009100
2014-03-12,16.819643020629883,80.99561309814453,154.32847595214844,16.842837467100694,82.18822141137812,154.38616563456296,16.675146440133314,79.69206201621834,153.19128003288768,16.753821078534127,80.04337725705,153.53739297930045,199326400,25800,104824400
2014-03-13,16.632841110229492,80.97712707519531,152.5979461669922,16.9152523995043,81.35617628213727,154.9135428923161,16.58613748638968,80.16356785159452,152.16944817231598,16.845669021878013,81.12505078133574,154.78992754559204,257742800,22400,155014300
2014-03-14,16.44603157043457,81.74446105957031,152.16943359375,16.640365535625087,82.57651422864176,153.10885229828682,16.393058942445958,80.42242298354296,151.9881411618188,16.574541876981755,80.66279546647252,152.3260054735119,237199200,24900,153919600
2014-03-17,16.51028060913086,81.81842041015625,153.5456085205078,16.611521985469334,82.53028378932932,153.9081934072803,16.482383989807435,81.06957610755485,152.86987985442533,16.540371795987017,82.1697286026405,152.9358055223872,199544800,27400,98359500
2014-03-18,16.656347274780273,81.78144073486328,154.6416015625,16.674213501932826,81.94785136613554,154.84761456279938,16.462013344058445,80.82920486556814,153.69393421670142,16.48395400172625,81.52258132030421,153.85875467616947,209647200,35500,101804600
2014-03-19,16.65196418762207,81.86466979980469,153.81756591796875,16.808058105659054,82.28069295405838,154.87235158574265,16.581125323265848,80.90318669865363,152.83694192042026,16.683309188214494,81.46713358541908,154.65808999526428,224756000,23300,176267300
2014-03-20,16.57172203063965,81.73519897460938,154.7157745361328,16.696159585808513,82.39159433754763,154.83114132177352,16.529407536921063,81.44859865028157,153.20775775480567,16.609021324453934,81.44859865028157,153.47969644396662,208398400,12100,117241000
2014-03-21,16.702417373657227,81.39314270019531,154.11572265625,16.73000095737902,82.28066361866408,156.44981220399956,16.49742705350895,81.37464871352908,153.97501701131634,16.67295392802746,82.24368269872089,155.36554139986674,374046400,18800,163128000
2014-03-24,16.90052032470703,80.4409408569336,153.4783935546875,16.94158100961738,81.46713889458736,154.83581588974872,16.77106759747918,80.32075105308715,152.8079673615875,16.876385098850395,81.16205146644333,154.64543829132376,355700800,22100,121411000
2014-03-25,17.082321166992188,81.26373291015625,154.20675659179688,17.10614336825618,81.72598394257649,154.72820477433447,16.913061505941943,79.15586933086252,153.34596547144196,16.972930877609897,79.59962637208699,154.25641591784168,282293200,15000,103852000
2014-03-26,16.91901397705078,79.9139404296875,153.0976104736328,17.208008973761725,82.13273917862638,155.05922904356862,16.890178255447324,79.71054889857729,153.05622350444867,17.13027505967257,81.38389495352897,154.81091985799364,299768000,31400,119843000
2014-03-27,16.84629249572754,79.22984313964844,152.77479553222656,16.972924581507133,81.30997328448231,153.40383445429651,16.772947729991063,78.88778180778041,152.21196059814005,16.926533996254253,80.51490075374106,152.9155011083661,222031600,20100,142383000
2014-03-28,16.827486038208008,78.81381225585938,153.5279998779297,16.892681945596177,80.0896227478768,154.2977443988499,16.745677704062444,78.81381225585938,153.12242781977668,16.87324888813683,79.4517210285641,153.21347409285065,200564000,24800,101642000
2014-03-31,16.8237361907959,78.56417083740234,154.78619384765625,16.951307449769885,80.02487840951149,155.0262308519358,16.798345477676484,78.13889377659996,153.5529446950787,16.901783171840172,78.90623201000115,154.504782476018,168669200,48200,99745000
2014-04-01,16.977624893188477,78.59192657470703,155.81246948242188,16.984521627905046,79.48869475255873,155.90351578650396,16.824664691377503,78.29608618078196,154.777858131277,16.855694975707852,78.9062539073937,155.29102131999426,200760000,26200,89193000
2014-04-02,17.005840301513672,76.96479034423828,156.3339080810547,17.034990733308497,78.38852424926527,156.5408303386251,16.934062343265687,76.45631143051779,155.7214136520146,17.00051206995269,78.36079031822422,156.01110986442612,180420800,30300,78774000
2014-04-03,16.88798713684082,76.17897033691406,156.126953125,17.004274163284304,77.27912298019832,156.61528651950422,16.85194164049131,75.81841510165582,155.64689207243444,16.969482466998226,77.02026353471967,156.57389955075155,162344000,37900,77435000
2014-04-04,16.669509887695312,73.17433166503906,154.28128051757812,16.925906044047675,76.23443090058761,157.01265773435986,16.63064377451043,72.12039999317672,154.03298383112778,16.919951751490235,76.19744997571996,156.97955571934529,275251200,54500,169381000
2014-04-07,16.40778350830078,74.17279815673828,152.57627868652344,16.64067214960669,74.97711037815762,154.1654410035588,16.35826094163799,73.43319373943797,152.26176526607875,16.550400264384127,73.43319373943797,153.9088592804831,289850400,28100,140803000
2014-04-08,16.406850814819336,75.34690856933594,153.2052459716797,16.490853735647242,75.73519769368944,153.45354257943114,16.25827803497635,73.97864258630298,151.9554274415126,16.461703305945413,74.47787448335325,152.50997758137825,243888400,24100,112660000
2014-04-09,16.62249755859375,75.76290893554688,154.85232543945312,16.627825789188467,76.2251597699392,154.9019847566309,16.362339962097543,75.35613299758546,153.17211785077131,16.381773021781513,75.8738516750207,153.61907696443396,206169600,19100,100254000
2014-04-10,16.40810775756836,75.3006820678711,151.59954833984375,16.68268329728052,76.10500131493231,154.91857729773267,16.39839038781808,73.82148033769262,151.40917074133228,16.63378509094539,75.51332062286092,154.84408830502863,239652000,57400,172959000
2014-04-11,16.28679847717285,74.94013977050781,150.23382568359375,16.387726835648945,75.81842101865684,151.8147147030001,16.209377606101263,74.2560101750106,150.06829040967617,16.267676777491754,74.86618496130727,150.7552737944894,271717600,62900,167251000
2014-04-14,16.351682662963867,75.06956481933594,151.41746520996094,16.366726585647143,75.9848269416726,151.7733655059965,16.21157347361621,74.46864412009738,150.17593140224335,16.358577724445162,75.3469182600545,151.40918023500709,205674000,45700,132382000
2014-04-15,16.23508071899414,74.68126678466797,152.4603271484375,16.350426943634165,76.2621642810637,152.5679307710915,16.027268021816667,74.080339103334,150.23384148588818,16.30748639630206,75.62426272851886,151.73196934068173,266490000,46900,157093000
2014-04-16,16.26799774169922,74.94940948486328,154.05772399902344,16.333193673066006,75.37467974358519,154.0659963405871,16.11535050865416,74.70903688527487,152.8327354530294,16.2379065392382,75.33769880107978,153.51144634712304,214765600,13600,105197000
2014-04-17,16.453861236572266,74.61653900146484,154.27294921875,16.54225326959036,75.47632595264415,154.70335102668815,16.27394518254697,74.41314747809507,153.58596584650326,16.299021174036458,74.9401132189218,153.85083238355185,284334400,17200,105255000
2014-04-21,16.64914321899414,75.11579895019531,154.81100463867188,16.67954577649664,75.32843754610047,154.86067660661305,16.423149535720015,74.3854414124572,154.1240336180277,16.46640479867919,74.94014128633417,154.31439862509043,182548800,22600,68329000
2014-04-22,16.665752410888672,74.92164611816406,155.5144500732422,16.669826841599857,75.75369936428869,155.93656681989503,16.502761790721603,74.57033788241847,154.8854111239995,16.5594941371607,75.06956277670244,154.96817242731805,202563200,18200,85790000
2014-04-23,16.447908401489258,75.16202545166016,155.15028381347656,16.64788526642577,75.48559978416276,155.53929861193987,16.438504066865036,74.14506747323564,155.0261355286608,16.583002388171085,74.9771207949505,155.45653729857287,394940000,27400,73869000
2014-04-24,17.79633331298828,76.17897033691406,155.46482849121094,17.866231367668316,76.45631671990223,155.9283323167637,17.575669660675388,74.65354054361102,154.71990080340225,17.81012510512615,75.67973838346629,155.9117750002705,759911600,40500,88170000
2014-04-25,17.927043914794922,76.18819427490234,154.1901397705078,17.92860907180568,76.5395024083911,155.05094318820787,17.676916758793364,75.13425576765857,153.84251199281195,17.69478131025733,75.82763209537313,154.95989691574977,390275200,32600,100380000
2014-04-28,18.621318817138672,76.70594024658203,154.6785125732422,18.67335066163829,77.20517222621474,155.34893859142323,17.946161986126842,76.33613799647729,153.08935132989762,17.9539994888115,76.52103559483403,154.81921817697506,669485600,28400,135121000
2014-04-29,18.566150665283203,77.0479965209961,155.39859008789062,18.680557776123518,77.98174555504907,155.6386143105271,18.477760312313695,76.9647947231392,154.8440400436,18.61034667875026,77.38081781920526,155.17511054989788,337377600,35900,84098000
2014-04-30,18.49593734741211,76.25054931640625,155.86212158203125,18.788693633878765,76.82546073959848,156.01938452084113,18.486847720705224,74.88744101045299,154.92682892249834,18.57586579971421,76.69564157470901,155.14203615646238,456640800,19800,101508000
2014-05-01,18.53951644897461,76.1670913696289,155.8787078857422,18.64357849746403,76.61219070998631,156.30082482930663,18.37903340242622,74.34961595617972,155.38208931604942,18.55581417444864,76.19490875191111,155.7876615689497,244048000,39500,93019000
2014-05-02,18.573991775512695,76.95526885986328,155.6551971435547,18.624771506206454,78.67074221365256,156.54910281254652,18.484034566092824,76.46380965265686,155.4234452252456,18.566470650409446,76.63999581169799,155.86211940129726,191514400,17700,98122000
2014-05-05,18.83664894104004,76.24126434326172,155.95318603515625,18.837904414313765,77.32618453731823,156.06078966466353,18.49311630009683,75.72198775286468,154.46334305923745,18.49750543466178,76.28762428191119,154.89374494773264,287067200,19700,75883000
2014-05-06,18.631351470947266,74.50725555419922,154.59576416015625,18.944793027545998,77.18710530112071,155.71314946135482,18.631351470947266,74.50725555419922,154.562662154206,18.86298468920566,76.33400586136054,155.60554584033383,374564400,31000,85454000
2014-05-07,18.566150665283203,72.56919860839844,155.50625610351562,18.72161845388783,75.29540690889333,155.58074510290183,18.42196707207216,72.3281029510041,153.95846866001293,18.657676353955456,74.18266969333754,155.1172411562294,282864400,57200,106500000
2014-05-08,18.533063888549805,71.65119934082031,155.3406524658203,18.73541854826534,73.55213351568894,156.47459488906406,18.482948235128756,71.26174193389313,154.84404668507332,18.54125826584571,72.28175246020291,155.36549475291193,230297200,68800,93618000
2014-05-09,18.455835342407227,71.85520935058594,155.57244873046875,18.478213323831316,72.30030862342478,155.63865274445277,18.291617924338297,71.41011715236003,154.63715600639398,18.42431528056233,71.63266325147298,155.36552645555193,291597600,33600,83679000
2014-05-12,18.685617446899414,72.6248550415039,157.08709716796875,18.71177784459925,74.00650569638208,157.16159877992965,18.514466398953278,72.36521675195502,155.60553934502897,18.517304467965694,72.40230894683526,156.2676931021909,213208800,26100,86940000
2014-05-13,18.714923858642578,71.98502349853516,157.22784423828125,18.739508666778168,74.02505166832994,157.6085741935023,18.618476671587686,71.86447917709857,157.07058127130676,18.65945022960401,72.60630888877166,157.29404825955334,159737200,25400,66454000
2014-05-14,18.71839141845703,70.11192321777344,156.48287963867188,18.829655139253997,72.0963098290939,157.1615906778952,18.651255786871424,69.55555439607288,156.25940007337493,18.67300421001126,71.87376371533635,157.087089069775,166404000,35000,72367000
2014-05-15,18.55922508239746,70.49209594726562,155.1089324951172,18.804445368454008,71.03919694841946,156.2014881707508,18.534640266140563,69.55554460780192,154.34746003764533,18.74455975235299,70.22318992973291,156.16837353416793,230846000,28400,154956000
2014-05-16,18.833120346069336,70.75173950195312,155.64694213867188,18.83374990560561,71.52137949140577,155.7131587840698,18.451420419202904,69.97281762126,154.54611408930714,18.553227266138503,70.88155863629994,155.19998293961933,276256400,23300,97458000
2014-05-19,19.056283950805664,70.14900970458984,156.2180633544922,19.14264641938828,70.8722898213754,156.34221168204235,18.827452446242958,70.05628275429143,155.20828152530143,18.843842882976006,70.17682708221808,155.34898717303656,317755200,27500,63839000
2014-05-20,19.060060501098633,69.88939666748047,155.2330780029297,19.113327299965707,70.27885424422662,156.16008566254186,18.93461318347855,69.22175106470685,154.83579081017191,19.0537564889081,70.27885424422662,156.14352834589675,234836000,43000,111644000
2014-05-21,19.110490798950195,70.32520294189453,156.5408477783203,19.122782360161143,70.39938734690924,156.61533676825647,18.97653432817427,69.65756452060491,155.65521435507793,19.032322731577878,69.93574542748868,155.68004401839,196859600,23300,89093000
2014-05-22,19.140750885009766,70.96501922607422,156.92156982421875,19.222071810783678,71.71611674646552,157.2443680606038,19.040836066747783,70.04701035952785,156.31736033140223,19.119633704015484,70.04701035952785,156.58221426994564,200760000,19900,61549000
2014-05-23,19.356977462768555,70.90010070800781,157.5505828857422,19.375889504774705,71.16901379148284,157.658173851738,19.11553961809191,70.22318766565014,156.92153125593578,19.140124431042494,70.59409543288669,157.0622368495688,232209600,18700,61092800
2014-05-27,19.719446182250977,72.26321411132812,158.51901245117188,19.726694534209198,72.74539848971807,158.56867177409165,19.404252287506687,71.11338438238847,158.04722362436846,19.41213188237813,71.12265212503694,158.13826992623228,348866000,19800,72010000
2014-05-28,19.66838836669922,70.11192321777344,158.40313720703125,19.851830959767344,72.31885594285143,158.76732241614013,19.66113833000942,69.30518382780892,158.13827064421287,19.731741601168068,71.98503323490843,158.5190131708811,315481600,64600,66723000
2014-05-29,20.026758193969727,70.807373046875,159.22254943847656,20.07372266529502,71.26174000935245,159.24737910131861,19.786895994076314,70.04700081238512,158.36175832437328,19.789417599024173,70.04700081238512,158.7673305333496,376474000,30900,64377000
2014-05-30,19.95174217224121,69.78739166259766,159.4791259765625,20.303812411577546,70.56630678037043,159.57845725431,19.822512448813434,69.73174981517455,158.94113312602377,20.108707865669633,70.56630678037043,159.07356640999834,564020800,18600,76316000
2014-06-02,19.814634323120117,69.78739166259766,159.66122436523438,20.009424103688218,70.13048219440063,159.7357259836256,19.620790565268265,69.26810784280075,158.89147955463775,19.98200291143244,70.13048219440063,159.7026113466665,369350800,29900,64656000
2014-06-03,20.0948429107666,70.45503234863281,159.5784912109375,20.13266699075654,71.40085879385082,159.66125255888255,19.802028645598387,69.09192391244824,159.12325959386456,19.808647438767967,69.29592749808329,159.27223759788708,292709200,82300,65047000
2014-06-04,20.324302673339844,69.6111831665039,159.90122985839844,20.421068009435118,71.02065119851538,159.99227614784462,20.049769222368038,69.5926406063751,159.1397575419081,20.091690487569686,70.14900938020561,159.3052928055745,335482000,22100,55529000
2014-06-05,20.404043197631836,70.16755676269531,160.94412231445312,20.46771287685383,70.55701422368138,161.10965758730262,20.25464232227045,69.08263651797127,159.49566657533958,20.367796391300214,69.54627837379658,160.0833313179168,303805600,22800,92103000
2014-06-06,20.347944259643555,70.77954864501953,161.71389770507812,20.527291348236425,71.4008268692216,161.75527205576208,20.313274708691285,69.7409886164253,161.2172792015391,20.48442405436623,70.0562686736068,161.29176818821,349938400,17700,78696000
2014-06-09,20.673538208007812,70.68685913085938,161.87940979003906,20.71325265099291,71.46577425865874,162.26842461515264,20.24329981176484,70.28812674650061,161.5400542822538,20.4529027877161,70.79812867790777,161.68904486377008,301660000,17600,65119000
2014-06-10,20.794885635375977,70.37155151367188,161.89599609375,20.971394621787177,70.65900716447095,161.92909810138548,20.644853501920792,70.33445932088935,161.33316092767822,20.900791363885585,70.33445932088935,161.68078884075183,251108000,18000,57129000
2014-06-11,20.70883560180664,69.64828491210938,161.33314514160156,20.907407768007392,70.77029743100061,161.49868042264887,20.622787943672023,69.63901009346674,160.9689599455781,20.76840641000974,70.34374774341819,161.31658782463714,182724000,14400,68772000
2014-06-12,20.362443923950195,69.30516052246094,160.1909637451172,20.766207162610083,70.0933500110422,161.2338602300071,20.276396241391822,69.1104318540781,159.83506344788557,20.748555924312278,69.55553100653245,161.1428139119538,218996000,15700,106350000
2014-06-13,20.13959312438965,69.32373046875,160.67926025390625,20.395530921169982,69.89864182733352,160.83652317547276,20.051338653661464,68.85081380716267,159.99227690837054,20.34257722874466,69.79664005572424,160.50544001703506,218100000,24100,82017000
2014-06-16,20.342586517333984,68.89718627929688,160.81167602539062,20.463936680408956,69.62046648101376,161.1510315164542,20.177109940403454,67.91426068179757,160.29024058960565,20.190349211211952,69.62046648101376,160.4806055064944,142244000,16900,87424000
2014-06-17,20.316104888916016,68.38719177246094,161.25869750976562,20.45289773840474,69.08265473963851,161.37457349916508,20.254327255816044,68.0626438027011,160.41445094154932,20.36685008039917,68.57264573386223,160.5882712404163,118904000,28400,84834000
2014-06-18,20.338171005249023,68.70244598388672,162.4422607421875,20.36244103363485,69.0270009387979,162.53330704978285,20.15504322136126,68.07189985908677,160.90275848709683,20.35802738302952,68.64681122572513,161.25867137298172,134056000,10600,105267000
2014-06-19,20.267568588256836,68.60044860839844,162.62428283691406,20.36464870583738,69.09190781861571,162.72361407546538,20.15283723414991,68.2573511056935,162.06146054641164,20.36244188044294,68.665358181925,162.58289587331168,142112000,11500,85929000
2014-06-20,20.057966232299805,69.54627990722656,162.9545135498047,20.41980817546839,69.76882602203793,163.08758142058323,20.05575940683858,68.32226566384391,162.75491174363688,20.265362376160333,68.93426924822852,163.02935946834864,403592000,23500,100587000
2014-06-23,20.040315628051758,69.64828491210938,162.90464782714844,20.214617812070927,70.39938250604649,163.04602770846844,19.989568740728846,68.83227773690132,162.60525140492572,20.14842651266098,69.2495526058411,162.9961304197735,174776000,27100,70611000
2014-06-24,19.91895866394043,68.75808715820312,161.9232635498047,20.24108606542718,69.76882298639659,163.42024543531397,19.899102290894483,68.66536020395073,161.7402983921285,20.022657545351294,69.5462768812682,162.6135388828465,156144000,11900,96237000
2014-06-25,19.936616897583008,68.39643859863281,162.65512084960938,20.011632133188595,68.52625773340249,162.82144934680403,19.779965949717205,66.77369233939952,161.54901794269114,19.903521247568612,68.32225421458949,161.58227856610972,147476000,55000,82782000
2014-06-26,20.055761337280273,68.24808502197266,162.53872680664062,20.088856989125766,68.71172691352766,162.69674335663316,19.813062695937962,67.6175317664733,161.44926030728632,19.938824826299008,68.43354602336295,162.68010669609347,130516000,12700,84312000
2014-06-27,20.29404640197754,69.1382827758789,162.8546905517578,20.298458369660327,69.51847255670323,162.90458782207335,20.027076066016207,67.7937240002037,162.08124479172184,20.03810851019514,67.7937240002037,162.15609069719514,256116000,38000,71445100
2014-06-30,20.503643035888672,68.31298828125,162.77154541015625,20.68015198829368,69.5462772965493,163.1457876860524,20.318308467532,68.30372053799861,162.61352890276555,20.320515292348446,69.30518155436292,162.75490875410185,197929200,16200,70201200
2014-07-01,20.633825302124023,69.04551696777344,163.86099243164062,20.755175465650222,69.490616085867,164.35999053444854,20.54777761646537,68.61896747834778,163.11250796747768,20.633825302124023,68.61896747834778,163.17071722177755,152892000,18800,90470000
2014-07-02,20.624998092651367,69.20316314697266,164.0273895263672,20.75296534632501,69.55553539499275,164.23530337451348,20.538948737334508,68.98989190964505,163.8028517072082,20.711045764653697,69.29589715410097,163.87769764692786,113860000,9800,52475000
2014-07-03,20.746349334716797,70.11192321777344,164.83407592773438,20.761793747574394,70.34374414969979,164.9089218582162,20.563221522751896,69.29591608425352,164.36835099577743,20.6669204447878,69.54627957790407,164.4930942132471,91567200,12700,52938800
2014-07-07,21.174375534057617,69.10118865966797,164.26022338867188,21.17878750055051,70.0099299359047,164.65110237025664,20.761786809433268,68.98991912659582,164.01904895048543,20.770612425733244,70.0099299359047,164.5180471750772,225872000,14500,61696000
2014-07-08,21.037582397460938,68.84156799316406,163.2039794921875,21.35750469706126,69.47212144940245,164.01899782760682,20.722073747959545,68.5633870144394,162.80477596092052,21.24056653583985,68.98993684151007,163.9607758871957,260888000,12200,108143000
2014-07-09,21.046405792236328,68.08113098144531,163.9358673095703,21.169961048932393,68.86932028809042,164.0855718428869,20.907406128453253,67.92349453503816,163.26222863477346,21.05743823300453,68.86932028809042,163.611522292444,145744000,9500,72992000
2014-07-10,20.96918487548828,67.23734283447266,163.2871551513672,21.08170938073335,67.6824350471441,163.71961934562427,20.63381818468727,66.79224354718805,162.22263766554164,20.686771883222722,67.6824350471441,162.35570552378218,158744000,14100,99040000
2014-07-11,21.008895874023438,67.35787963867188,163.51170349121094,21.156721137483924,67.5711579779202,163.62813469317464,20.92946702251638,66.80151089771901,162.8214282616943,21.039784684796853,66.8664204662533,163.1873585221657,136072000,13100,64243000
2014-07-14,21.280284881591797,67.26513671875,164.3350372314453,21.377365001840484,68.09041835465761,164.5512629684955,21.10377756142054,66.7736776630534,164.20196938246895,21.15011079608979,67.72877840519746,164.34334921323813,171240000,18400,58658000
2014-07-15,21.030967712402344,66.90352630615234,164.0273895263672,21.368539628374084,67.22807421502625,164.75093834715318,20.966983239987854,66.79224970541821,163.30385339563537,21.357508867601357,66.98697845074257,164.43490523715346,181911600,14900,111307000
2014-07-16,20.911819458007812,67.16313934326172,164.63446044921875,21.423693433378602,67.40423501676187,164.88394684425685,20.902993841480736,66.87568374287268,164.18535955804893,21.39501144215128,67.40423501676187,164.7592036467378,213585200,11100,79986400
2014-07-17,20.538944244384766,66.99624633789062,162.76318359375,21.022136207094093,67.39497860600031,164.75083826699844,20.424214601250586,66.81079243046834,162.5303085504394,20.96697736873236,66.99624633789062,164.12709710145964,229192000,14800,145398000
2014-07-18,20.83460235595703,67.26513671875,164.42657470703125,20.902998796111063,67.40423063960638,164.5929032287783,20.52350561206682,66.81076984692248,163.20404040260843,20.65588820803733,66.90349676928984,163.2955229930772,199952000,12600,124330000
2014-07-21,20.726491928100586,67.32080841064453,164.1188507080078,20.96036493503076,67.43208502333316,164.25191859906775,20.677951866289117,66.99626046690425,163.3620413539134,20.958158109498967,67.05189523594127,163.91093688699632,156316000,12100,67592000
2014-07-22,20.898584365844727,67.18167877197266,164.83407592773438,20.93609197806978,67.21877095652391,165.13347233971422,20.766203468788138,66.99622492382716,164.55962815924846,20.889758748265695,67.21877095652391,164.6760593922377,220788000,13400,67678000
2014-07-23,21.443559646606445,66.86640930175781,165.20001220703125,21.595796960481835,67.13532234781806,165.3746654078016,20.99787510071881,66.76440755757595,164.750923917991,21.053033962504866,66.9776858612138,165.08358096986873,371672000,16100,65612000
2014-07-24,21.40825080871582,65.61460876464844,165.20831298828125,21.472235271381724,67.10753636456117,165.54929469186692,21.27366309126588,65.54969917659199,165.04198447362185,21.410457633859988,66.86644057694531,165.35801753451125,182916000,14100,56888000
2014-07-25,21.54945945739746,65.72586059570312,164.4348602294922,21.586967071999666,65.8371371772294,164.88394843494387,21.322205261106465,65.37349536612214,164.11051522276298,21.368538493847048,65.60531627167578,164.74256857970815,173876000,14500,76837000
2014-07-28,21.847312927246094,65.67951202392578,164.50135803222656,21.895852976488904,66.00405993293505,164.74253239346555,21.522980357269038,65.5033258413434,163.5199985543158,21.582551164685245,65.71660422418596,164.46808472650866,221272000,22800,69259000
2014-07-29,21.706111907958984,65.55895233154297,163.7945098876953,21.939986596674643,65.95768459075657,165.0419928460023,21.677429909491863,65.16949488987747,163.76956124373342,21.9157165659276,65.76295586992383,164.80913037565588,172572000,15100,80466000
2014-07-30,21.655359268188477,65.21464538574219,163.8194122314453,21.77670769694011,66.08007972543986,164.59285804582447,21.549453562811664,65.1401977415338,163.13746167247106,21.719343719703666,65.83812843162166,164.37661960586613,132040000,11000,104222000
2014-07-31,21.092742919921875,64.97268676757812,160.58433532714844,21.500918054228464,65.52172920707399,162.82149034436495,21.033172105357657,63.9769727126213,160.48454074171408,21.43693527252833,64.90754686116851,162.68011045164826,227372000,32700,183479000
2014-08-01,21.209684371948242,64.47016906738281,160.0936279296875,21.317796950201345,65.44727466006252,161.14150892589967,20.91844565668557,64.32128091119077,159.32019467558953,20.938303721731685,64.97267990649952,160.14352521188073,194044000,14800,189261000
2014-08-04,21.090539932250977,65.66133117675781,161.2496337890625,21.308970219798212,65.71717047178542,161.59061548267965,20.997873455705648,64.39574935183312,159.71939119484895,21.262636981525546,64.88895977602554,160.4013418920314,159832000,24000,91340000
2014-08-05,20.98683738708496,65.7264633178711,159.6861114501953,21.11039265790095,66.68496085532854,161.00845287146677,20.81915403146732,65.2239523204732,159.1039553443171,21.039789405532627,65.9404985407275,160.59262526868926,223732000,17400,152690000
2014-08-06,20.951536178588867,66.70355987548828,159.73597717285156,21.06626752265506,67.39218280522508,160.41792765366918,20.89637733175708,66.20104894847458,158.9126341790123,20.905202949247897,67.00134333967591,158.93758281306367,154232000,21000,94818000
2014-08-07,20.949323654174805,67.15022277832031,158.87107849121094,21.27526957309635,67.38286627669356,160.61755934047852,20.865064075456008,66.11728507756577,158.47188758196842,21.049102775440307,66.4709006391953,160.45954283534812,186844000,13600,135733000
2014-08-08,21.00696563720703,68.19247436523438,160.70904541015625,21.024704667751408,68.8066567282132,160.81715195019032,20.683235942363968,67.29912400976131,158.80454801430767,20.900534837314908,67.29912400976131,159.2287002615314,167460000,21000,117014000
2014-08-11,21.284133911132812,69.00209045410156,161.17474365234375,21.304090745541217,69.11375483387009,161.88996746932818,21.02914081789875,68.17387983879654,161.09989774697348,21.12448600261454,68.37860733466411,161.31612348139262,146340000,19100,74544000
2014-08-12,21.279699325561523,69.02070617675781,160.95022583007812,21.481475315113645,69.32779745330248,161.46584798041295,21.199875373828082,68.60195050853851,160.45955231991752,21.295220555527074,69.00209781138528,161.01675976722632,135180000,15400,73632000
2014-08-13,21.561298370361328,69.09510803222656,162.03968811035156,21.561298370361328,69.59761876079038,162.22265326050896,21.295219670104455,68.91829672966291,161.30784019977258,21.319610414991498,69.2626116084145,161.58227523495805,127664000,12200,69047000
2014-08-14,21.61895751953125,68.76943969726562,162.8047637939453,21.634478754698275,69.28125128388297,162.8047637939453,21.463745167861,68.12734118162979,162.15607396667542,21.581263332938153,69.28125128388297,162.30577845222462,112464000,15900,57371000
2014-08-15,21.72538948059082,69.09510803222656,162.77154541015625,21.77195318486133,69.78373069001475,163.54497860100494,21.477048032793718,68.49954133905057,161.5989086143046,21.70765044324366,69.46733899039032,163.39528676666663,195804000,17800,139951000
2014-08-18,21.987022399902344,69.88612365722656,164.13546752929688,22.033586078842823,69.89543138750142,164.21031345020242,21.725377662270034,68.91832560046338,163.57826007913718,21.83846015754543,69.67209555893082,163.66974265692764,190288000,25700,75424000
2014-08-19,22.29079818725586,70.63056945800781,164.9920196533203,22.324058445703567,70.75154152457303,165.11676281574162,22.022501701368515,69.45804420621424,164.2019500145422,22.042458533111947,70.02569492574911,164.53460690769705,277596000,26700,59135000
2014-08-20,22.2996768951416,70.01642608642578,165.4328155517578,22.414977254713303,70.97491672235488,165.63241732557393,22.16220189300544,69.84892238599116,164.73422837847426,22.270852228170604,70.24906972037829,164.76748899575267,210796000,15100,72763000
2014-08-21,22.301891326904297,69.95127868652344,165.91519165039062,22.381715291345714,70.05364244251416,166.13141740693064,22.1976766126787,69.32779551801225,165.44114215445137,22.299673524645517,70.05364244251416,165.574210015422,133912000,15800,67791000
2014-08-22,22.46596908569336,69.42082977294922,165.65737915039062,22.499229346780535,70.08153656370371,166.0732066947452,22.21541160998599,69.36499759617814,165.28313689848142,22.23758455348172,69.9326483924084,165.78212233767718,176736000,12800,76107000
2014-08-25,22.514753341674805,68.95553588867188,166.4973907470703,22.65444442537332,70.17459272557883,166.82173581080278,22.45710232815544,68.87178763178854,165.62415013238973,22.57018655306606,69.99778138364744,166.44749345881192,161080000,9200,63855000
2014-08-26,22.370630264282227,68.62053680419922,166.60548400878906,22.505887457242043,69.51388714887587,167.01299961608393,22.36397854851168,68.44373254100486,166.56389871170984,22.488148420728837,68.89040416348448,166.60548400878906,132608000,12200,47298000
2014-08-27,22.645572662353516,68.29484558105469,166.53895568847656,22.743135646064893,68.70430053460474,166.80509144671902,22.328494656978734,67.67136251976223,166.2811446039613,22.399449092854137,68.70430053460474,166.68864753494938,209476000,11000,47874000
2014-08-28,22.672183990478516,68.16456604003906,166.4474639892578,22.789702130712726,68.76013301152406,166.55558322137708,22.519187782112336,67.80164263865659,165.8237226163556,22.525839496965233,68.09942612439909,165.99005111111939,273840000,13300,58330000
2014-08-29,22.727619171142578,69.19750213623047,166.9215087890625,22.816312657465033,69.24403368884516,166.93813275503183,22.661098633478847,68.17387187617035,166.18133622181603,22.80744313966403,68.34137552597787,166.70527033095766,178380000,12100,65907000
2014-09-02,22.90500259399414,71.1982192993164,166.8383331298828,23.002563891310103,71.4960026977176,167.16267811713496,22.776397143342095,69.62554695478586,166.21459179362486,22.85178549543567,69.64415531106009,167.13772947888864,214256000,24800,72426000
2014-09-03,21.93824577331543,70.34210968017578,166.7468719482422,22.882826369412413,71.51463531528488,167.50368124558975,21.85842182270341,69.36501090068374,166.51400950137395,22.860653425728444,71.19824345327375,167.47873260414326,501684000,38600,57462000
2014-09-04,21.756427764892578,70.639892578125,166.50570678710938,22.193240056646204,71.6169912510933,167.64507044343353,21.68325551867723,70.26766146949608,166.0482938517066,21.918291797406958,70.28626983005448,167.02964097670502,342872000,25900,85236000
2014-09-05,21.94489860534668,69.43013000488281,167.25413513183594,22.0380259885765,71.71934130162059,167.32066905367674,21.79855412453932,69.38359846278678,165.84032419035074,21.907204429994692,70.64917973086048,166.47237741276643,233828000,10400,102177000
2014-09-08,21.80964469909668,70.10016632080078,166.8217010498047,22.02029024380815,70.28627834781058,167.3373358644876,21.740908052405306,68.87180848326734,166.33102756410264,22.01807413317698,69.56043150286611,167.0961487680915,185426800,23900,64146000
2014-09-09,21.727602005004883,69.80237579345703,165.76551818847656,22.856223117527207,70.25835518354842,166.7884505166571,21.317396561267127,69.33708867303618,165.42453651573268,21.96929169682398,70.09085153620819,166.6720192979215,759385200,19700,88591000
2014-09-10,22.395017623901367,70.3700180053711,166.3892822265625,22.41940837249011,70.9190533321695,166.49738878649836,21.676603670826896,70.02570302265057,165.30812779683436,21.732036882767247,70.59335380782153,165.85701065126622,403478400,11600,67251000
2014-09-11,22.490360260009766,70.7608642578125,166.58056640625,22.492578061907786,71.15170372471735,166.60551505113582,22.08902439251461,69.87681449251686,165.59920651054497,22.264193525340108,69.87681449251686,165.72396242502748,249412400,7900,66774400
2014-09-12,22.541358947753906,71.14237976074219,165.60748291015625,22.658877069882944,71.14237976074219,166.4308133314906,22.41275350811992,70.20250512856619,165.13343341540647,22.44157816527079,70.95626779984221,166.41418936644826,250504400,22100,117409300
2014-09-15,22.53470230102539,70.965576171875,165.48275756835938,22.84956414099501,71.16099586250844,165.7655299969045,22.492574222277664,70.57472969089181,164.9837720339689,22.79634705465015,71.16099586250844,165.6324621117129,245266000,12000,76401000
2014-09-16,22.36397933959961,71.51461791992188,166.73025512695312,22.452672833615374,71.6542054543868,167.0296515499825,21.927165277214318,70.90044270787993,165.08358114531796,22.128943018392373,71.16100231903208,165.17506373818952,267632400,12000,116201000
2014-09-17,22.523624420166016,70.89115905761719,166.9547576904297,22.572405920242545,71.48672611388645,167.72819082536833,22.304107669821644,70.723655379309,166.12310260853465,22.454886082927512,71.22616641423356,166.97139434528142,243706000,15500,151266000
2014-09-18,22.57018280029297,70.156005859375,167.8446502685547,22.69435263182355,71.10519575584266,167.86959890811883,22.51918350995029,70.00711764211152,167.2458575389136,22.601225258175614,71.08658029136005,167.46208331181987,149197600,11100,94990000
2014-09-19,22.386150360107422,72.03575134277344,167.693359375,22.69435891418132,72.42659079802816,168.69600771854917,22.284153442873887,70.16529523588639,167.35078392656635,22.681055483316634,70.95628187620217,168.37851027186727,283609600,69800,121649000
2014-09-22,22.4083251953125,71.7658920288086,166.39830017089844,22.64779712116303,72.37075963945647,167.426026726707,22.301894356059613,71.42157698451555,166.04737381624477,22.572408750999543,71.57977291038597,167.4009614691866,211153600,14100,125553000
2014-09-23,22.7586612701416,71.67282104492188,165.44577026367188,22.82518180673129,72.35214332801891,166.49019841662783,22.29302258907633,70.63058249514141,165.39563975222873,22.30632601971926,71.65421268498335,165.79669659314104,253608800,20000,111393000
2014-09-24,22.561321258544922,71.51461791992188,166.74093627929688,22.80522709597544,72.0915764158423,166.849560934269,22.439367493985824,71.09586241624405,165.03643440169293,22.65223255425037,71.67281381244754,165.47090752283606,240687200,8400,107276000
2014-09-25,21.70099449157715,70.26766204833984,164.05043029785156,22.330714969303568,72.07297122552718,166.31475634354877,21.667734225964864,69.3277800887459,163.99194894578199,22.286369076278778,71.5797680199111,166.3063927579901,400368000,23100,150300000
2014-09-26,22.33957862854004,70.481689453125,165.35386657714844,22.33957862854004,71.9426906949145,165.76328701897575,21.81850690953679,69.79306651806773,164.11726716525433,21.847331563275997,70.14668216586084,164.3512180607649,249482000,11400,103547000
2014-09-29,22.197677612304688,69.76515197753906,165.05308532714844,22.27084986495239,70.23974682832804,165.3455303470534,21.869512222413125,69.38361313089824,163.80813496950267,21.87394782713043,69.77445970786928,163.9334612641084,199065200,13500,95112000
2014-09-30,22.33957862854004,69.4487533569336,164.61862182617188,22.51474773592507,69.99779585340404,165.68811543300197,22.29079714399143,69.24403298677176,164.27604626868285,22.35288205462168,69.83959993566705,165.17843388995252,221056400,20500,131302000
2014-10-01,21.991464614868164,68.98347473144531,162.38772583007812,22.326281699412526,69.52320956402563,164.40973759661583,21.885032100182315,68.39721544070947,162.02008500900408,22.304107060574378,69.10445394203131,164.35124348900422,205965200,16900,177798000
2014-10-02,22.151111602783203,68.74153137207031,162.4127655029297,22.22206604567249,69.56043426301363,162.98092831917177,21.73868837483691,67.96915293986616,160.71661514059204,22.011418827444626,68.82527965763222,162.24564679286547,191031200,7300,157285000
2014-10-03,22.089035034179688,70.77945709228516,164.20086669921875,22.21985665050564,71.3378071793487,164.55179312835364,21.96042952913221,69.20679183955728,162.99768308540163,22.049123039223158,69.35567998964895,163.4990010915783,173878400,16600,121569000
2014-10-06,22.089035034179688,70.77945709228516,164.00865173339844,22.317419680774485,71.50530368580823,165.10322325146473,22.044687433290214,70.37930998307164,163.4154236256372,22.162205615193322,71.27266018277051,164.88597401535358,148204800,10000,104778000
2014-10-07,21.896121978759766,70.49101257324219,161.4770050048828,22.19989663445998,71.16102729405188,163.5324460052867,21.89168806548637,70.20253677389556,161.44358890093687,22.046900405369616,70.33281662519529,163.1648051150216,168376800,20300,147913000
2014-10-08,22.35066795349121,73.22687530517578,164.30111694335938,22.419404583339965,73.43160273503462,164.5350678807274,21.798552037864674,69.85819464049109,160.72499518716847,21.898332817505572,70.13736969933798,161.56888872914809,229618800,38700,186461000
2014-10-09,22.399452209472656,71.67282104492188,161.04251098632812,22.70100902682298,73.23618596931021,164.26770644644665,22.308542618836675,71.4681006867276,160.9088210891676,22.514754241117593,72.81743042337594,164.04210633865955,309506000,13500,210705000
2014-10-10,22.33515167236328,73.13382720947266,159.2042999267578,22.623403374579304,73.99926154962786,161.80283822522034,22.23980647515097,70.97489522431489,159.1625329913905,22.326282154984522,71.48671390387048,161.000724375495,265326400,28300,221909000
2014-10-13,22.13115692138672,74.957763671875,156.58908081054688,22.5679709401939,75.39512763475366,159.71400275493298,22.13115692138672,73.1803633280809,156.49717059163132,22.46819182668529,73.45953846156976,159.13748892650423,214333600,28100,230939000
2014-10-14,21.896121978759766,76.81890106201172,156.83131408691406,22.288588433428902,77.62849605124215,158.60267273661066,21.8562099925487,74.87399734248761,156.27985301438494,22.259763767932768,75.06941706746453,157.432905666152,254754400,53000,215847000
2014-10-15,21.627824783325195,77.0887680053711,155.77017211914062,21.98481484663149,77.67503433082203,156.8229637609047,21.104535064131653,74.69719245000665,152.00188027670106,21.72316998703472,76.56764869360862,154.70904239205254,403734400,38500,380715000
2014-10-16,21.344005584716797,76.33500671386719,155.63653564453125,21.66773535742721,77.37725245874299,156.73109449483385,21.155532991988554,75.57193609164045,152.8123973594799,21.186575457064386,75.68360756064374,152.9544380824825,288618000,26100,270391000
2014-10-17,21.656648635864258,75.85111999511719,157.4747314453125,21.951553753916834,77.59128954862804,158.5442250661252,21.465958235596243,75.54402874459677,156.76451506068346,21.618954454615064,77.59128954862804,157.4329517610338,272718800,19800,214625000
2014-10-20,22.120071411132812,75.67428588867188,159.00376892089844,22.164417308109485,75.94415323092409,159.12909521871075,21.778602591012337,73.25479463708407,157.1405123803309,21.800775539500673,75.013579126489,157.1906428994558,310069200,14500,130011000
2014-10-21,22.720966339111328,75.63705444335938,162.15379333496094,22.842918396584874,75.64636217138565,162.2624052267221,22.454885893220258,74.23188569947469,159.98972784656468,22.842918396584874,75.56260681858168,160.1568338525881,378495600,39400,154949000
2014-10-22,22.836265563964844,75.96276092529297,161.00070190429688,23.08460696297282,76.01860019887864,162.8556074532772,22.74978988849608,74.65065514135894,160.93385696792114,22.803005298395153,75.39511015857096,162.43783616295494,273052400,20700,151822000
2014-10-23,23.2442569732666,76.28849029541016,162.87232971191406,23.293038474927712,77.04225326635128,163.93347249328093,22.978176516484417,74.04580264646918,162.31251764204782,23.07795732216056,76.21404264156635,162.61331351907427,284298800,27900,154944000
2014-10-24,23.330734252929688,76.87474822998047,164.1256103515625,23.3906013870818,76.87474822998047,164.1757536120071,23.177738022103238,75.86041848859773,162.5046685794636,23.321864734594627,76.28848894073872,163.139676302058,188215600,10500,117927000
2014-10-27,23.30633544921875,77.31211853027344,163.9000701904297,23.388377196710888,77.67504195799012,164.14237198011458,23.215424186455536,75.90694927697211,162.95590279569655,23.248684445800297,76.93988737115615,163.54078017542787,136750800,12200,82954000
2014-10-28,23.667762756347656,81.0064468383789,165.78004455566406,23.667762756347656,81.26700634940428,165.78839539361573,23.35955424553567,76.95844539303091,164.37632606815654,23.370641564158326,77.87971850664603,164.4515346072053,192243600,33900,106736000
2014-10-29,23.800806045532227,81.15580749511719,165.52931213378906,23.807459452815184,82.09839649926326,166.37320540248012,23.583508774874748,79.3826225859859,164.43475358498839,23.647811511775963,81.09981450562,165.89695284470105,210751600,24300,142557000
2014-10-30,23.720983505249023,83.33031463623047,166.5904998779297,23.803023585604457,83.33031463623047,167.0667525651648,23.48151159632964,81.1558294341476,164.93611622912766,23.71654790044261,81.40781219533697,165.08652053782293,162619200,16600,113330000
2014-10-31,23.947145462036133,84.40354919433594,168.4955596923828,23.956014978172686,85.19681418868477,168.62924959672856,23.77197632463544,83.40496704659074,167.75192712984474,23.94936326399208,83.52628758261241,168.59582074595662,178557200,33800,146903000
2014-11-03,24.25757598876953,85.21546936035156,168.58746337890625,24.457135907412237,85.23413843835561,169.1556263263154,23.949367438966505,83.40496040314629,168.20310810614026,23.995931138035214,83.78759106022476,168.71278969101988,209130400,25100,93600000
2014-11-04,24.08018684387207,85.30878448486328,168.00257873535156,24.277528942350767,86.27003533665744,168.44541535148042,23.88506254753565,83.84356830396784,167.15867243907695,24.248704281250603,84.38485754173188,168.13625587936352,166297600,21000,93343000
2014-11-05,24.13783836364746,84.5995101928711,169.0636444091797,24.23540135970411,86.6153359326429,169.27253000702123,23.97597263761597,83.3862766619643,168.3200121908384,24.191053774365905,85.72874712786425,169.2307503375799,149743600,14100,91709000
2014-11-06,24.206872940063477,84.75818634033203,169.74046325683594,24.22691631321289,84.9728380409639,169.83237344694464,24.00644940270677,83.05966317592323,168.47879860113227,24.184603846915277,84.34755201921082,169.10545551113688,139874000,14300,107089000
2014-11-07,24.27590560913086,83.9928970336914,169.89926147460938,24.34494029699444,85.97139894930038,170.11651075144357,24.173466437163963,83.05964262220594,169.28931883065252,24.218004616619957,84.08622105080673,169.75722073557125,134766000,16300,89540000
2014-11-10,24.23581886291504,83.02230834960938,170.4340362548828,24.3471660027439,84.34752785333389,170.48416678871334,24.200186962638995,81.69708884588485,169.72383244332892,24.278129620714694,84.34752785333389,169.93271816720468,108782000,24600,66319000
2014-11-11,24.429563522338867,84.24488830566406,170.60108947753906,24.440698916716357,84.3942124570341,170.7097141001309,24.14006195777312,81.93042092076803,170.15825289994456,24.206869226970152,82.69568939612086,170.50082844091202,109769200,10700,54499400
2014-11-12,24.774744033813477,85.10348510742188,170.41725158691406,24.814829080885282,85.33679874605815,170.65120246377595,24.356079308081316,83.61960666320822,169.87414131969666,24.358305028068774,83.94624433326557,169.90757015888641,187769600,19100,90120300
2014-11-13,25.124374389648438,84.06757354736328,170.6094512939453,25.264671206721108,85.85942061660887,171.14419806602447,24.85268703361506,83.79692886708649,169.79062308812348,24.897226919289416,84.54352825252184,170.58438603504854,238091600,13000,85357900
2014-11-14,25.427242279052734,85.5607681274414,170.65118408203125,25.429469698395533,85.84074731007155,170.86006968168394,24.76583975316329,84.00223490721065,170.2166984649314,25.19786735841593,84.14222449852574,170.53420865620035,176254400,17800,80417500
2014-11-17,25.38492202758789,84.57152557373047,170.75982666015625,26.11758645671759,85.76609019761791,170.93529620516878,25.231264120485456,84.17955327138188,170.15823500492394,25.44727615789295,85.42078346845769,170.32535371421875,186986800,18100,80441000
2014-11-18,25.714515686035156,85.38343048095703,171.7458038330078,25.763508712630042,86.22336074122505,172.0549505509461,25.362658221420048,84.64615875917538,170.8183509298232,25.37379361801815,85.19678247652635,170.8183509298232,176896000,12800,76068100
2014-11-19,25.536359786987305,85.5607681274414,171.47006225585938,25.77464266494411,87.18462887426367,171.74579285803708,25.342616796840133,84.36620357253001,170.7013645540468,25.707835381764152,85.5794300835391,171.54525803389814,167476800,25200,82373000
2014-11-20,25.90157127380371,86.28868865966797,171.7708740234375,26.024053807936152,86.64332271781625,171.87949865690925,25.57643782749695,84.20753563185745,170.60110656502607,25.589800639689372,85.7754030849927,170.66795151259558,173582000,25000,72840300
2014-11-21,25.937210083007812,86.31672668457031,172.68994140625,26.182173517499432,87.70728133785711,173.65917389870003,25.839224029601972,86.03675454188635,172.10506412610547,26.16881240077063,87.04466422378438,173.49206792571138,228717200,13200,142327300
2014-11-24,26.418228149414062,87.19395446777344,173.174560546875,26.449405220156216,87.2966130161957,173.28318516834898,25.97061376274905,85.607424916064,172.88212827659936,26.021832507958475,85.66341789877954,173.09936477017857,189803200,10100,65880800
2014-11-25,26.18886375427246,86.2233657836914,173.04920959472656,26.66765710259985,87.84722630173198,173.6173723813007,26.155459251082437,86.02738323152836,172.7901934567668,26.516224827292202,87.27794059871127,173.40848675399548,275361600,9400,79108300
2014-11-26,26.50063133239746,87.1379623413086,173.4920654296875,26.522900430687255,87.46459994396837,173.59232646216452,26.24007931445797,85.90606686830196,172.98238393231537,26.26457583228373,86.6806625774192,173.19962041913837,163073200,6800,62167800
2014-11-28,26.48504066467285,88.24853515625,173.12448120117188,26.589707287146798,89.26578617053657,173.68429339766226,26.28907023684329,87.47393940354492,172.88217937707432,26.56075593257638,87.47393940354492,173.36679577464193,99257600,11600,57890100
2014-12-01,25.62543296813965,80.5865478515625,171.92127990722656,26.556295207743037,87.31531387933158,172.5730022635777,24.77919395067378,80.52122030256159,171.60378231654985,26.45830917230394,86.84868649499113,172.45602678293446,335256000,80500,103968400
2014-12-02,25.527454376220703,82.33169555664062,173.03250122070312,25.77687267596477,83.51692538579599,173.2413868553071,25.108789582851212,78.68266782279616,171.93794253527705,25.2758103561296,80.29720089606931,171.96300779148012,237395600,407800,74507200
2014-12-03,25.816953659057617,81.46378326416016,173.70098876953125,25.910484869581268,83.39561972569514,173.91822530348978,25.63434437702544,80.9224939645578,173.0409155802223,25.776868611829926,82.99432002015085,173.2080215870651,172253600,35700,68952000
2014-12-04,25.718965530395508,82.2757339477539,173.50877380371094,26.099772598748196,83.8902605164606,174.01845528331754,25.674427347754857,79.7279456022314,172.70664732374874,25.781319665701528,81.07183458625805,173.40850002536075,168178000,23800,91316600
2014-12-05,25.6098575592041,83.376953125,173.7928466796875,25.85036793361271,83.91824244067631,174.1855526897304,25.529687434401232,81.56644424729544,173.4168550901097,25.830324552900223,82.06106799017779,173.68422207071518,153275600,22400,91025500
2014-12-08,25.030841827392578,80.28787231445312,172.63143920898438,25.53190404578291,83.37694200079932,173.89310381448598,24.85714053019425,79.62526256615173,172.06326367018366,25.409421490567254,82.94764584500543,173.39178595605037,230659600,31600,108588200
2014-12-09,25.41387939453125,80.70785522460938,172.51451110839844,25.453964444799556,80.91316524112723,172.62313574475,24.351626411932614,77.54411580413219,170.37552372694628,24.53869054619239,79.32663538156278,170.7598662489479,240832000,21900,125180100
2014-12-10,24.930625915527344,79.44796752929688,169.74880981445312,25.576439717823124,81.71577666321572,172.10503293004746,24.839322137080707,79.14932631957032,169.5566258684517,25.47845538229779,80.54920832519508,172.04655158731768,178261200,25600,159856400
2014-12-11,24.857145309448242,82.51837158203125,170.6094512939453,25.342619086791036,82.92900589224224,172.28053655036382,24.794789460880303,79.29864599927377,170.20839440222812,24.999669565271525,79.29864599927377,170.35043511909944,165606800,30100,159012800
2014-12-12,24.43625259399414,78.92532348632812,167.85218811035156,24.91281838308229,83.74091955694682,170.3003350788047,24.402848100567322,78.80400297887428,167.81877200896517,24.59881852350255,81.60376614918768,169.31438797139776,224112400,17800,202330200
2014-12-15,24.10221290588379,77.14283752441406,166.6990966796875,24.852691860766296,79.27998453841934,169.22243885827086,23.683546394341587,76.8255272214391,166.08915416196254,24.652266583860268,79.14000202845665,168.76288788627204,268872400,29500,189965800
2014-12-16,23.772619247436523,78.216064453125,165.36224365234375,24.532007712932455,79.36397072500166,169.1138218717095,23.663499503666497,77.1988203736401,165.3204639713012,23.687996015393647,77.1988203736401,165.92205568008194,243162800,20000,259543800
2014-12-17,24.364990234375,81.3797836303711,168.6041259765625,24.46074717611333,81.3797836303711,169.06367693008562,23.78821097052648,78.87866146755742,165.67972704424673,23.85501995674072,78.87866146755742,165.80506607668082,213647200,16100,253910100
2014-12-18,25.08652114868164,82.79833221435547,172.7735595703125,25.08652114868164,82.89165623111928,177.94557215307765,24.64335982760685,80.79183381318602,170.383906370096,24.91281981172887,82.12638790139025,171.06905766671738,236024800,17700,257633900
2014-12-19,24.892778396606445,80.95048522949219,173.50860595703125,25.217911998913817,82.79833208731124,174.18912863915742,24.866056157445207,80.53052359461634,172.7440627478413,24.99967245032143,82.49035642431372,173.43298235478082,353719200,30800,245084600
2014-12-22,25.15110206604004,81.79042053222656,174.30682373046875,25.273582947080307,82.06106518079913,174.30682373046875,24.935088260668067,80.4931973988326,173.4582724534843,24.977400733603286,81.45444835607898,173.7019115738948,180670000,17300,148318900
2014-12-23,25.06201934814453,81.88375091552734,174.54200744628906,25.237948067434832,82.65835388849571,174.9452778089861,25.04420339451499,80.48386911288588,174.24794839490005,25.215678974909334,81.63177532392538,174.8948706161157,104113600,20000,122167900
2014-12-24,24.943992614746094,82.30370330810547,174.55886840820312,25.099877967610045,82.49968586695498,175.03774970914677,24.943992614746094,81.09980434360223,174.5168581278339,25.070928316084714,81.89306911613566,174.76890699031156,57918400,4800,42963400
2014-12-26,25.38492202758789,82.63967895507812,175.12176513671875,25.502949731239987,83.24628861150956,175.46623147801662,24.94398827813204,81.89307259616353,174.96213376783743,24.964029949006115,82.8263269847238,175.0125409749079,134884000,7800,57326700
2014-12-29,25.36711311340332,82.07040405273438,175.35699462890625,25.558628682917135,83.25563414994211,175.5670331896615,25.320345806810604,81.37979058742678,174.86970362958576,25.34038918092505,82.75167585910962,174.9369175073958,110395600,12600,79643900
2014-12-30,25.057558059692383,82.41570281982422,174.416015625,25.369330371858823,84.03023624167983,175.06292512351277,24.96625429413518,81.6691034900828,174.3403920046178,25.306976249230015,81.75309297760991,174.92851019560848,119526000,16300,73540800
2014-12-31,24.580995559692383,82.15436553955078,172.68531799316406,25.19340486818293,84.22619098897685,174.9117346936168,24.5431379374784,82.12636905296358,172.55929996962846,25.124370180731237,83.05028871116338,174.74370638899003,165613600,21100,130333800
2015-01-02,24.347169876098633,83.87156677246094,172.59286499023438,24.817055016851548,84.08621127485478,173.81109879252688,23.906234384658674,81.09980035337104,171.54267227773067,24.80591962148814,82.8636504163982,173.3910217075254,212818400,30300,121465900
2015-01-05,23.661273956298828,83.24630737304688,169.47592163085938,24.195740719586887,84.02091039896695,171.70232533502883,23.474211523610663,82.47171146729433,169.16506865096244,24.115570620142528,83.1249868384513,171.53429704372607,257142000,13600,169632600
2015-01-06,23.663501739501953,82.67700958251953,167.87960815429688,23.92405371719302,83.64759507990381,170.31605005774304,23.30050886726034,82.1263928662101,167.07305453082503,23.725855884690617,83.24629537540999,169.78674884172293,263188400,11800,209151400
2015-01-07,23.995311737060547,83.18096160888672,169.97158813476562,24.09552349626052,83.51693376048107,170.31605442130996,23.76148203356362,82.12638670648367,168.77017382476237,23.872829187795922,83.40494779006026,169.2238514360209,160423600,13000,125346700
2015-01-08,24.91727066040039,84.16089630126953,172.98776245117188,24.975171667068338,84.17955825955063,173.20621077027934,24.206875140930833,82.26639068829603,171.3830775070617,24.324904573490937,83.41428980701535,171.39987136257994,237458000,12400,147217800
2015-01-09,24.943992614746094,84.1982192993164,171.6015167236328,25.2201331108292,84.22621579414876,173.42465002634282,24.543142137348912,82.53702748437591,170.97979792309047,25.090969990443114,83.81558154949684,173.40784335072348,214798000,17700,158567300
2015-01-12,24.329355239868164,84.20756530761719,170.2572784423828,25.082061453947656,84.73018560278496,171.89558972438638,24.229143472265044,83.55428281848997,169.64396934004523,25.075380895977165,83.66627593324056,171.73595834246905,198603200,9900,144396100
2015-01-13,24.545368194580078,85.20613861083984,169.7783660888672,25.119919947298015,85.44877965407137,172.6348853051518,24.253639179396174,83.99290491401514,168.4593178117583,24.81482811759365,84.71150774540611,171.49227505469077,268367600,12800,214553300
2015-01-14,24.451841354370117,85.486083984375,168.75338745117188,24.605499307099826,85.486083984375,168.95502909139518,24.162338007391202,83.50758962134772,166.82943981052134,24.282593165412145,84.31951622498079,167.73679514218418,195826400,10200,192991100
2015-01-15,23.788211822509766,87.59527587890625,167.2074737548828,24.50974108395914,87.62327237721705,169.7195263270312,23.752581607869665,84.57153301849273,167.08985269283977,24.496379965846995,86.13940100540482,169.40027648419104,240056000,23400,176613900
2015-01-16,23.60336685180664,89.58309936523438,169.40032958984375,23.957451649354205,89.58309936523438,169.55996097117412,23.427438162323867,86.25138101423309,166.81265259394607,23.83496911268184,87.1753081153891,166.99748758077723,314053200,32900,211879600
2015-01-20,24.211326599121094,91.8975601196289,169.76158142089844,24.267000178791985,92.4668458621684,170.316086353973,23.716944939799923,88.50984215662078,168.173690254176,24.01535451130495,89.05113140693143,170.047230815608,199599600,19100,130991100
2015-01-21,24.396167755126953,92.7654800415039,170.6185302734375,24.732435014569067,92.88680053881049,171.1058212872163,24.11111754787758,91.45892258060505,168.82060065281627,24.262549780250666,92.1121977509718,169.29108499170977,194303600,17700,122942700
2015-01-22,25.030841827392578,95.98521423339844,173.15574645996094,25.04643036178159,96.0225452640585,173.2901613584639,24.43402098374896,92.28019310233907,169.9883622550942,24.55427612004538,92.85881339732084,171.3830209873916,215185600,12300,174356000
2015-01-23,25.160003662109375,97.06779479980469,172.2064208984375,25.331477531676878,97.80506665044486,173.15579932117248,24.837095896138095,93.77340781668018,172.07199313916345,25.008571464728334,95.42526501711058,172.89534073017774,185859200,42300,117516800
2015-01-26,25.186729431152344,98.05703735351562,172.60972595214844,25.467324774353628,98.64498504924651,172.7021434527052,25.119922148786404,93.62407905160232,171.26548654919642,25.32925367236059,97.86105478827199,171.98801987543862,222460000,19700,92009700
2015-01-27,24.30485725402832,96.99315643310547,170.33282470703125,25.04865714505575,97.99173862764717,171.49222849689764,24.280360743606824,95.35062624912837,169.49267071624539,25.035294330902254,97.99173862764717,170.52605653538689,382274800,28200,134044600
2015-01-28,25.678882598876953,94.51406860351562,168.1484832763672,26.30465482030051,97.7883360895021,171.63511853882397,25.678882598876953,93.04532604529516,167.9552513743802,26.19553337551537,96.83412413401419,171.53430412382858,585908400,23900,168514300
2015-01-29,26.47835350036621,92.32498168945312,169.70278930664062,26.54293505342104,94.99116925079623,169.9632351155467,25.73455362985777,91.33334163320885,166.921867516084,25.90380177927654,94.45793173852762,168.35014023029166,337745600,33800,173585400
2015-01-30,26.09086799621582,91.2491226196289,167.56871032714844,26.723319065228587,93.6814332342391,169.8539301998756,26.02183159996176,90.14522686888525,167.29986771727422,26.367008484163446,91.39879964926617,168.50969151103948,334982000,28500,197729700
2015-02-02,26.418228149414062,91.00590515136719,169.64395141601562,26.538483293286475,91.7730187963892,169.73636890000648,25.850358618876637,89.77103910968944,166.23292707555905,26.289066727349258,90.7439649512136,168.07286700790803,250956400,28900,163107000
2015-02-03,26.422685623168945,92.18463897705078,172.09715270996094,26.520669984265435,93.16691468274202,172.10556245509935,26.191083289537342,90.17330233587134,170.17320557407882,26.38928113003517,91.6046234622606,170.5512723330379,207662800,26100,124212900
2015-02-04,26.625329971313477,95.02859497070312,171.44189453125,26.83689057578271,95.9079647743559,172.55090442621585,26.346962096240286,91.8291697399596,170.97980707501424,26.389274556938666,92.6149904756497,171.32427343509346,280598800,31700,134306700
2015-02-05,26.815364837646484,95.34663391113281,173.172607421875,26.880201257479946,95.81438624445352,173.3238418684334,26.66109881439695,93.86853482487916,172.03840676150702,26.83324939374745,95.81438624445352,172.1140175749173,168984800,12000,97953200
2015-02-06,26.589563369750977,94.01822662353516,172.6937255859375,26.88467995466242,95.71148792355419,174.11358845882827,26.482247472633944,93.83112852996452,172.1644242542181,26.833257363064437,95.09405850490326,173.542276846542,174826400,24400,125672000
2015-02-09,26.766193389892578,93.25111389160156,171.92076110839844,26.79302109186163,93.91532140851963,172.76931225039726,26.477783653623945,92.52142132758833,171.50908092796593,26.50461306132176,93.41014798635628,172.0383821857026,155559200,18500,87219000
2015-02-10,27.280405044555664,93.69080352783203,173.7523193359375,27.30947065641,94.81340638952749,174.01276513367452,26.86456040190281,92.6710996238128,171.96278646540648,26.86679490610053,94.08371381569195,172.97098194272638,248034000,18200,96164200
2015-02-11,27.91982650756836,93.10145568847656,173.85308837890625,27.928769642147397,93.98083268403177,174.289972117066,27.387722793079366,93.0827487286578,172.92892652555972,27.44808681932724,93.33533194156365,173.58424572293197,294247200,9800,91087800
2015-02-12,28.273067474365234,93.82179260253906,175.52496337890625,28.501113100082545,94.04631179282806,175.5837803094416,28.074087457143616,93.49436729642252,173.88666572464146,28.18363785066684,93.63468732951792,174.65960582768608,297898000,6300,97545900
2015-02-13,28.411685943603516,94.27080535888672,176.24755859375,28.456399906471493,94.4672676264916,176.2979657978937,28.09197616248528,92.54012309355089,175.39059766409736,28.456399906471493,94.14919231748152,175.6510562517341,217088800,15900,93670400
2015-02-17,28.579360961914062,93.84983825683594,176.5248260498047,28.814113491034405,94.42985378377499,176.70126409905035,28.37590854257936,92.61497224571974,175.67627479516398,28.50334519120033,94.28952664078417,175.9283108373183,252609600,19300,76968200
2015-02-18,28.77834129333496,96.3008804321289,176.54159545898438,28.791755138903664,96.33830148606337,176.61720625566969,28.49440238679154,92.80208683128646,175.87786650212016,28.53464562922572,93.55049363530338,176.1467219833145,179566800,18800,80652900
2015-02-19,28.717981338500977,95.22503662109375,176.41558837890625,28.847654224108258,96.5815157571085,176.7852583054147,28.691153641981135,94.55147200775235,175.79388242953905,28.724688262630938,95.5524618810971,175.9367071157379,149449600,15800,91462500
2015-02-20,28.952735900878906,95.6460189819336,177.47415161132812,28.952735900878906,97.28315255700869,177.54976240142435,28.628555370380557,94.68245007686315,175.36535667615254,28.75599034903679,95.31859369438577,175.99547223308858,195793600,20300,140896400
2015-02-23,29.73523712158203,96.13247680664062,177.4490203857422,29.73523712158203,97.16153067587466,177.4490203857422,28.988503414120427,94.4392082377717,176.8356984299778,29.068989906697254,95.1969719914578,177.22217510320277,283896400,18100,74411100
2015-02-24,29.5496768951416,96.71250915527344,177.95306396484375,29.869388425817633,97.28316780472893,178.15470559351675,29.326103638695233,93.85922304533307,177.0708994665365,29.72182925781331,95.58990595420462,177.37335549967796,276912400,13400,72472300
2015-02-25,28.793994903564453,96.90894317626953,177.8018341064453,29.42223854795156,97.29250358748742,178.31432867160214,28.65090817226166,95.70214821070307,177.45736781418313,29.413293708300706,97.24572549044383,177.82703770639273,298846800,6300,73061700
2015-02-26,29.158416748046875,97.10538482666016,177.591796875,29.25902400718207,98.16250250411828,177.86904929620954,28.306603389802476,96.6189184152512,176.97847508577792,28.793991335213864,97.47023106654987,177.7094179488705,365150000,12900,72697900
2015-02-27,28.72021484375,97.6573486328125,176.98692321777344,29.191954433369677,100.46386312281535,177.75986370223666,28.6710284667124,97.29250232009896,176.936516006573,29.064516071556902,97.52637852759919,177.4910081495164,248059200,13200,108076000
2015-03-02,28.861064910888672,98.8360824584961,178.10427856445312,29.12711757708943,99.60319610055066,178.1630826872682,28.68444357571901,98.22800291772884,177.0372792302429,28.89683744330111,98.22800291772884,177.0876864268657,192386800,9000,87491400
2015-03-03,28.92143440246582,99.50965118408203,177.3733673095703,28.95720693954078,99.80901244372996,178.15471745543306,28.637495433050795,98.6209173145424,176.4996124999497,28.832006471235324,98.92027857419033,177.66742643516383,151265200,20300,110325800
2015-03-04,28.73810386657715,97.51699829101562,176.62562561035156,28.966149535298193,99.47220663217773,176.84407392149473,28.688920890438336,96.80601992816916,175.64264666941702,28.86330775138471,99.16348839873102,176.76845029547164,126665200,23200,114497200
2015-03-05,28.261892318725586,94.86953735351562,176.81887817382812,28.78505284884034,97.83508561147018,177.10452755675703,28.116569380673152,92.87690772630013,176.30638354222643,28.747045809793374,97.57314543109162,176.95329311772946,226068400,46800,76873000
2015-03-06,28.30436897277832,95.43083953857422,174.33197021484375,28.923666034260794,96.403765314589,176.38194820491304,28.22835489763584,93.94338330594863,173.99591371340745,28.706799740534585,94.22403757997903,175.9450644972588,291368400,23800,188128000
2015-03-09,28.425100326538086,98.8641357421875,175.05455017089844,28.96838504941082,99.14479000360315,175.4158103658263,27.960067598750246,95.7863244612891,174.37402724018335,28.608430306914087,95.7863244612891,174.53365860807696,354114000,33000,89818900
2015-03-10,27.837100982666016,98.07833099365234,172.21481323242188,28.442984179863764,99.16352011135831,173.75229703629986,27.678364207523718,96.35700539122553,172.1728029563022,28.261890424764342,97.55445052984174,173.6682893037969,275426400,21800,157121300
2015-03-11,27.329587936401367,96.95570373535156,171.81155395507812,27.895227868715825,98.63025795644326,172.65170825314698,27.300524033989195,96.83409069730612,171.72753339737636,27.890757155163254,97.93798649690099,172.47527020986814,275756000,19500,110145700
2015-03-12,27.82369041442871,99.61251831054688,173.99595642089844,27.924299400851165,100.12704148253842,174.06315748189323,27.193213914616464,97.28310705996941,172.3996555979278,27.34524379357899,97.94731437188531,172.45006280354238,193450800,23700,93993500
2015-03-13,27.63141441345215,99.7715835571289,172.92893981933594,28.03608311578845,100.07094479326226,174.69325594030138,27.405606681429926,98.23735632977865,171.87874707361757,27.812509887920488,98.8828497573986,173.71868681527386,207309200,21900,162410900
2015-03-16,27.935468673706055,100.94096374511719,175.23939514160156,27.935468673706055,101.03451279245805,175.3318126325115,27.470437747086372,98.89220606287853,172.9541742934087,27.696245434925036,99.77158281001928,173.6683106158707,143497200,16900,136099200
2015-03-17,28.402746200561523,99.32254028320312,174.7184600830078,28.46534643834115,100.95967364002037,175.10492380722366,28.09197951606369,98.88285189682718,173.89509979801193,28.147872829185296,100.95967364002037,174.49161487634692,204092400,10000,94510400
2015-03-18,28.722444534301758,100.0989990234375,176.81887817382812,28.87671056266255,100.84740560938752,177.49940110010934,28.252941232971196,99.01381018754338,173.59267594519036,28.393791711652003,99.88382981034327,174.23959834043055,261083600,14100,228808500
2015-03-19,28.505582809448242,99.88384246826172,176.01234436035156,28.896835906832827,100.23933885343912,176.8272951426349,28.483225830743322,98.34026528729586,175.61747077224567,28.78504930758009,100.09901170862358,176.39882101967981,183238000,12300,117917300
2015-03-20,28.147869110107422,100.65097045898438,177.56591796875,28.706800461745296,101.03453090036078,178.08070013905265,27.982425402730957,99.5096604571389,176.78952750938438,28.673265842885986,100.09902598461669,176.97518749716295,274780400,17800,177715100
2015-03-23,28.440746307373047,100.46385955810547,177.21995544433594,28.583833017607027,101.03451805514449,178.15669000962018,28.286480254949982,100.26740440725624,177.21995544433594,28.420625538306457,101.03451805514449,177.57439380998923,150838800,16100,71784500
2015-03-24,28.32448959350586,101.85774230957031,176.22415161132812,28.62631137025159,102.58744192180839,177.55750944816845,28.295423985491286,100.5293274379585,176.1566377031274,28.445219327641052,100.8006246391751,177.0933722543505,131369200,24100,77805300
2015-03-25,27.58446502685547,99.98672485351562,173.6417999267578,28.35355749848494,102.86808061272099,176.67142712372336,27.58446502685547,99.98672485351562,173.59961499976913,28.290957265813407,102.41904242060242,176.43513487395472,206620800,16400,159521700
2015-03-26,27.776742935180664,100.07093811035156,173.22825622558594,27.91982969331495,100.54804750203574,174.15654332029058,27.410082904245474,98.34025585649191,172.25775845939964,27.445855446643396,100.54804750203574,172.96664792728774,190291600,17400,153067200
2015-03-27,27.555404663085938,104.37427520751953,173.6249237060547,27.87958521212491,104.77654257611769,173.8021364473466,27.47939057242027,99.64997288821571,172.91603411000304,27.85052130199897,100.20192445784367,173.11014142450927,158184800,27000,118939000
2015-03-30,28.25295639038086,106.24526977539062,175.74313354492188,28.259663315955112,108.62145259854017,176.0469397170288,27.723087095540823,104.40232435218137,174.65450227310006,27.734266441983763,105.31912210966999,174.67137109374434,188398800,20200,96180400
2015-03-31,27.8192138671875,105.76818084716797,174.20713806152344,28.279774122012316,106.63820068256355,175.61646940915784,27.803563811122427,104.9075180591501,174.14807146346047,28.190344499185546,106.53529457341621,174.90758009370893,168362400,10200,126768700
2015-04-01,27.778980255126953,106.64757537841797,173.5911407470703,27.973489624295635,106.87209459128657,174.1987529740777,27.521870639990084,105.17883273984026,172.58689240307308,27.906416957484705,106.2733719320789,174.1734368710324,162485600,14900,137303600
2015-04-02,28.0181941986084,107.13400268554688,174.21563720703125,28.071851290618618,107.5830481137534,174.67133994544722,27.765557089070754,106.3856031549826,173.33796936547157,27.953357763970626,106.73173535058467,173.5236293751492,128880400,18000,86900900
2015-04-06,28.472047805786133,107.9853286743164,175.3886260986328,28.507820337951532,108.36888196402296,175.91184262576238,27.796857465582292,106.63819936204091,173.17760103035522,27.82815757836291,106.63819936204091,173.31261592715956,148776000,36600,114368200
2015-04-07,28.172460556030273,108.24726104736328,174.92449951171875,28.64419845795688,108.29403914294377,176.1734743932504,28.16575363267385,107.4146623348446,174.8907490022542,28.53688427279769,108.20049008911809,175.41396559918795,140049200,13000,81236300
2015-04-08,28.080795288085938,108.51854705810547,175.51528930664062,28.259654541264062,108.51854705810547,175.9625577506804,27.939944777574734,107.77014043035712,174.7557802559596,28.13668859148807,108.51854705810547,175.15241648021575,149316800,13800,89351900
2015-04-09,28.295429229736328,107.1246566772461,176.2916717529297,28.29990164982664,108.93953113637983,176.52796401876614,27.870641430494988,106.69432532560262,174.84860204921142,28.13669243109999,108.93953113637983,175.3465026895838,129936000,18100,85548900
2015-04-10,28.416152954101562,108.38760375976562,177.25363159179688,28.440746142192204,108.50921683346749,177.2958293769714,28.004779091000117,106.87208317577405,176.34222639219914,28.1590434367991,106.94692528451503,176.54475515790702,160752000,19500,72722900
2015-04-13,28.360261917114258,107.64852142333984,176.45199584960938,28.744809824684598,108.54660504448623,177.7516160425228,28.306604823240185,107.25561117733845,176.4013636379044,28.70009245262106,108.54660504448623,177.1102403556965,145460400,16100,74436600
2015-04-14,28.2372989654541,107.86370849609375,176.78956604003906,28.458635980331014,108.49985205856885,176.9752260682816,28.150105544268396,107.41466304250265,175.6165392490312,28.393799540472454,107.62983229132107,176.24946765159575,102098400,8100,75099900
2015-04-15,28.344615936279297,107.6859359741211,177.5828399658203,28.422866231458084,108.481113463279,178.09762229028684,28.172465286885966,107.45205982217267,177.17776936070376,28.261894926688225,108.38756442996637,177.26216497204413,115881600,9300,99529300
2015-04-16,28.208236694335938,107.62982940673828,177.53219604492188,28.416159886179656,107.7701494159729,178.04697833544827,28.19482284509716,107.0030357703713,177.04272986073596,28.232829888426053,107.16207700972913,177.24527158842164,113476000,8200,68934900
2015-04-17,27.89075469970703,104.14036560058594,175.489990234375,28.201521288960954,107.60172956004801,176.5701872845088,27.825918271669646,104.13100855668831,174.69671770884702,28.06961392917071,106.75978117992655,176.3254605728073,207828000,15700,191113200
2015-04-20,28.52794647216797,106.36688232421875,177.09336853027344,28.644203812109193,106.41366041449959,177.43092518721735,27.984663404280894,105.27234353005846,176.34229402315628,28.07409304578182,105.41267066356646,176.42667674891175,188217200,7400,92189500
2015-04-21,28.37367820739746,107.33045959472656,176.8823699951172,28.662086160547364,107.56433577457119,177.94568491906762,28.320019406400373,104.8981416144747,176.57856389156572,28.639730885391035,106.04881555973752,177.7853410203933,129740400,10400,72559800
2015-04-22,28.75598907470703,106.8252944946289,177.75160217285156,28.811882384780063,108.04144644196673,177.93726218592386,28.241771645472213,106.4697981057338,176.2916381721502,28.39156530709311,107.58305109228822,177.22837264648402,150618000,10500,78264600
2015-04-23,28.990741729736328,105.74945831298828,178.19891357421875,29.15842166036279,107.35852763282097,178.85715818801566,28.6486749441749,104.84201755908252,177.22841547554447,28.684447481458207,106.64754202089458,177.34656161450894,183083600,17200,102585900
2015-04-24,29.127117156982422,106.04881286621094,178.6123809814453,29.205369144073924,106.75044138792423,178.88243660043184,28.89236460716432,105.71203060480181,178.15667822060635,29.174069031528603,106.0113918219061,178.62082826763904,178103600,8300,61327400
2015-04-27,29.6569881439209,106.65689086914062,177.86973571777344,29.764305752556403,107.20883520599276,179.31280504466503,29.32162829271279,106.09558948700821,177.67562843248118,29.580974063063362,106.17978148252763,179.18622453422168,387816800,9700,79358100
2015-04-28,29.189720153808594,106.60075378417969,178.43515014648438,30.07954064762471,107.14334820315732,178.4857823506675,28.96838484102689,106.37623466290191,176.6545113299407,30.061657791434797,107.14334820315732,177.84441963608208,475696000,8300,86863500
2015-04-29,28.760454177856445,104.50064086914062,177.700927734375,29.41999438663511,107.35082969495085,178.3085269599896,28.6844401142453,104.25687279012926,176.88233956499238,29.100286371852683,106.85392306879511,177.53213657936058,253544400,12400,125684900
2015-04-30,27.98018455505371,105.94446563720703,175.92031860351562,28.760454496199674,106.91953060408977,177.51529741997408,27.85274790732656,104.53812317299631,175.21142911412127,28.760454496199674,104.53812317299631,177.11866131795367,332781600,28500,161304900
2015-05-01,28.829763412475586,104.54752349853516,177.8275604248047,29.093581562018937,106.82579907148727,177.86975822594542,28.013722598338454,104.54752349853516,176.61233586293298,28.19258013462094,106.82579907148727,176.71360028410197,234050400,12000,103399700
2015-05-04,28.773876190185547,105.30692291259766,178.33389282226562,29.191960481627692,106.22573646533175,178.92462335613413,28.67550341572857,104.38810935986358,178.1482328149127,28.952735469974865,105.51318761747844,178.25793163601406,203953200,13300,70927200
2015-05-05,28.125513076782227,105.24127960205078,176.2916717529297,28.717980772973775,105.44754427893996,178.4520784186617,28.121040656964716,104.31309570907615,176.14820951131202,28.650908121538166,104.69749220898416,178.08919273236538,197085600,22100,113326200
2015-05-06,27.94889259338379,106.18824768066406,175.5658721923828,28.337909572634903,106.64765094341847,177.16085105219426,27.579996387978927,104.32249461507773,174.4856755506565,28.2954301090992,104.510011260202,176.84861053329269,288564000,18700,135060200
2015-05-07,28.12175750732422,105.94446563720703,176.26629638671875,28.30585324563378,106.57263022116118,176.696695843842,27.84336749301954,105.00690399439989,175.1270332473558,28.01174780413876,105.81320757945625,175.46458983450964,175763600,13700,88244900
2015-05-08,28.651599884033203,106.13198852539062,178.5870819091797,28.651599884033203,106.6007694060735,178.78962364273661,28.312593645981156,105.17567867613015,177.87820515717328,28.440562638604938,106.30074992855761,177.96260076539582,222201600,10900,155877300
2015-05-11,28.359745025634766,106.094482421875,177.7346954345703,28.638133430747125,107.3601892506753,178.81489197099143,28.204834533609578,105.54131731485644,177.65874713364033,28.599967623766748,105.54131731485644,178.54484927536538,168143200,22600,75708100
2015-05-12,28.25870704650879,104.31311798095703,177.20301818847656,28.485457966223336,105.94447335544069,177.75156369999306,28.022973925112872,104.31311798095703,176.05530784560574,28.198089175131276,105.74758625447096,176.89077772360056,192640000,25900,119727600
2015-05-13,28.290138244628906,104.79127502441406,177.23681640625,28.555056673294885,105.83196915280413,178.2494991720676,28.25870738977473,104.25686510602688,177.00052419012457,28.321569099483078,104.71627551973215,177.6165708338116,138776800,20200,94667900
2015-05-14,28.95018768310547,105.44755554199219,179.08497619628906,28.95018768310547,105.94446205137709,179.17780620459754,28.54832151163248,104.5568677196553,177.98789779181467,28.60444828241233,105.88821064368142,178.26638781674006,180814000,15300,95934000
2015-05-15,28.909780502319336,105.49444580078125,179.27911376953125,29.07142588991975,106.1694914106288,179.42257602108796,28.78405707323157,105.13817490804108,178.7896475058276,28.977133318103927,105.66320720324315,179.27911376953125,152832000,11100,76510100
2015-05-18,29.22858238220215,106.01950073242188,179.8360137939453,29.34757088126234,106.0288712011843,180.08917478563546,28.81773394318598,104.13499932188392,179.0427416814285,28.82222504476564,105.11944217218738,179.11025557153184,203531600,22300,74549700
2015-05-19,29.201641082763672,106.76014709472656,179.77696228027344,29.38349129151326,107.06953700128562,180.23267789012996,29.105101245283976,105.94446588845996,179.49003786041405,29.340834393025016,105.94446588845996,179.9541878789865,178532800,14200,72114600
2015-05-20,29.19939422607422,108.22276306152344,179.65040588378906,29.405940356526038,108.69154397972235,180.40991483290506,29.03774883255425,106.14137464023557,179.3297180320922,29.18592434756533,106.88204934935337,179.8782508423469,145819600,22000,76857500
2015-05-21,29.497987747192383,107.25702667236328,180.17359924316406,29.55187068447452,109.13214949127513,180.38457535469,29.147757219124706,106.98513300525795,179.33812920581573,29.201640156406842,108.6914944843467,179.50692039660444,158921600,16400,64764600
2015-05-22,29.75617027282715,105.94446563720703,179.74322509765625,29.852710109615263,108.68214391747723,180.2073622736878,29.500232309437745,105.58819478803028,179.67571119204274,29.545136471128906,107.7445822746701,179.78541002132397,182384000,13600,57433500
2015-05-26,29.100610733032227,105.94446563720703,177.81068420410156,29.839241049192655,107.15392101479156,179.675718905478,28.988357177140937,105.67257190242964,177.3887319336234,29.76964439265312,105.91633993240724,179.245319348335,282790400,21600,124308600
2015-05-27,29.643922805786133,106.46013641357422,179.49847412109375,29.693314653221094,106.9007844144502,179.73476633717584,29.197155766316158,105.9444746051696,177.86129742612485,29.262261333003735,105.9913555524894,178.27481524274853,183332800,14100,93214000
2015-05-28,29.585535049438477,105.5038070678711,179.2959442138672,29.62370083204783,106.05697213859874,179.40564303548436,29.432871919001048,105.09127766956759,178.59550197864402,29.60349602226146,105.87883314332633,179.1862325152901,122933200,9600,74974600
2015-05-29,29.248783111572266,106.47888946533203,178.18199157714844,29.51145599309716,106.88204131078332,179.2706226916163,29.16346932202004,105.07254681650593,177.91194883928745,29.462064159746536,105.92573145691416,179.22843776914084,203538000,16500,124919600
2015-06-01,29.307151794433594,114.8512954711914,178.54489135742188,29.49798417671604,115.08568587011221,179.1946885878099,29.19714552114429,106.57262486458224,177.74317173544972,29.248781188723065,109.21654827828776,178.85713191947747,128451200,95500,93338800
2015-06-02,29.176944732666016,115.58261108398438,178.3676300048828,29.334099020268233,117.33585412684909,179.0680721844694,29.03326032318591,112.86368058570703,177.44777732252987,29.154492651991465,114.54191697204709,178.08070560658246,134670400,128500,91531000
2015-06-03,29.21286392211914,116.27640533447266,178.8402099609375,29.396961395808482,116.98895426883307,179.47313822929172,29.163472084090618,115.2544664582572,178.34230948030222,29.334099679355198,115.2544664582572,178.90772385479698,123934000,39800,87820900
2015-06-04,29.0422420501709,116.54829406738281,177.3296661376953,29.316141018831917,117.78587524043942,178.7896173948003,28.941214528286036,115.34821622114953,177.00897829001065,29.091633892106945,116.69830737467608,178.12293847020274,153800400,42100,151882800
2015-06-05,28.88283348083496,116.11699676513672,177.02589416503906,29.11632275442011,116.9701812107667,177.70945491805938,28.817727937179253,114.57001877399054,176.35920223476114,29.07366586257055,116.25763242851855,177.17779083150404,142507200,33600,121704700
2015-06-08,28.692007064819336,115.33883666992188,175.9372100830078,29.008562886952447,116.4451597570864,177.0680519221779,28.474234911355254,113.44496519173924,175.86126176695518,28.938962810785547,115.57322709387175,176.91614241311163,210699200,21200,89063300
2015-06-09,28.606698989868164,114.11064147949219,175.91189575195312,28.754874522480712,115.46073270911134,176.46044141966388,28.202587170917937,113.6887415467505,175.270532948327,28.445053577146663,115.46073270911134,175.91189575195312,224301600,21900,105034700
2015-06-10,28.93447494506836,114.76691436767578,178.02169799804688,29.03774628839276,116.0326210472019,178.40989983486998,28.70323120285528,114.38251069336803,176.62926036169728,28.718946630689842,114.55127206083999,176.68832699603928,156349200,19100,134551300
2015-06-11,28.86936378479004,116.15450286865234,178.5955047607422,29.226329209802053,116.76391932255731,178.98369360074528,28.844667869654902,115.11380894892939,178.2326191473896,29.001822136103012,115.11380894892939,178.46891136572893,141563600,14900,73876400
2015-06-12,28.55057144165039,115.3200912475586,177.22842407226562,28.81100053581167,116.32328199911947,178.46896503004865,28.537101561901867,114.74817802766584,176.9499339718486,28.77956967449613,115.498230262845,177.76008816187664,147544800,15800,135382400
2015-06-15,28.494447708129883,115.30133056640625,176.4688720703125,28.566289929232415,115.56384667413636,176.75579651237874,28.22279425605926,113.6887234440327,175.35491193952237,28.310351909501293,114.78566881691675,176.07223592164883,175955600,21800,124384200
2015-06-16,28.647109985351562,116.95144653320312,177.43092346191406,28.703236768909406,117.42022739153265,177.51531906380993,28.370967169444945,114.3825294324052,176.1397505900651,28.519140987353826,115.20758116797502,176.3169633263011,125976400,28400,85308200
2015-06-17,28.579757690429688,122.29557800292969,177.71786499023438,28.709970521128223,122.52058370577097,178.33392461398537,28.45403253572108,116.97959652938273,176.6798659473234,28.67405027182107,117.57026511146002,177.71786499023438,131672400,35600,126708600
2015-06-18,28.709970474243164,124.81764221191406,179.56597900390625,28.806508606325288,125.24891275014485,180.03856341233546,28.561796662706314,116.26707360946739,177.75158967648136,28.56404221355104,122.33309415760898,178.32543849329988,141628800,27600,165867900
2015-06-19,28.42259979248047,128.6428680419922,178.76885986328125,28.69649874082422,129.3741651422631,179.39639147865796,28.377699055607497,125.19263298655896,178.3872582205183,28.671802821688093,125.6145329588601,179.3200737380247,218867600,48500,130478700
2015-06-22,28.64935874938965,135.46824645996094,179.68472290039062,28.750386285982852,136.81832280529818,180.2783269309646,28.530370228958727,130.56479023220322,179.47272053664295,28.622417273633072,132.27115877938874,179.7016867125777,136157200,68900,70696000
2015-06-23,28.519136428833008,135.2432861328125,179.8118438720703,28.64935095695845,136.88401924014298,180.1510552758283,28.485460021510466,134.07133391329074,179.41329149949163,28.620165650800633,136.88401924014298,179.8966499579078,121075600,46900,68476800
2015-06-24,28.761606216430664,134.371337890625,178.50595092773438,29.141023783310334,136.8652409206404,179.922124852652,28.53934465545034,134.3431978805287,178.48051168485998,28.5595494733334,134.80260822329583,179.54052326994153,221123600,32100,92307300
2015-06-25,28.624652862548828,136.44338989257812,177.9632568359375,29.006314215574907,137.39970709045392,179.14198940842564,28.624652862548828,134.19324692752224,177.88693909388212,28.92998263011093,135.40269555237626,179.01479317166667,127752400,31500,97107400
2015-06-26,28.456275939941406,139.67796325683594,177.92929077148438,28.73466427427169,140.0717375251422,178.57377308428207,28.40239471361855,136.53713957889596,177.3696016121744,28.662822068223445,136.53713957889596,178.32784317810356,176267200,55000,104174800
2015-06-29,27.95786476135254,140.28738403320312,174.1980743408203,28.39340901916351,143.48445906544697,177.93779857713156,27.9466404357216,137.77471083892266,174.12175660691898,28.16665640204148,139.60295358312274,176.42834301074845,196645600,49500,202621300
2015-06-30,28.15992546081543,141.63742065429688,174.56272888183594,28.314835907044447,143.22188754964168,175.80930365442316,28.031956483059833,140.5779715964516,174.07935734407548,28.191356317607806,143.22188754964168,175.75841222445175,177482800,36000,182925100
2015-07-01,28.42259979248047,145.7064971923828,175.9619903564453,28.498933100588502,145.9221324220286,176.41143440507935,28.28565031830859,141.67497819216194,175.1648592695549,28.489952610643243,142.4437715051013,176.15702893953568,120955200,42700,135979900
2015-07-02,28.386674880981445,143.75628662109375,175.80084228515625,28.442801649276426,146.90649339746204,176.61493707501103,28.236253840182595,142.11555422311133,175.37683754743136,28.384429330650796,145.37826378597632,176.4453377678406,108844000,44100,104373700
2015-07-06,28.28788948059082,145.0782928466797,175.30052185058594,28.339526857901156,146.02522494978572,176.08916446097186,28.029706019745,142.7812553913894,174.29138849266153,28.049912545771804,145.58456983595042,174.49491542740523,112241600,36600,117975400
2015-07-07,28.21829605102539,143.39065551757812,176.4029541015625,28.32156910454372,145.74392969003418,176.53015036102605,27.78724114622104,141.1967650805264,173.0872335824887,28.263196782867055,144.14070756528594,175.5040660290891,187787200,36300,173820200
2015-07-08,27.51783561706543,143.88760375976562,173.443359375,27.982565252958164,145.8002234463032,175.3344166902334,27.511100678014607,142.39688400198784,173.20591778114093,27.946645007069353,142.50938683470855,175.04609660334688,243046400,28000,164020100
2015-07-09,26.95656394958496,144.45945739746094,173.75709533691406,27.852346683380098,145.75329666412662,175.83472841312,26.765733281783415,143.60627311854222,173.646862930047,27.80520040400699,143.8219082276361,175.57183466851177,314380000,24400,144113100
2015-07-10,27.677236557006836,154.08828735351562,175.9450225830078,27.805205542627245,155.0070939106334,176.36902736950793,27.212506902611324,144.77829125238355,173.79955939848506,27.37639784840401,145.50021784314782,175.7838986938019,245418000,53000,129456900
2015-07-13,28.211563110351562,157.91355895996094,177.886962890625,28.234013477862227,159.7136905683977,177.99719533069677,27.910722704578234,149.22236962121585,177.1831134273423,28.07012254061319,149.22236962121585,177.22551649180002,165762000,63300,106069400
2015-07-14,28.200332641601562,160.24807739257812,178.65863037109375,28.370958491023465,161.25127548723611,178.97240267645356,28.07236368274838,156.57283648054045,177.78518164510928,28.29687074830505,158.40107931476007,177.84454851949548,127072400,47100,81709600
2015-07-15,28.47199249267578,161.31686401367188,178.5992431640625,28.546080252327005,164.5420785546523,179.16740785495162,28.193604147358503,160.37930231250576,178.11587164130282,28.22503500669174,161.2606126005709,178.70100014165598,134596800,61200,97914100
2015-07-16,28.85140609741211,144.71270751953125,180.0324249267578,28.86487940096337,162.87327977223592,180.0324249267578,28.59097875291119,138.8154342389188,179.42185703297494,28.67853638460879,162.19823395464496,179.66777410204932,144889600,136500,106683300
2015-07-17,29.100610733032227,152.07244873046875,180.1850128173828,29.100610733032227,152.75686451307243,180.24437967951246,28.80650696471011,140.38105750368976,179.60837270318362,28.979378399980565,144.7126006865119,180.02388897971096,184658800,100900,89030000
2015-07-20,29.65066146850586,145.32208251953125,180.2783203125,29.852716536791498,153.84451605448078,180.77864276707305,29.34308433809275,142.22812564338767,179.95608553035981,29.403702228861363,153.71325797154418,180.41400492582056,235600800,112300,70446800
2015-07-21,29.354305267333984,143.0906982421875,179.56602478027344,29.84148529548524,147.0003298026188,180.40555890503424,29.257768852285416,142.5094144192062,179.26074082032395,29.825771578812855,145.55649071435369,180.14266507151186,307025600,105200,77965000
2015-07-22,28.112783432006836,143.25,179.2437744140625,28.175645155109088,143.85942349358274,179.58298599776737,27.387624639697894,140.63420998886974,178.83673345321552,27.387624639697894,141.29988487747977,178.87064814178657,461802400,33900,88667900
2015-07-23,28.099308013916016,138.702880859375,178.23458862304688,28.532605050306223,144.10323112737467,179.48116333033389,28.07685593478742,137.41842590208617,177.86995083472505,28.332793878604413,142.70627334347844,179.37940635491293,203998000,59600,90509100
2015-07-24,27.95113754272461,142.153076171875,176.3859405517578,28.229525902908602,143.4469156755129,178.3957185221818,27.81643360798097,138.68410133374329,176.0467419957657,28.135233319873397,138.73098227197218,178.33636459770116,168649200,42300,117755000
2015-07-27,27.5627384185791,147.6753692626953,175.35984802246094,27.75132529040384,147.7034949751237,176.0043434106453,27.416810160597972,140.31551695406318,174.9104041015407,27.63458062859486,141.5906017063672,175.48705718888482,177822000,58300,132361100
2015-07-28,27.699684143066406,147.11282348632812,177.5137939453125,27.818674339543705,150.9474477631302,177.657953978128,27.513344560165127,145.3314475067312,175.36833138351275,27.699684143066406,150.9474477631302,176.2078523357676,134472400,51400,123544800
2015-07-29,27.612125396728516,145.5540008544922,178.7349395751953,27.726624487571605,149.12242438638012,178.96389278991475,27.450480024444882,143.75101107950323,177.49684019438826,27.648047351837366,147.60114056928865,177.6410002353733,148046800,51300,105791300
2015-07-30,27.472929000854492,149.760986328125,178.77732849121094,27.51782972681773,150.6249180869188,178.94692776486121,27.324753522040577,144.06091093888503,177.5901076964687,27.46170296293723,144.06091093888503,178.21763924252937,134513200,32600,91304400
2015-07-31,27.232709884643555,152.12734985351562,178.50595092773438,27.533548554043172,152.7283462180532,179.31155714447746,27.1451522592002,148.15513973053902,178.21763088209488,27.524568065170378,148.6246685881116,179.28611790160306,171540000,48800,103266900
2015-08-03,26.59062385559082,150.474609375,177.90391540527344,27.51783764507541,153.13214435665387,178.53144712207816,26.38407600330823,146.51178477765302,176.9371850488762,27.277615095056948,153.13214435665387,178.47209318296888,279904000,41500,113965700
2015-08-04,25.73749351501465,154.9445343017578,177.55625915527344,26.424484685108627,156.60667059090073,178.2940233872383,25.425428786582863,148.01428327319974,177.06441202076354,26.361622971878226,150.48400982943448,177.827615506272,496554400,85100,81820800
2015-08-05,25.908123016357422,155.66763305664062,178.14132690429688,26.36611776483333,163.48998713142535,179.19285019652492,25.167248805882448,155.00089563881218,177.85299389680625,25.358079522867378,159.6398439860886,178.46356165211085,397250400,57000,85786800
2015-08-06,25.964500427246094,152.23068237304688,176.68284606933594,26.273468009523192,159.63984890495058,178.43821961743822,25.736723102223362,150.66245734150587,176.08922886080026,26.153940919626685,157.02926899269823,178.32797420334973,211612000,44500,116030800
2015-08-07,26.05245018005371,153.32936096191406,176.34359741210938,26.217082941830423,157.31097130979632,176.6743206454271,25.822417177114698,150.54975781607303,175.42774547224494,25.840459453590043,152.12736808875815,176.52168512524963,154681600,25700,117858000
2015-08-10,26.999656677246094,152.6156463623047,178.56529235839844,27.06054722679899,156.79444984933698,178.650085509373,26.280236615106542,151.5638920984075,177.47135331220687,26.280236615106542,154.5219321589608,177.47135331220687,219806400,46100,80270700
2015-08-11,25.59463882446289,152.3715362548828,176.95413208007812,26.65234365161192,154.19331095192828,177.63254223452017,25.55855599119331,151.25406934204273,176.18244036765532,26.56889941122878,152.5499595561854,177.20853750544356,388331200,32700,126081400
2015-08-12,25.989301681518555,151.056884765625,177.1660919189453,26.029895939768274,152.7190215951992,177.35265499012556,24.72411597344273,150.49344418068446,174.1471810428931,25.378133813863275,150.49344418068446,175.63119723844866,404870000,31100,172123700
2015-08-13,25.96901512145996,150.78456115722656,176.9456024169922,26.250919320085,153.0101241975789,177.70033008587077,25.831445734882408,150.72820563676748,176.39438867435913,26.169730773232455,151.47945495844294,177.00495633228266,194143200,33400,89383300
2015-08-14,26.151691436767578,152.92562866210938,177.59010314941406,26.230624277150635,153.33880222049558,177.66642087966335,25.711921525628483,150.45590109063565,176.60640927199594,25.781833224166782,150.45590109063565,176.75056929788735,171718000,35200,72786500
2015-08-17,26.422313690185547,156.18409729003906,178.58230590820312,26.532819638114486,156.18409729003906,178.58230590820312,26.04794414327424,151.69538790634573,176.52164916796184,26.16972694574154,151.69538790634573,176.9880569506082,163538800,18900,79072600
2015-08-18,26.273466110229492,154.662841796875,178.06497192382812,26.48545857621936,156.04325813234263,178.65857578834692,26.162960168016326,153.2730400402887,177.82753037802058,26.25767954705618,156.04325813234263,178.30241346963564,138242800,43800,71692700
2015-08-19,25.937435150146484,151.423095703125,176.6573486328125,26.277974093461545,154.71918397677499,178.09047384598486,25.863012048386416,150.8784403681062,175.83477836689792,26.18325472064303,154.3341811040113,177.31030664380165,193146000,34600,172946000
2015-08-20,25.405208587646484,148.95335388183594,172.96853637695312,25.788597637654917,150.9065959594634,176.63193148528038,25.175173781155976,146.4554708522177,172.90916948803167,25.72770708335261,150.9065959594634,175.122475282088,274006400,43100,194327900
2015-08-21,23.85134506225586,144.75575256347656,167.7616729736328,25.236058008232405,147.3663320727622,172.94301005483985,23.82653736121994,143.178142354506,167.4987921741278,24.90453847675807,146.8874177583714,171.06890390223543,513102000,42800,346588500
2015-08-24,23.25596809387207,146.07044982910156,160.69773864746094,24.536940769900532,146.48363757118557,167.46484824024157,20.748147863166604,118.61239343825272,154.67686832968715,21.395400486577238,135.69385783478228,158.993244864124,648825200,118700,507244300
2015-08-25,23.39579200744629,150.76576232910156,158.80670166015625,25.057899727746907,152.12739354131728,165.7434113670406,23.341666884845488,147.23489513567915,158.50989323599788,25.057899727746907,151.0005268253073,165.72644755833576,414406400,44300,369833100
2015-08-26,24.737651824951172,151.93955993652344,164.90391540527344,24.782755797615508,153.23544999978887,165.18374712346233,23.691223829560954,149.1317718631585,159.73952826918892,24.151289856677224,153.23544999978887,162.88564887072096,387098400,41100,339257000
2015-08-27,25.46609878540039,146.3334197998047,168.9828643798828,25.538266195707102,153.05707897547177,169.1100606348333,24.81208066165449,142.915249020766,165.53994772350313,25.31048882853682,152.6908469037494,167.0748429180331,338464400,44100,274143900
2015-08-28,25.54953384399414,147.95790100097656,168.99130249023438,25.55404355274745,147.95790100097656,169.46618565662237,25.154868084742112,142.43623818162487,167.8380092548939,25.296947138654623,145.64782751904255,168.32985623139456,212657600,59600,160414400
2015-08-31,25.430007934570312,144.83096313476562,167.62603759765625,25.82918342077651,149.24453444774744,168.8641371705735,25.258609743824614,143.1970108007799,167.06634821786082,25.265375167566138,146.47431522260194,167.9991638508532,224917200,46400,163298800
2015-09-01,24.293373107910156,144.74635314941406,162.62281799316406,25.231549255375185,145.72296685165668,165.1668470024472,24.212184572380647,142.76494083138638,161.7408806904362,24.841394862431127,143.20629909622312,163.76762328358106,307383600,75000,256000400
2015-09-02,25.335294723510742,149.601318359375,165.7095489501953,25.335294723510742,149.601318359375,165.751952015533,24.611364907608795,144.03271164445727,163.17399574234847,24.859441992696162,144.990540427935,165.0396141608169,247555200,26700,160269300
2015-09-03,24.891010284423828,153.25425720214844,165.82823181152344,25.434520609176296,155.18871431969757,167.94825519714865,24.816587173376877,148.81251703457215,165.3279093980189,25.369118637705323,149.31021661029547,166.43031120686732,212935600,43500,152087800
2015-09-04,24.642934799194336,147.7608184814453,163.3181610107422,24.909052411318573,152.9913653807038,164.39513679452176,24.471538298278528,146.64333689316098,162.48711524998907,24.575278829024374,152.61574781960098,163.53865178167615,199985200,32800,207081000
2015-09-08,25.32851791381836,155.19808959960938,167.4224853515625,25.384898731342204,157.76171343077158,167.57513376825094,24.87972708809823,148.97213168075888,165.5059888148042,25.20222543315887,149.41349000154864,166.15895965920086,219374400,45500,116025700
2015-09-09,24.841398239135742,150.99110412597656,165.1837615966797,25.71417253380499,157.4612120848656,169.15245270802984,24.75569826186844,150.36193709123822,164.81064829320383,25.65553769953509,156.35313070905687,169.02525646134464,340043200,39800,149347700
2015-09-10,25.387165069580078,152.12734985351562,166.08265686035156,25.547286451881074,153.21666024201608,167.2444256724901,24.7850180993904,150.2961901747593,164.7258365571436,24.86846064305605,150.6999781144076,164.98871741773576,251571200,29800,158611100
2015-09-11,25.75701904296875,153.11338806152344,166.83738708496094,25.75701904296875,153.53596123584492,166.90522939502756,25.204487578500252,150.85025516339581,164.96328047071347,25.211253003032336,150.85025516339581,165.68409369302347,199662000,32600,119691200
2015-09-14,26.005094528198242,154.296630859375,166.2183074951172,26.36142180112551,156.91661092721475,167.06631684236157,25.903609718344764,151.47007119647685,165.72646052096394,26.291510119697843,152.78474677715292,167.01543835186223,233453600,39200,79452000
2015-09-15,26.22385025024414,154.5689239501953,168.2959442138672,26.280231077827434,155.44224085084394,168.74538814199607,25.804376755375937,152.90678758545252,166.17592080209096,26.14491743574879,155.2074763942543,166.72712171331435,173364800,39900,113806200
2015-09-16,26.253164291381836,154.9445343017578,169.75453186035156,26.282481696622337,155.57370129733516,169.94958335768132,26.034406447478005,153.57350363292394,168.253564394035,26.217079742834162,155.32015168366277,168.60125138708597,148694000,28200,99581600
2015-09-17,25.691617965698242,160.74795532226562,169.3728790283203,26.271212869074777,162.55095944602536,172.05259128707195,25.646513986843505,154.68164814716295,168.9912774646688,26.084029808281766,154.68164814716295,169.6188089499493,256450400,43200,276046600
2015-09-18,25.58561897277832,156.21226501464844,166.60508728027344,25.77731516382369,163.48056294876812,169.3583936425348,25.229293448668184,153.65802674630572,166.18741080527127,25.305970548601277,160.719730825715,166.82672427373498,297141200,127800,223657500
2015-09-21,25.982542037963867,158.95433044433594,167.466064453125,26.018626595814933,159.46141539190597,168.50600256138011,25.632981916965367,154.38110885142868,166.40054183573403,25.635235911376242,158.0903989191773,167.44901244932373,200888000,33800,105726200
2015-09-22,25.57434844970703,160.04368591308594,165.29238891601562,25.750256388892833,161.3114202444652,165.76122144976443,25.375886798845812,155.6395148877483,164.14161933380194,25.569837019129295,160.85127655723977,165.26681741479908,201384800,50600,153890900
2015-09-23,25.781831741333008,162.67300415039062,165.02818298339844,25.872041433985352,163.1894888870297,165.9402637726423,25.55179865964596,160.45682682226516,164.44001229347347,25.62622006452288,160.7197619011201,165.4629116204918,143026800,31400,92790600
2015-09-24,25.935184478759766,174.0167999267578,164.4314422607422,26.04794615040655,175.2563631098926,164.90027480563526,25.34205870531606,162.34431826333025,162.43678707723458,25.540518627996033,162.34431826333025,163.79212870139736,200878000,77800,159378800
2015-09-25,25.869781494140625,177.60403442382812,164.38880920410156,26.316318453519525,182.5810300888551,166.2215026199858,25.714169842740834,176.2987444482836,163.50228723961675,26.25993761989427,178.32709872753225,165.91463163333583,224607600,95100,155054800
2015-09-28,25.35784339904785,180.6653594970703,160.26315307617188,25.838207465392667,182.86275167414823,163.58759210873265,25.35784339904785,177.75427410327882,159.94776248080063,25.6758303949081,178.53369392586023,163.4767735722528,208436000,64900,178515900
2015-09-29,24.5955753326416,181.8955535888672,160.3568572998047,25.5991552452586,183.8018404115954,161.73778319512405,24.324948008231715,178.28957387454395,159.34247787903058,25.445799302597916,180.44941039982464,160.48472779379904,293461600,47100,159045600
2015-09-30,24.875225067138672,181.59503173828125,163.34889221191406,25.154873526709107,187.68950868953928,163.5193732384167,24.52115349249179,181.1536733535696,161.48209440556917,24.84590593177772,183.72668297716243,162.27483703189722,265892000,131600,163452000
2015-10-01,24.712844848632812,179.3600616455078,163.7751007080078,24.721865987551524,181.5574537262111,164.08197175738522,24.200905968785463,178.96565904093697,161.80601689403147,24.597827478177148,181.05975417790359,163.7324771998143,255716400,43900,131079000
2015-10-02,24.89326286315918,183.25714111328125,166.22154235839844,25.035343652642435,183.25714111328125,166.24711386282712,24.255033190065387,177.04058247990935,161.2093193804702,24.358773708379594,178.4961250720996,161.76339899245292,232079200,36300,211003300
2015-10-05,24.983478546142578,186.712890625,169.17941284179688,25.11653822858737,186.92886993760246,169.40956935914843,24.597833791569517,183.17263820384935,167.35523871978472,24.78050716989182,183.17263820384935,167.46605722941092,208258800,46800,126320800
2015-10-06,25.10300064086914,194.09388732910156,168.5997314453125,25.199975739001896,194.6948838357436,169.6141108317869,24.755694515477558,185.84895978694047,167.92632702442802,24.94964471174307,187.46414058520722,169.0429923971469,192787200,66100,110274500
2015-10-07,24.983478546142578,204.20748901367188,169.9807586669922,25.206746199715035,207.4660059745746,170.3387728392252,24.67451263175614,192.81671479143986,168.33558436817682,25.199980773941135,194.15017497506747,169.54601695245208,187062400,128800,124307300
2015-10-08,24.69480323791504,198.0191192626953,171.51502990722656,24.850414877405527,206.545766045657,171.8048489028821,24.403877952201086,195.32402788623907,169.28168592333665,24.850414877405527,204.78034707571183,169.58855692075613,247918400,81300,153055200
2015-10-09,25.285675048828125,201.24948120117188,171.6173095703125,25.321757885014573,202.77075030012412,172.1031810442896,24.69254762094233,198.02851972299322,170.97799609985546,24.80756499496148,198.02851972299322,171.65993306971615,211064400,40600,107069200
2015-10-12,25.16840171813965,202.66748046875,171.77928161621094,25.42775387562651,202.8083334205364,171.98385361492976,25.13231888229974,199.3713781080858,171.25930610802283,25.423244166373905,200.51702987890266,171.69403461216697,121868800,36000,56395600
2015-10-13,25.211254119873047,201.72845458984375,170.6967315673828,25.36009862799194,205.44711639594001,172.32485332720205,24.96092307745778,201.23074064715388,170.52625054172293,24.99249620707714,201.89747815880787,171.0376936187026,132197200,40700,88038700
2015-10-14,24.854921340942383,198.73281860351562,169.87835693359375,25.15035629735426,202.8364968480215,171.22517877138804,24.70833085975719,198.15059298929103,169.5800184738268,25.098486904701833,202.66747331184663,170.63700834148608,177849600,34500,99106200
2015-10-15,25.22703742980957,199.61553955078125,172.48678588867188,25.281162542087,200.3010477880756,172.49530538612024,24.918069877705264,197.2678948611153,170.1767274072674,25.017300684052458,199.67188073071148,170.55179340485628,150694000,24700,134142200
2015-10-16,25.042110443115234,199.0802459716797,173.27102661132812,25.258612630619197,200.7048118913421,173.28806560796843,24.92709306454529,198.5355907490835,172.12025700159185,25.208997223369163,200.5545735390514,172.89596057535874,156930400,44300,114580100
2015-10-19,25.197721481323242,199.5967254638672,173.35626220703125,25.202231190688764,201.90679947964185,173.35626220703125,24.832373080885557,198.80792040135313,172.29927210344883,24.987984723395268,200.15076609142704,172.61466263347032,119036800,52100,76523900
2015-10-20,25.65778350830078,201.3246612548828,173.1346435546875,25.747993166882292,201.3246612548828,173.75690513562455,24.992490502398606,197.8877052421791,172.65729149222247,25.109761854130284,198.65773974586327,172.91301952764823,195871200,30300,78448500
2015-10-21,25.65553092956543,198.32904052734375,172.06065368652344,26.06598326417814,201.5781874103696,173.7143344033494,25.641998361637697,197.7562145921153,171.89015960653103,25.709656039457705,201.5781874103696,173.5609053396028,167180800,27900,102038000
2015-10-22,26.047945022583008,199.67190551757812,174.96731567382812,26.047945022583008,200.6954752904037,175.1804201758698,25.73221201152131,197.71866317383817,172.06058015119822,25.784083135299802,199.08029439709736,173.02380365575735,166616400,38200,174911700
2015-10-23,26.85531997680664,199.60618591308594,176.88525390625,26.889148822226062,201.66272542894168,177.2603199060949,26.235130786341255,198.02857519504772,175.85383541354298,26.318573321688405,201.66272542894168,176.66362990946277,237467600,35600,144442300
2015-10-26,25.99833106994629,195.84051513671875,176.45054626464844,26.64107226237896,200.1601725976293,176.76593679867253,25.91714252768042,195.42732739504785,176.07548022047493,26.629797127434944,199.97236389565674,176.70627429539107,265335200,64000,69033000
2015-10-27,25.833690643310547,195.36158752441406,176.10955810546875,26.282481458010416,198.3102285808657,176.45052009130458,25.70739644514626,195.36158752441406,175.41908862282227,26.025385074063276,196.51663898911508,175.7685831127669,279537600,60900,77905800
2015-10-28,26.898160934448242,201.886474609375,178.11276245117188,26.904928078178962,203.52240615971866,178.1383339540614,26.17423140980868,195.71884639300305,175.77714514147337,26.37043728345357,196.30175810061016,176.45054972901136,342205600,68800,135906700
2015-10-29,27.182323455810547,200.32579040527344,178.01043701171875,27.218408010208787,204.1429499866836,178.385502980182,26.67264030887608,199.42320394477184,177.4819420599016,26.76961539806353,202.14034569209028,177.60128004924306,204909200,34900,90525500
2015-10-30,26.950035095214844,198.57705688476562,177.24330139160156,27.337935457237954,202.15916984283513,178.53046113488233,26.938758241660526,197.79669934686217,177.08135286731306,27.286064339736885,202.1403620713085,178.2065380725676,197461200,57700,131076900
2015-11-02,27.32891845703125,197.41122436523438,179.34024047851562,27.369512727125336,200.598460285686,179.53629299624723,26.974846881446492,196.35821866879365,177.44787128825703,27.243220207102198,197.71207698730603,177.57574180519586,128813200,38700,86270800
2015-11-03,27.642393112182617,195.01373291015625,179.8601837158203,27.849874152500742,196.44282224497803,180.42278267278766,27.220663886674064,189.91791724810363,178.75203780245403,27.240961880078213,195.32399657571054,178.982194286098,182076000,59500,95246100
2015-11-04,27.513839721679688,165.8114776611328,179.31468200683594,27.92429201591657,191.79826108985444,180.28643817459448,27.428141496063127,164.5328220133555,178.76913491277622,27.768680404601657,188.97769842676834,180.1585806552323,179544400,149200,96224500
2015-11-05,27.387006759643555,174.49887084960938,179.13565063476562,27.787892632191763,177.72370829176137,179.8431591874771,27.219405644823304,165.4730617433396,178.2320895695986,27.59764127031179,165.4730617433396,179.37432665172042,158210800,86700,78408700
2015-11-06,27.418724060058594,177.64845275878906,179.04185485839844,27.58859060111061,177.86469190035223,179.2805438432005,27.319070197662242,173.93471442806353,177.69504598584038,27.430049187317454,174.24497807263236,178.78613988694138,132169200,37900,110471500
2015-11-09,27.307741165161133,171.82867431640625,177.37110900878906,27.588586655705036,177.3945829829628,178.57302130720325,27.189967807181937,171.20816142619333,176.40787266946734,27.396071615638423,174.45180565813672,178.4195793295785,135485600,43100,131008700
2015-11-10,26.447084426879883,169.53460693359375,177.7803192138672,26.741520424597127,174.4893844385147,177.8144232221658,26.286277659132402,168.9610920184171,176.6125105635693,26.476529063434587,170.76625019091037,176.88527759561728,236511600,46300,75874600
2015-11-11,26.297595977783203,173.3329620361328,177.0813446044922,26.59429554153042,175.0817112990635,178.1042437452309,26.09375585735828,169.6944411286328,177.01314959419383,26.356483507677332,169.89187246292693,178.0531007392242,180872000,52900,67846000
2015-11-12,26.209264755249023,166.04653930664062,174.60926818847656,26.458401904700175,173.36119798195696,176.50163684427892,26.19341062013771,164.542233347521,174.59222919652453,26.331568823809654,172.50562378838111,176.02428493234032,130102400,44500,121315200
2015-11-13,25.443740844726562,166.2063751220703,172.64871215820312,26.175300138125756,169.40300746098856,174.46436640970072,25.427886704149948,165.7362812871632,172.5634781740918,26.0914986933798,165.94312372221236,174.19159945093406,183249600,26900,153577100
2015-11-16,25.86048126220703,164.96536254882812,175.2742462158203,25.87407003200599,168.0397664159769,175.3339217399591,25.14024708734267,164.53286983582063,172.34192519055023,25.2263121760223,165.94315157727053,172.46127623882776,152426800,26400,117645200
2015-11-17,25.74949836730957,162.79348754882812,175.14634704589844,26.057523107777282,167.7952927848863,176.4846366916735,25.66569693433903,159.84129887102972,174.64342349142294,26.028078473721195,165.9055207533757,175.5896080972865,110467600,37100,121123700
2015-11-18,26.56485939025879,162.06954956054688,177.92518615722656,26.6101564383197,163.4422154776155,178.0700956406506,26.15944441661867,161.00713293929695,175.58956941550764,26.218331961475144,161.8532960746886,175.63217990538263,186698800,33800,121342500
2015-11-19,26.902324676513672,162.6242218017578,177.77178955078125,27.122018968853727,164.4575844310328,178.1979985820673,26.444818310999953,161.26095289004675,177.47343802613406,26.644127723941423,163.82766057103174,177.80588055026246,173183200,57300,88220500
2015-11-20,27.020097732543945,177.34759521484375,178.41964721679688,27.16051959534003,182.8382874683473,179.11010386166072,26.918176799125686,162.87810832802685,178.03606163708022,26.997447484247886,162.9345172898035,178.53898524175025,137148400,78600,94011500
2015-11-23,26.66904640197754,181.3528289794922,178.21507263183594,27.117494821528563,183.72210631526536,178.99076327951627,26.576185198667343,174.09457782323872,177.74624003804956,27.013308491190177,175.74930323053317,178.47932018282398,129930000,47200,64931200
2015-11-24,26.924968719482422,176.8681640625,178.45375061035156,27.031418656039655,183.37426337796504,178.86290769350893,26.52634995991094,174.51769403468182,176.80005726538457,26.57391236663352,180.92037209507762,177.19216234307353,171212800,40100,98874400
2015-11-25,26.732460021972656,181.59730529785156,178.4281463623047,27.004247488969433,183.53410461618984,178.786160370227,26.707546127631993,177.02799107328704,178.16388585008096,26.999716747468447,177.27244913324395,178.58157536275706,85553200,42000,51980100
2015-11-27,26.68263053894043,186.80592346191406,178.63275146484375,26.818525127795287,187.83072476025725,178.8373365102248,26.63506812402982,181.67249156418686,178.03606134106892,26.79134586443002,182.22721329057816,178.5219329394037,52185600,15700,37317800
2015-11-30,26.793603897094727,182.08615112304688,177.89112854003906,27.045006398464746,186.4956337552943,178.91402761939167,26.669034467417326,181.7194784919072,177.78031002909614,26.723391251289733,186.15716560761723,178.79468961024833,156721200,40700,112822700
2015-12-01,26.576183319091797,182.06735229492188,179.5874481201172,26.909121985701248,183.19558907334675,179.70679914672854,26.467469710385643,176.76469395160598,178.24915839920737,26.89553321660589,181.45623599504722,178.53045794721564,139409600,99000,97858400
2015-12-02,26.336101531982422,181.83230590820312,177.7547607421875,26.750576201163025,182.19897855846455,179.86023467202568,26.290804490442284,179.36901858317134,177.49903268867337,26.576178962493618,181.9169337091301,179.53631160378316,133546400,22400,108441300
2015-12-03,26.091493606567383,180.57244873046875,175.2656707763672,26.451611483701324,188.96833241486758,178.28322486418458,25.86953568176781,180.26218506559024,174.53259075402434,26.39725468774632,182.30239066846465,178.01045785954392,166278000,35000,166224200
2015-12-04,26.95894432067871,181.58786010742188,178.68382263183594,27.008772101240265,182.40581885306352,178.98217407720105,26.071109208038685,179.81090584701408,175.26563179172288,26.1118772350462,180.9203204976027,175.26563179172288,231108000,22600,192913900
2015-12-07,26.789077758789062,183.79725646972656,177.60137939453125,27.14693024735843,188.33836374041334,178.77770794551262,26.682627814774136,181.04249968075413,176.6210904273621,26.947620853609425,181.3151620850287,178.35149874418843,128336800,34400,102027100
2015-12-08,26.77775764465332,183.4400177001953,176.40792846679688,26.861557351127498,184.24857967391046,177.5501656332922,26.467467528110483,179.74507268033847,175.410600820809,26.616949159749414,183.4588254705958,176.01582341292217,137238000,30900,103372400
2015-12-09,26.186622619628906,181.39981079101562,175.03549194335938,26.65545413271855,185.73407651031974,177.88256466430022,26.064318521261406,181.21177612681512,174.04668403805823,26.644129007177067,183.01693472616543,175.76005237550672,185445600,25800,162401500
2015-12-10,26.31118392944336,178.607421875,175.48727416992188,26.485581143513322,183.12972148886055,176.8170440526749,26.161702331068803,178.3159660431729,174.86501272619572,26.28174102939245,181.70063246112596,175.1036887047993,116850800,24400,116128900
2015-12-11,25.633983612060547,172.77828979492188,172.0861358642578,26.134523284805628,177.27238564902146,174.0125957035153,25.559241948282526,171.70647643946978,171.77073238550096,26.089226249288057,177.27238564902146,173.33919126186086,187544800,33000,211173300
2015-12-14,25.475446701049805,180.205810546875,172.95559692382812,25.520743744464255,181.64429686603225,173.08346742050045,24.86619161768823,170.28682547160903,170.44096657166062,25.40749940795669,171.74411956541888,172.24810147107715,257274800,43100,182385200
2015-12-15,25.02473258972168,182.60325622558594,174.7713165283203,25.54792259087953,186.0067311085255,175.69192981901054,24.993024314254104,180.79809756328024,172.93008994693983,25.353142197023605,181.409213829776,174.49001693892575,213292400,24800,154069600
2015-12-16,25.217247009277344,183.1297607421875,177.32855224609375,25.36446498640707,184.28618760690563,177.6354233099593,24.64196732358438,180.27159642020203,174.57524517746643,25.15609583033156,182.36821099356519,175.91353495122095,224954000,32500,197017000
2015-12-17,24.682735443115234,177.71426391601562,174.6263427734375,25.423352616490902,184.38019054745976,177.71209160819666,24.682735443115234,177.71426391601562,174.60929077241587,25.37125946329447,183.90070003674683,177.64389661097593,179091200,28500,173092500
2015-12-18,24.014604568481445,171.90390014648438,171.51539611816406,24.805049910442865,179.04933176155097,174.01068560438404,23.964776761440103,171.03892926190255,171.35247069418085,24.666893347244898,176.35099789627262,173.87349695433073,385813200,128700,251393500
2015-12-21,24.30902862548828,171.67828369140625,172.9302520751953,24.31808837936894,176.84931615986878,173.11033098775678,23.910408094596164,170.17397759849396,171.57541438290426,24.297703501144618,172.06374975418123,172.70730906922753,190362400,36300,99094300
2015-12-22,24.286386489868164,172.9757537841797,174.49945068359375,24.397365480133644,174.48006005791592,174.79957782265706,24.10972383470628,169.65689187589717,172.82734554205592,24.324889158005114,171.53726754500354,173.83060862697863,131157600,14800,111026200
2015-12-23,24.59893035888672,172.91928100585938,176.66033935546875,24.653287146511907,174.19793656289943,176.7032165320009,24.27958055965011,171.29276066915043,175.42554994329547,24.295434694706252,173.34236250607444,175.51987449795527,130629600,27000,110987200
2015-12-24,24.46757698059082,167.97393798828125,176.36878967285156,24.68727132296796,171.41502841464637,176.92616682218159,24.44945746765888,166.23458500417638,176.14584666368623,24.68727132296796,171.1987749143544,176.40309664920179,54281600,42500,48539600
2015-12-28,24.19352149963379,171.6876983642578,175.9657745361328,24.390567279584232,173.86892664642005,176.0086386286201,24.04856887805124,168.30301647419685,174.87675705084328,24.367917028485074,168.33122096110338,175.66564738305797,106816800,35800,65899900
2015-12-29,24.628379821777344,171.09536743164062,177.84364318847656,24.78465757181185,173.47404135684226,178.17806418335363,24.202581703967166,169.54406333994459,177.04618277156794,24.2252302275154,171.6876903211846,177.080476657384,123724800,38700,92640700
2015-12-30,24.3067626953125,172.43043518066406,176.5831756591797,24.61931642112686,175.40143204415116,177.680776551583,24.275054421446026,168.96115428162062,176.43740370950613,24.592138888082072,169.81671426862064,177.595022188585,100855200,37700,63317700
2015-12-31,23.840198516845703,171.5936279296875,174.8167266845703,24.241082713012077,173.42700516481275,176.54886257145,23.740542946466313,169.73206056132628,174.8167266845703,24.236553699800044,170.59703140264688,175.89717397005995,163649200,78000,114877900
2016-01-04,23.860578536987305,164.57980346679688,172.37290954589844,23.865109277576224,172.44916723365992,172.38147974879453,23.101841917639472,164.1661187248998,170.28919882557742,23.240000130090504,169.6097973338288,171.91844019110053,270597600,73400,222353500
2016-01-05,23.262649536132812,166.16876220703125,172.6644287109375,23.973823774241684,168.67906138683887,173.12746820227264,23.19470397644936,163.87470215911364,171.5411173314098,23.9511752543472,166.43201358832104,172.69872260188635,223164000,32600,110845800
2016-01-06,22.80740737915039,169.186767578125,170.48641967773438,23.185644754746907,171.09534739185827,171.54970047295743,22.61942310453988,161.71227850483027,169.44027928713996,22.775699104976507,164.70206839569806,170.07481444963673,273829600,42200,152112600
2016-01-07,21.84482765197754,166.81748962402344,166.39617919921875,22.67830587872055,170.61585580417074,169.30307400495977,21.840298639689046,165.49183592650746,166.00172746827457,22.34989805671469,166.3568068521536,167.4937669493094,324377600,37300,213436100
2016-01-08,21.96034049987793,167.2593994140625,164.56973266601562,22.447291469652836,167.99274473078472,167.93968035952395,21.915043458584556,165.56707289616628,164.2781887572624,22.320458371654297,165.85852881100115,167.3737329477471,283192000,48300,209817200
2016-01-11,22.31593132019043,162.24819946289062,164.73265075683594,22.435970054637863,168.24658727743673,165.8473920406195,22.046409214412623,161.24219173038568,162.76900147756106,22.415586901077347,167.74828894047897,165.50438767715147,198957600,58000,187941300
2016-01-12,22.639806747436523,164.02516174316406,166.06175231933594,22.805144233204107,166.82691723091438,166.82491897953093,22.386138820551217,162.29520537413973,163.90087078766348,22.773435958339864,162.75590253783463,166.19895405436097,196616800,42300,172330500
2016-01-13,22.05773162841797,158.99514770507812,161.92005920410156,22.918389273229003,164.95593447436673,167.09072991255164,22.037348477363725,158.3182113913157,161.53419079445007,22.721343506514145,163.2917981741903,166.73915539261893,249758400,42800,221168900
2016-01-14,22.54015350341797,159.35243225097656,164.57827758789062,22.757584164840583,159.65328488107036,165.71874243912148,21.684026537963334,156.11818398723753,160.9167996323506,22.186831702556454,157.6224758299607,162.5374574558308,252680400,61300,240795600
2016-01-15,21.998851776123047,156.0711212158203,161.04542541503906,22.130215666497325,157.92329169360147,161.86003946467142,21.597967446913586,149.3017742491779,159.08177626027143,21.7882171684443,155.81726658006104,160.15364029512395,319335600,69700,324846400
2016-01-19,21.892398834228516,160.94137573242188,161.25978088378906,22.34311086880692,163.70553076117451,163.01764032880243,21.62967110964827,155.51650127539256,159.66484684804044,22.288754063986467,156.0430042625587,162.88902189215995,212350800,62700,195244400
2016-01-20,21.921842575073242,162.20118713378906,159.1932373046875,22.238927116501905,164.51404085782727,160.7796012709384,21.15857499588796,156.08055598327448,155.22306191461246,21.539076100008007,160.11396927777844,158.6615969434537,289337600,56600,286547800
2016-01-21,21.810863494873047,160.39602661132812,160.0850372314453,22.168714343917976,164.59866675844236,161.95436180213972,21.50283871060197,159.95413724669638,158.32717762153808,21.982993670575564,163.02854068216527,159.6734451113041,208646000,39400,195772900
2016-01-22,22.97047996520996,157.83876037597656,163.36923217773438,22.97953971915691,161.8627637241208,163.5750216982087,22.279690574475875,155.168615648579,161.9629470892895,22.338576383173987,161.8627637241208,162.73468395962374,263202000,50400,168319600
2016-01-25,22.52202796936035,160.3866424560547,160.89964294433594,22.995388335633162,162.1730079850537,163.05194107509593,22.46993482866521,158.1960030362664,160.7024236384303,22.99312296569747,158.9199517002444,162.85472176919032,207178000,27000,130371700
2016-01-26,22.6466064453125,160.17037963867188,163.09483337402344,22.84818126624006,162.25759751284656,163.37780705705475,22.211748521152266,158.81650703422062,161.22550872671607,22.633017675173676,159.07036173408673,161.5684999935114,300308000,25800,141036800
2016-01-27,21.158571243286133,160.72592163085938,161.31983947753906,21.88559967029241,161.7239830695078,164.26102830178235,21.1404517348817,157.94829429171998,160.40231752302532,21.751972183745465,161.01780589681752,162.56319922272726,533478800,57900,185681700
2016-01-28,21.310321807861328,167.01559448242188,162.16017150878906,21.40771202188437,168.7857352876637,163.09483383508498,20.92529169361491,161.01778728591296,160.48806618094815,21.242376231920517,161.38499879858006,162.8890443081373,222715200,47800,143798800
2016-01-29,22.046409606933594,165.62200927734375,166.1132049560547,22.046409606933594,170.02856041124315,166.25040669542187,21.369208866143552,163.98368813612908,162.82044171691038,21.468864448804766,168.33373305205106,162.94048996778716,257666000,43800,210529300
2016-02-01,21.840303421020508,163.46585083007812,166.05319213867188,21.903719974769402,165.71620093859,166.85066588572627,21.60702035774215,163.46585083007812,164.50113491253865,21.849363175551993,164.30384695331793,165.09280602841915,163774000,29200,136061600
2016-02-02,21.398653030395508,153.10862731933594,163.0604705810547,21.751974847695823,162.1571114006726,164.61252699655248,21.353354253836724,152.95797274102168,162.52881733260654,21.61155123232105,159.53012427245895,164.6039567980012,149428800,52600,182564900
2016-02-03,21.82219123840332,153.63587951660156,164.0380401611328,21.933170244723282,159.24763954408994,164.4496322007311,21.30806252392458,153.00502973345795,160.4365803750293,21.516431764190813,153.73004220485964,164.1323646998194,183857200,39800,205054900
2016-02-04,21.997529983520508,150.88650512695312,164.29530334472656,22.16376467281524,156.54533237792762,165.28141289612924,21.676448922483026,149.59655957142482,162.88901843541458,21.82901936806359,153.63588621081746,163.53213677353182,185886800,35200,139531800
2016-02-05,21.410018920898438,146.41409301757812,161.1654815673828,22.070400645601257,151.95052762758408,164.3553501382824,21.334873394908335,145.9809646201964,160.52236311493175,21.97931321161668,151.78103760522987,163.7722623551804,185672400,69200,180788300
2016-02-08,21.635461807250977,147.1201934814453,158.9960479736328,21.79258585805434,147.90169767328354,159.59628931471354,21.186857605457078,141.48018857194634,156.74942477518218,21.207351367034235,145.4347908664927,159.29617518631315,216085600,62400,191526700
2016-02-09,21.630897521972656,154.35147094726562,159.00462341308594,21.84723031622891,156.87488450996497,160.29944379607053,21.389517386388633,142.525361114532,157.09242126200184,21.47149587344503,146.55527715645817,157.22962302570411,177324800,45100,184513100
2016-02-10,21.466943740844727,150.66053771972656,158.86737060546875,21.940596905988752,161.98761819643448,161.49986132694147,21.428232154351168,150.28391564861982,158.73873909731597,21.84267823951521,156.37587175400407,159.84490987976457,169374400,19200,148214100
2016-02-11,21.337146759033203,150.87709045410156,156.8009033203125,21.56941977467014,151.33845027923323,157.8641975388474,21.084379985318467,146.414046189069,155.28313963292152,21.357642254459094,148.80562621682319,156.35500405650336,200298800,27400,219058900
2016-02-12,21.403181076049805,153.7394256591797,160.03359985351562,21.519317562048393,155.32126946671684,160.05074025822944,21.180018755728497,152.4871368353147,157.7440997334952,21.448725647690313,153.33455777881167,158.60159100320826,161405600,34900,127632400
2016-02-16,22.006629943847656,155.1612091064453,162.7346954345703,22.054450434014502,155.55668088230158,162.76041912644345,21.544363468220652,152.75079383437685,160.89109440084147,21.637726785970916,154.17257276842957,161.86863394485727,196231600,60900,120250700
2016-02-17,22.343650817871094,159.26646423339844,165.39291381835938,22.364144567284338,160.98012750189727,165.77021205575616,21.89504688234273,155.35895682380468,163.78939630942295,22.013459266096415,155.6414305278353,163.91802784541437,179452800,59900,136009500
2016-02-18,21.92009925842285,158.86158752441406,164.71551513671875,22.518995991904255,161.77103347113265,165.72736176337114,21.881385941454056,155.74499516396062,164.39824751483587,22.507609415616795,159.30412628401047,165.66733108664735,156084000,44400,102343000
2016-02-19,21.87000846862793,166.6577911376953,164.6383056640625,22.033965493243638,167.58995005693208,164.79264779516961,21.815356706205428,158.8710078340363,163.30919172543992,21.86089955199948,160.0479696358562,163.92658641842232,141496800,46800,114793000
2016-02-22,22.061288833618164,158.15545654296875,167.0221405029297,22.065844160261214,168.58805007367235,167.16791244171586,21.842680063149675,157.84473683188241,166.1732194760573,21.93148982186037,167.59939905970904,166.24182034447628,137123200,130700,103640300
2016-02-23,21.56258773803711,161.18727111816406,164.91270446777344,21.974756184087802,163.5976865317635,166.62768677005423,21.530707401731974,154.59628518594914,164.79264314570827,21.951984763490994,158.85218298214076,166.35328332123655,127770400,127300,111455300
2016-02-24,21.883668899536133,163.10809326171875,165.6672821044922,21.947429572540276,163.8331058564314,165.95025574478154,21.25061402135494,159.77494329172995,162.34022544942508,21.400908525448738,159.77494329172995,163.4635367254283,145022800,52100,150812200
2016-02-25,22.03396224975586,166.3658905029297,167.67381286621094,22.03396224975586,169.26592582068338,167.68239615160456,21.69010808137842,162.43954804333165,165.35001918865422,21.872282912434162,164.02137765272016,166.1217559860419,110330800,70700,110728300
2016-02-26,22.0681209564209,163.47531127929688,167.2879180908203,22.320885980039563,167.18509784573087,168.65132565722914,21.992973705896105,161.9311376918038,167.1249927053486,22.134157554017595,165.94223343004722,168.5570142069818,115964400,57100,129833700
2016-02-29,22.01802635192871,164.51100158691406,165.97596740722656,22.368711840437445,165.77270109543642,168.26546696630808,22.00891743487479,161.99701309138072,165.77874812711022,22.05673794639667,162.9103365302744,167.3050811664979,140865200,77100,125918100
2016-03-01,22.892452239990234,167.78762817382812,169.8776092529297,22.94710398276112,169.35063649029908,169.9633636203195,22.18425029725356,165.34896739966555,166.73918782008647,22.236626114696858,166.15871748445844,167.2193808751988,201628400,93100,141799700
2016-03-02,22.942556381225586,163.1739959716797,170.64077758789062,22.974436717606196,169.05880530153533,170.69222497508568,22.689789616102157,161.97819869303413,169.1401677347308,22.88790462419426,167.75002428126385,169.5603432039562,132678400,90900,102415000
2016-03-03,23.11334228515625,167.23216247558594,171.30958557128906,23.161162784850692,167.46755485481697,171.32673905835424,22.87423804933618,162.05353013250314,169.87757688185624,22.903842456776445,162.6278881125153,170.4606645993023,147822800,107700,95172200
2016-03-04,23.457197189331055,166.53538513183594,171.86697387695312,23.625707775197945,167.38280626279902,172.655877382062,23.083740357221785,165.010047210196,170.66649129835923,23.311458022524896,167.38280626279902,171.50682910337497,184220400,45200,129293600
2016-03-07,23.197601318359375,167.75941467285156,172.0042266845703,23.41621008862697,170.39581180970106,172.41583204879987,22.9903773899928,165.9139467341029,170.8551911490654,23.316013750748795,166.52596108408198,170.93236224825245,143315600,78400,100219000
2016-03-08,23.006311416625977,167.68406677246094,170.1262664794922,23.1725460476041,169.94384162631536,171.42965690218332,22.862849938066372,165.75384690787908,169.96335412539966,22.94938201027489,166.99672523258005,170.91516997942432,126247600,36000,123974900
2016-03-09,23.02681541442871,167.6935577392578,170.9665985107422,23.13156535233668,169.3507151246502,171.3181599563632,22.8332539714386,166.28120328676732,170.15197140871518,23.070080597845063,167.97601713598596,170.9494450232581,108806800,30600,94801200
2016-03-10,23.03819465637207,167.71237182617188,171.10372924804688,23.281852476850176,173.4371166933766,172.41570236885863,22.805923413542068,164.95357980641413,169.25155883922724,23.092848144265574,173.4371166933766,171.4638869419311,134054400,27000,156838700
2016-03-11,23.286405563354492,165.57498168945312,173.86483764648438,23.29095915156711,169.74612715842235,173.90771480524958,23.11333967636476,164.77464196729994,171.08657570459619,23.281850237794213,169.2470965349838,172.5786013891593,109632800,31000,137964500
2016-03-14,23.345617294311523,162.91976928710938,173.6419677734375,23.434428793597583,166.5636386512804,174.1050072637513,23.17710668670471,161.69572606478312,173.0160028618519,23.206711098916106,166.51657167009162,173.35042390604445,100304400,33900,73612000
2016-03-15,23.814712524414062,159.26646423339844,173.35897827148438,23.951342768496136,162.92916876201068,173.66767559825342,23.648477873593198,156.41350999382897,172.3985924034367,23.67352695436549,162.92916876201068,172.66441255732303,160270800,41300,93169100
2016-03-16,24.13123893737793,163.81427001953125,174.3622589111328,24.20866210216949,164.6428558399224,174.77386411121972,23.816987477735683,157.5340027019684,172.827355407509,23.821542803516213,158.36258852235957,172.87023258471942,153214000,31700,129303200
2016-03-17,24.092533111572266,163.3057861328125,175.46839904785156,24.245103552067537,164.14378225791845,175.9828858310964,23.901249342083435,161.99700534490083,173.8734651596697,24.028770696843882,163.1551315925848,174.27648700289618,137682800,27900,134278500
2016-03-18,24.119853973388672,161.1496124267578,176.15797424316406,24.251930632293288,164.30387596436174,176.5027345564575,23.953621055584467,161.00838275017682,175.6580625826545,24.215494973003246,163.94607496074295,175.9769665300391,176820800,72600,138372400
2016-03-21,24.117572784423828,157.05380249023438,176.40789794921875,24.513800937319427,161.3850137634164,176.64061836045767,23.942229252715144,154.03135793862612,175.65803714293466,24.122126372167408,160.82949118172746,175.89075755417355,142010800,62400,72926700
2016-03-22,24.30202865600586,154.87875366210938,176.31312561035156,24.43182765112474,157.23267712994806,176.89060641172927,23.95817450715317,154.86932877322445,175.4598391680872,23.96728342192353,156.52650008959645,175.62359178048905,129777600,41800,97471900
2016-03-23,24.167675018310547,152.78846740722656,175.14950561523438,24.381730178098024,156.4229257908988,176.11484484354847,24.11530092858461,151.87514395870107,174.9771123372406,24.247377590468282,155.35894779335274,175.92522275916383,102814000,50900,81052500
2016-03-24,24.062931060791016,149.9449920654297,175.07192993164062,24.195007755384005,153.89017186342522,175.1064138492342,23.88531151712722,148.76802980431955,173.88249780988403,24.01738821172021,152.68496365742567,174.1065906671979,104532000,27300,84360900
2016-03-28,23.9536190032959,147.233154296875,175.17535400390625,24.18133664230478,151.21600189983607,175.7097363164361,23.92401459832221,147.12958112208207,174.7185407718869,24.138069734941826,150.65105469783754,175.49425788051147,77645600,33600,62408200
2016-03-29,24.520641326904297,155.0011444091797,176.79574584960938,24.545690412198937,155.34953484424688,176.90779884672355,23.883031089610395,147.1202134144985,174.4513393754803,23.88530875300485,147.17670527769633,174.76162885446092,124760400,99600,92922900
2016-03-30,24.94874382019043,154.1725311279297,177.5714874267578,25.144581127519626,155.06701890831772,178.30410627670994,24.730135096570145,151.63970792517716,177.20085764827294,24.741521673389535,154.42674444305177,177.81282224224336,182404400,69100,86365300
2016-03-31,24.818950653076172,150.42515563964844,177.14056396484375,25.026174585791917,154.40800543217648,177.907666877131,24.7939015680809,149.96379572601492,176.97679820518184,24.985185331922217,153.94663115133088,177.47670988928954,103553600,29700,94584100
2016-04-01,25.04666519165039,153.1839141845703,178.34727478027344,25.048942854730956,153.45696296439974,178.53689694588306,24.63905036762348,148.78678720676808,175.81324506873224,24.7711270287301,149.4835393049847,176.13216224822094,103496000,118100,114423500
2016-04-04,25.303985595703125,154.1349334716797,177.76971435546875,25.547643408842188,157.21386994317658,178.47648995690275,25.110424205602452,149.83196807093003,177.45942487343243,25.14458220017009,153.58882140503542,178.26962591829175,149424800,64400,63497000
2016-04-05,25.00567054748535,151.59274291992188,175.99420166015625,25.21517207199624,153.57004531358965,177.77835659743187,24.916860817332452,151.21612073408775,175.73562485934116,24.937356305939474,153.27814659727045,176.40791665040297,106314800,26200,99662200
2016-04-06,25.267553329467773,153.60760498046875,177.91629028320312,25.27210865594033,154.39851969260852,177.9766305774001,24.86676972993543,151.2348464768431,175.8132179718583,25.101320397527726,152.14816978748294,175.99422570268501,105616400,84300,91839800
2016-04-07,24.716472625732422,153.90895080566406,175.78736877441406,25.144581159532056,155.04824181071635,177.1750509281467,24.620831634779478,152.17645207396544,175.04612216151776,25.037553591745223,153.75829624339292,176.8130486034901,127207600,59900,113859000
2016-04-08,24.74379539489746,156.21578979492188,176.26136779785156,24.996560334018756,156.69598503883677,177.4249566601553,24.632212519353573,152.80729864027944,175.71835790854175,24.800724795231,154.35147195269093,176.98537221575762,94326800,76000,95040600
2016-04-11,24.82577896118164,153.4475555419922,175.84768676757812,25.18785095030909,155.8391353292582,177.61461298544384,24.7825137864246,150.8017480116772,175.7528757075435,24.814394120392063,155.27420234907012,176.90783723759233,117630000,68700,83757500
2016-04-12,25.149141311645508,154.07843017578125,177.4852752685547,25.16280381659002,154.8316886383236,177.76970838017417,24.743804116376573,151.84691509057882,175.57182571894003,24.89865047200917,152.95796018824092,176.02002454498523,108929200,52600,115350600
2016-04-13,25.513486862182617,154.1349334716797,179.27810668945312,25.581801117846997,155.07650302785026,179.3643033476054,25.23111744993787,152.71316861405816,178.2782833226464,25.23111744993787,153.6923946309026,178.41619271498462,133029200,70900,96336400
2016-04-14,25.52715301513672,153.63587951660156,179.2867431640625,25.593191354529786,155.02939822612467,179.79528246693843,25.351811156115772,152.54365554852794,178.93336838637163,25.41784949550884,154.41738385407447,179.33846905637924,101895600,81700,65212900
2016-04-15,25.01478385925293,152.1387939453125,179.08847045898438,25.572693152061895,154.36089842916132,179.4246163564837,24.98745885276858,151.82807430174608,178.76093896591644,25.529426241997918,153.2592638931766,179.2867069750064,187756000,37300,75761600
2016-04-18,24.475099563598633,152.9579315185547,180.34686279296875,24.80984312874022,153.56053530219742,180.3813335609743,24.352131795091267,150.81115464137696,178.41617099060997,24.79618062246658,151.4137584250197,179.0884627566945,243286000,72400,82531000
2016-04-19,24.345298767089844,156.88427734375,180.9156951904297,24.59351021215582,157.63753568203975,181.17427195196493,24.190450670334197,151.555005849027,180.0882653356295,24.56618346425256,153.84301242724362,180.77779898246993,129539600,77700,88316100
2016-04-20,24.395387649536133,154.81285095214844,181.0880889892578,24.6139963530677,157.23269139285557,181.7948514442853,24.151729869181906,154.1443446722775,180.47612442358138,24.28380650382,156.60184157031415,180.95879403223637,122444000,96200,81100300
2016-04-21,24.13123893737793,150.1803436279297,180.11410522460938,24.34984766645425,155.94274469188247,181.2173536979544,24.028764955488953,148.48551555994027,179.8382865303935,24.34984766645425,154.2008496400357,181.1053007094593,126210000,201600,85695000
2016-04-22,24.06520652770996,151.51736450195312,180.11410522460938,24.247381382060404,152.09172248030717,180.38991076706603,23.82382632244157,148.86214594284192,179.20047881559793,23.912636086166664,150.33099208624947,179.75210305227046,134732400,101400,99251700
2016-04-25,23.928579330444336,152.8166961669922,179.80384826660156,24.05837836621005,153.1085803434147,179.84694658933213,23.79878029467862,148.95625639359335,178.88159413686148,23.910361495198664,149.65302282911026,179.5021731592492,112126400,51100,66166500
2016-04-26,23.762338638305664,151.5361785888672,180.0709991455078,23.978671468318524,153.96542931770725,180.58815259898475,23.662144044390907,150.3027249975991,179.58832960320063,23.662144044390907,152.4871584921848,180.17442457549976,224064800,105800,75864200
2016-04-27,22.27533721923828,151.28158569335938,180.44161987304688,22.478005759323995,153.18651932341353,180.83809276945087,21.788021657981893,150.56488468709642,179.32112954746697,21.860891225907682,151.82854740454576,179.68313168617593,458408400,84200,77329400
2016-04-28,21.594463348388672,149.2351837158203,178.8040008544922,22.289001080005676,152.67725328740622,180.79501946869695,21.462386705544958,148.57506255833889,178.3816715434547,22.227518084115065,150.67802509915902,179.6745421398744,328970800,93800,97216200
2016-04-29,21.346256256103516,150.29136657714844,177.8386993408203,21.569420361775332,150.744033385943,178.52823310193466,21.066164463994472,148.5561869787856,176.71820862297983,21.40318567988888,149.96131321732517,178.1748452409962,274126000,31800,142424100
2016-05-02,21.32347869873047,154.9971466064453,179.252197265625,21.42367501171499,155.138596021614,179.43319178170339,21.041109324457665,149.4709640173506,177.90761396771856,21.39862593346886,150.03679045715361,178.34718522995425,192640400,61500,62188000
2016-05-03,21.674169540405273,152.34716796875,177.69216918945312,21.801690889304805,155.0914007655703,178.2437935482349,21.3325930095546,151.40413383014996,176.9336807642174,21.451005442483012,154.03519274543814,178.00245871325302,227325200,65300,106422100
2016-05-04,21.44873046875,154.6576385498047,176.700927734375,21.838127522725866,155.32719929200715,177.42494525751084,21.364474295287515,150.85721114392268,176.19240179389124,21.678724092176417,152.11144859793384,176.6836989291706,164102000,53400,92243800
2016-05-05,21.36166763305664,156.13819885253906,176.66647338867188,21.55182447192448,156.5908512958533,177.53700159573623,21.23336988535097,153.71459374961984,176.23551648684105,21.535787253461272,154.2521302175744,177.17499937640963,143562000,33500,67619200
2016-05-06,21.24252700805664,156.27964782714844,177.31292724609375,21.409771979517576,156.36451746200046,177.35602557112685,21.043205862693824,154.3558497664655,175.7270088382698,21.39144498462023,156.3456527466239,175.88214702627414,174799600,26700,89315000
2016-05-09,21.25857162475586,156.26075744628906,177.4594268798828,21.48309268478699,157.8356227668649,177.8989981711708,21.21274975174133,155.1951386303062,177.00261363057552,21.306683280476815,156.84544841043504,177.18362131037676,131745600,59000,74374900
2016-05-10,21.402908325195312,157.47727966308594,179.66592407226562,21.43727429575784,158.37315923776825,179.6831660302877,21.102782461329344,155.713795997816,178.10586224115877,21.382289791613317,156.36449187097705,178.17481692148664,134747200,32700,77472200
2016-05-11,21.194419860839844,137.85275268554688,177.98519897460938,21.437269636966946,155.89300418448246,179.74349733266854,21.182963957166663,136.35333154092893,177.98519897460938,21.41665110786581,155.89300418448246,179.20050058407892,114876400,317600,81727000
2016-05-12,20.697261810302734,140.7667236328125,178.0369110107422,21.25627632651632,142.66221725610467,178.83849767729612,20.497942378776894,138.83350058214194,177.01123149260067,21.242530641011207,139.67280047180589,178.6661043972556,305258800,119600,89586300
2016-05-13,20.738502502441406,140.25741577148438,176.48544311523438,21.001972568799147,142.37924186273202,178.29546713196817,20.619369138727127,139.09748820401083,176.15792485495854,20.619369138727127,140.3800147725249,177.73522849199588,177571200,48000,96474600
2016-05-16,21.508296966552734,130.81771850585938,178.22650146484375,21.625140572438355,140.98362705108724,178.70917099906472,20.997395691038395,129.66721551521402,176.59748521096873,21.166932272570307,140.3800856780898,176.65782547862557,245039200,416300,77486800
2016-05-17,21.418943405151367,125.66876983642578,176.5630645751953,21.696159176921626,130.76116467074974,178.24379402032864,21.308974407849057,124.01845949364348,176.02866902338107,21.661794957718215,130.20477778010712,177.95074645589762,187667600,359300,114924900
2016-05-18,21.664081573486328,126.45148468017578,176.6147918701172,21.812999577326224,127.96034554088507,177.812851742817,21.510582257064247,121.65144283125935,175.51154305864236,21.572441338439106,126.34775031613248,176.20969125867967,168249600,269800,120062100
2016-05-19,21.58160400390625,119.38813781738281,176.00279235839844,21.682410360156975,126.51748183130216,176.29583988902866,21.43726906030444,118.54883788792463,174.7788763612717,21.682410360156975,126.44203736252871,175.88212495450597,121768400,306300,115430500
2016-05-20,21.815290451049805,121.3685302734375,177.11471557617188,21.86340209737931,121.89662726065475,177.64048365109318,21.654916548692732,116.83253689233338,176.57170553846643,21.68240966713476,119.4353139767847,176.62341827505472,128104000,201900,104990400
2016-05-23,22.092514038085938,121.22705841064453,176.87335205078125,22.2666336876816,124.95204090304965,177.41634884875714,21.918394388490274,120.75554127516132,176.68372994616684,21.964216268871244,122.17951784407863,177.13191569183547,152074400,241800,58682600
2016-05-24,22.429290771484375,120.75553131103516,179.16607666015625,22.472819360016192,123.53747930292181,179.4849938148418,22.18643924737703,119.68047290642419,177.67496897543597,22.27349992029165,122.33982184854193,177.7008253458476,140560800,207700,93537800
2016-05-25,22.82335090637207,118.65258026123047,180.38133239746094,22.8508422795011,121.57598527356951,180.8036749254357,22.477403228452115,118.37909943950977,179.16603069285412,22.605700964189083,121.57598527356951,179.8555644143747,152675200,76900,76621400
2016-05-26,23.004348754882812,116.1723861694336,180.43304443359375,23.077662013648986,118.71857564837832,180.751961505235,22.59883342676527,115.88004067304779,180.1141405137143,22.837101954736816,118.71857564837832,180.5192410803642,225324800,84000,55280700
2016-05-27,22.990598678588867,119.72763061523438,181.20877075195312,23.018091802943097,120.3971840866891,181.21738515573304,22.738584489748593,115.5216986147565,180.54509341157683,22.782114832994687,115.76688954064065,180.5968061377794,145364800,137700,64211200
2016-05-31,22.878341674804688,116.46475982666016,180.86404418945312,23.002058131590502,121.01019298761464,181.59667640519146,22.640073137431198,116.46475982666016,180.2951777502985,22.818774103479807,121.01019298761464,181.48462336820998,169228800,163100,109879400
2016-06-01,22.557594299316406,117.80381774902344,181.23468017578125,22.80502719972248,119.05805482561654,181.41567477048062,22.52781138920169,116.0026263638379,180.04523451783822,22.685892063411732,116.25724240449479,180.24347107690693,116693200,269700,69936200
2016-06-02,22.38804817199707,117.46435546875,181.78627014160156,22.41553953948008,118.53941404425159,181.80349895093315,22.138323847166856,116.48359888859784,180.3468754566428,22.36055505658887,118.51112416512487,180.8295451531843,160766400,84500,63044700
2016-06-03,22.433876037597656,117.19083404541016,181.24322509765625,22.514062133682277,118.61481742462813,181.59661289703772,22.326196816601538,116.42697879450037,180.01930913196074,22.404093129887883,117.44545725889913,181.21736873689764,114019600,59700,101757100
2016-06-06,22.596538543701172,118.78459930419922,182.1654815673828,23.343418458283416,120.38776192755284,182.52748377459292,22.34910742452468,116.92682058610735,181.44146400120212,22.449912047920396,117.03055493446239,181.60522972269823,93170000,118300,64887000
2016-06-07,22.68817901611328,116.77594757080078,182.4499053955078,22.880627371348396,119.53903855812426,183.01877165532946,22.672141798837487,116.33272026646848,182.29476722560779,22.738582198387373,119.2655577279026,182.32062358725778,89638000,134800,60974800
2016-06-08,22.667564392089844,117.20030212402344,183.0446319580078,22.809607841603118,117.83213338081626,183.1739269208024,22.607996825689433,116.03094160186077,182.45853687897446,22.685891395044987,116.6156254603325,182.587818690008,83392400,100300,66170900
2016-06-09,22.83022689819336,114.84269714355469,182.79470825195312,22.908121463368875,117.6340773522157,182.91537567634623,22.55759242422746,114.34289019736187,182.0276053786478,22.566756799176193,117.16256027923689,182.30341099793364,106405600,95300,73786900
2016-06-10,22.642364501953125,114.96530151367188,181.06224060058594,22.761497895800762,115.1633378301247,181.74314672454236,22.56217839571664,112.97549879792892,180.51060313582192,22.573632554935553,114.30517326404926,181.39838646082586,126851600,70600,113829200
2016-06-13,22.300989151000977,117.1720199584961,179.66592407226562,22.7087958604973,118.7657503391348,181.32079694485324,22.24600466407323,113.63564108650928,179.57974058567615,22.610281041292204,115.33310582297544,180.4502687652647,152082000,122400,117751200
2016-06-14,22.328489303588867,120.02941131591797,179.3125457763672,22.562176505530235,121.61371651175794,179.91589597329144,22.16582557372914,116.00265779373319,178.3472065041063,22.296414863781365,117.39834460729627,179.27807501025552,127727600,142800,125059300
2016-06-15,22.255170822143555,124.81059265136719,179.0626220703125,22.546133990828547,126.32887841698987,180.45030404780638,22.229969232795234,120.07655653905906,178.8729999502751,22.410961670876148,121.33079385757875,179.31257132758194,117780800,180900,109124500
2016-06-16,22.349105834960938,132.5246124267578,179.5969696044922,22.39492595616137,132.70379125068314,179.76936288139618,22.01003099513078,122.59446214423937,177.20085035524465,22.097089924581827,123.89585411627647,179.0625872710193,125307200,238700,149533100
2016-06-17,21.840492248535156,132.5246124267578,178.9281005859375,22.142909562593,133.44878203538323,179.51724350368298,21.833619405840153,131.2043701287215,178.2609719830699,22.136036719898,132.09082469578667,179.49125268202675,244032800,200800,117055700
2016-06-20,21.787799835205078,134.29750061035156,180.08038330078125,22.12458314612072,135.10851057821606,181.60523524252446,21.771762617919837,131.22319998377793,179.99373842743665,21.993993877390736,133.71280963566625,180.9207883356478,137647600,105000,82789600
2016-06-21,21.973369598388672,133.0621795654297,180.59161376953125,22.07417418869781,134.96709897882937,181.00748021562345,21.69157085647247,131.7985023437126,180.01978914355698,21.751138397058643,134.96709897882937,180.4703188385812,142185600,64800,72461700
2016-06-22,21.890899658203125,132.26060485839844,180.29701232910156,22.19789834410828,132.85472127097972,181.50996143727966,21.84507778483432,131.08181158871574,180.14971337582287,22.05127184517959,132.85472127097972,180.77351955150124,116876400,67000,95560500
2016-06-23,22.01690101623535,132.1379852294922,182.64495849609375,22.06043134934364,133.40166235438303,182.69694014651893,21.822162904208067,131.49672869737913,181.31071432794508,21.980245273558918,132.7981208696326,181.77856240192688,128960800,58500,102731400
2016-06-24,21.398324966430664,132.5811767578125,176.08633422851562,21.68699664447112,133.3073171320256,182.67960855805526,21.22649687796563,125.61215448851576,175.63580459042282,21.28606443805271,127.44164316690296,176.42422815204665,301245600,129700,333444400
2016-06-27,21.08674430847168,133.0526885986328,172.9326934814453,21.31813996890033,135.13680046150972,174.66548594831286,20.96302786867594,130.15758115739607,172.10960648355731,21.306684063244397,131.26092941789813,174.6568135250778,181958400,123700,230775800
2016-06-28,21.441848754882812,132.05303955078125,176.05172729492188,21.457887717553707,134.43891423319474,176.07771812657182,21.109648557470653,131.4306337059197,174.2496213862931,21.28376813751218,134.12771131076397,174.56152458625112,161779600,105700,159382400
2016-06-29,21.627422332763672,134.4012451171875,179.04942321777344,21.661788289313503,135.2028155946277,179.2833406488992,21.45101123817296,131.13834028616768,177.368612649596,21.528907522880917,133.2413026311188,177.47257595231858,146124000,97200,137328600
2016-06-30,21.902359008789062,139.0692901611328,181.49269104003906,21.94130629944289,139.11644476109407,181.54467270218868,21.60452462693925,134.9670845870843,178.96281546087798,21.636599071939596,135.16512815109613,179.52598098120134,143345600,123100,165021900
2016-07-01,21.968791961669922,136.57020568847656,181.87387084960938,22.101672758884774,138.57885854274662,182.36772298076679,21.840494225283482,136.04209450362535,181.32803706678393,21.877149972282936,138.57885854274662,181.49265444383641,104106000,75600,106055300
2016-07-05,21.762598037719727,137.15489196777344,180.56561279296875,21.856531558018105,138.46570888830607,181.1460965884679,21.641173144007634,134.5898378745707,179.95913817230954,21.85424002759177,136.6267951349775,181.03346086600433,110820800,79300,109803700
2016-07-06,21.88631248474121,136.51364135742188,181.64859008789062,21.916097133816212,137.59813944624528,181.76988500012285,21.62055266083803,130.9025900981478,179.39595518054477,21.673245620404632,137.15491216995807,180.063083807899,123796400,100600,96021500
2016-07-07,21.980253219604492,136.07041931152344,181.53594970703125,22.108550987240765,137.1454778892637,182.5063089799296,21.90693995982291,135.13682451927343,180.75619860847416,21.925266963823812,136.24017297619935,181.8305211691392,100558400,41900,85593800
2016-07-08,22.149782180786133,137.03228759765625,184.23916625976562,22.197893827088897,138.7391770764773,184.49042858780794,22.005447241877835,136.08925346442396,182.61900942370116,22.10625184692513,136.22127766749412,182.85294012425408,115648400,68500,133971000
2016-07-11,22.2185115814209,137.61695861816406,184.88894653320312,22.37201087571823,139.23897841322145,185.46944362954792,22.16123556880919,136.38158625566814,184.49907088145397,22.165816880731043,136.40987612736208,184.70701073179347,95179600,54100,73633900
2016-07-12,22.319320678710938,138.10736083984375,186.23184204101562,22.383469546112238,139.68222628556936,186.5350859689465,22.25059049846335,135.89123902129785,184.91491624622822,22.262044654541842,137.6169790085597,185.86795725959192,96670000,96500,101275600
2016-07-13,22.193309783935547,138.53176879882812,186.2058868408203,22.376591973786265,139.84258623979397,186.66507581143415,22.186435194230686,136.55140488958037,185.7120478358891,22.317026179745497,137.53215448422233,186.65641660789433,103568800,72800,87324100
2016-07-14,22.63319206237793,138.04139709472656,187.24551391601562,22.679012178781466,140.27638429360084,187.72203439726923,22.296408788243205,136.8908938337248,186.8469791281707,22.31244600377698,139.02214666022795,187.48810375735295,155676000,136600,91230900
2016-07-15,22.630903244018555,135.90069580078125,186.99427795410156,22.750038357624227,138.88068813021596,188.01661903980272,22.566754374196552,134.68418768599886,186.5437482657499,22.662977678929558,138.04138804137256,187.81735163194085,120548000,162300,107155400
2016-07-18,22.871461868286133,136.44764709472656,187.4967803955078,22.94019204696382,136.73056028736522,187.66139776729338,22.58966306672366,133.4676549927833,186.8556425317523,22.61257312628289,135.8818207094493,187.11556400193183,145975600,128500,58725900
2016-07-19,22.880632400512695,138.0319061279297,187.30615234375,22.91041531116386,139.48418680019915,187.34080236669521,22.759205731105713,135.36311771420282,186.82097270159463,22.809608924458427,135.66489555399468,187.07222172337018,95119600,92000,54345700
2016-07-20,22.9012451171875,140.14437866210938,188.08595275878906,23.015797164641175,143.5864493480822,188.3285426434624,22.8508419366398,136.83433225037632,187.30620144664712,22.910409490734857,138.23001949084923,187.30620144664712,105104000,157000,58159500
2016-07-21,22.77981948852539,138.6826171875,187.37547302246094,23.139512835959426,140.1820382205335,188.19854660654667,22.71108756310978,137.21148603134932,186.9249433854276,22.871461473104386,139.44647264245816,187.97328839810714,130808000,71100,67777300
2016-07-22,22.603410720825195,140.79501342773438,188.2158966064453,22.75003720094215,142.66221717420098,188.26787825807196,22.523222889699078,138.5694520691809,187.22820556507202,22.74087282744415,138.6166066585966,187.49678624524682,113254800,57900,62787500
2016-07-25,22.300989151000977,139.97457885742188,187.70469665527344,22.644645253168715,142.9451456341079,188.05992220427837,22.20476586189609,138.9844043214218,187.1155536941326,22.509474691986895,141.55888401623346,188.00794055713703,161531600,37200,55873100
2016-07-26,22.14749526977539,139.2107391357422,187.79135131835938,22.445331330444198,140.72902515653573,188.15523608743655,22.090219238717985,138.65435227080607,186.9336144354349,22.181861237994983,140.2009281735751,187.60074312215394,224959200,57800,70080500
2016-07-27,23.58626365661621,133.8830108642578,187.59207153320312,23.907009708951172,139.4091271016322,188.24186855368006,23.540443541107802,132.34326680781066,186.81230717653824,23.888680963577663,138.86123749612017,188.17255528507735,369379200,181000,84083900
2016-07-28,23.90472984313965,135.97059631347656,187.80868530273438,23.929931443344035,136.21619592118188,188.10325680233504,23.55649225074684,133.49566028193524,186.92495758377711,23.558783782018025,133.882949199092,187.39280565842785,159479200,88500,65035700
2016-07-29,23.874935150146484,134.52532958984375,188.11190795898438,23.95283144360241,137.74653494586812,188.47579271707374,23.753510271569212,132.3432273854307,187.2541843221147,23.87035383779042,136.35792183142877,187.54009660778948,110934800,205800,79519400
2016-08-01,24.296485900878906,136.5090789794922,187.95596313476562,24.31939595695318,137.18921673631456,188.5710969333038,23.920755387900076,132.9383629631615,187.49677428115666,23.920755387900076,133.96802516505625,188.17256214949268,152671600,85200,73311400
2016-08-02,23.936798095703125,134.704833984375,186.75169372558594,24.30107279028725,138.13384610737677,187.86067974560922,23.82682735421179,134.20417904383257,185.90262919591478,24.29649147719103,137.07586048418867,187.70472156333548,135266400,109000,92295500
2016-08-03,24.236921310424805,134.53482055664062,187.29751586914062,24.248375465895208,135.9612132165935,187.35816994612767,24.003234165382874,132.68334532779892,186.387810475585,24.012398538514464,134.61039303328383,186.69104120005147,120810400,56700,53993600
2016-08-04,24.386646270751953,134.3931121826172,187.4967803955078,24.41659051324774,136.02732531893892,187.817342717308,24.250741692729378,133.47681585200363,185.62536167440123,24.31984595374348,135.2999529462513,187.4101354987296,109634800,36000,46585500
2016-08-05,24.75750160217285,134.46865844726562,189.0303192138672,24.796659862394087,136.06507783255427,189.07364166850442,24.458052154540812,134.04356160729512,187.49680743693435,24.47878237793053,135.02598905944177,187.49680743693435,162213600,43900,71892200
2016-08-08,24.962512969970703,133.72239685058594,188.91769409179688,24.962512969970703,134.56312059763238,189.32490136349082,24.683795455213104,132.73052819275154,188.64911338496827,24.766718120420123,134.3458587971072,189.22092482976336,112148800,29100,39906500
2016-08-09,25.063861846923828,133.69406127929688,189.0303192138672,25.093807849086758,135.43218454131457,189.53283060331353,24.87958673255773,133.2595376707786,188.70109764296978,24.930262960161617,133.96801323655484,188.987009979387,105260800,48000,51251700
2016-08-10,24.877281188964844,145.00132751464844,188.5624542236328,25.084592217018425,151.89715900237397,189.2209105267359,24.82199883394868,133.72239458610088,188.20722863557532,25.040826067375342,134.33641537053947,189.14293804745182,96034000,206000,57941100
2016-08-11,24.861160278320312,143.8206024169922,189.4375,25.09150550400385,145.66263680653233,189.68876226966484,24.842732238490925,143.28215383406123,188.83102538036013,24.997063117924192,144.63298866237636,189.0996060533324,109938000,108500,72504300
2016-08-12,24.918745040893555,147.83518981933594,189.27291870117188,24.978635287931247,149.68667841097638,189.48951775006446,24.82660660484968,143.39541383854564,188.86571143164124,24.82660660484968,143.39541383854564,189.1256197141869,74641600,84500,61313500
2016-08-15,25.218196868896484,149.25213623046875,189.8187255859375,25.23201702050296,152.50167871792388,190.1739511732671,24.895713191386314,147.9768748705075,189.6367898013141,24.909533342992788,149.3749432335077,189.6454490033871,103472800,68200,49813500
2016-08-16,25.195161819458008,145.43585205078125,188.83966064453125,25.390956680158045,149.45998756530332,189.46345354473593,25.15600355027589,145.11466554705396,188.83966064453125,25.252748129688673,148.411443284298,189.39415350483188,135177600,54300,53213600
2016-08-17,25.158308029174805,143.30096435546875,189.19491577148438,25.192860167526113,144.44397775337225,189.33354232299237,24.955603088124334,141.70453070689564,188.02528894604413,25.130665967014806,144.3117295796782,188.8743534387583,101424000,61700,75134300
2016-08-18,25.126054763793945,144.30230712890625,189.61947631835938,25.245833494187732,145.84206540122474,189.65412635012217,25.112232856806443,143.00816295978842,189.0563240661535,25.160606895171092,143.87722464548546,189.16894658450042,87938800,72500,52989300
2016-08-19,25.19055938720703,142.88536071777344,189.34217834472656,25.26657374964919,146.90005597827798,189.52412732382518,24.960214112457436,142.35636788380157,188.64907211235118,25.054654761259382,144.00947769695048,189.14291096392634,101472400,30600,75443000
2016-08-22,24.994760513305664,141.73291015625,189.3335418701172,25.13066335063848,143.433254612606,189.56747252270793,24.84273182334566,141.03389006761827,188.72706723391488,25.07538098946874,142.50751712513542,189.09961121752647,103280800,64400,61368800
2016-08-23,25.073074340820312,144.54791259765625,189.7147216796875,25.181336864588445,146.2199045601679,190.26055535705572,24.999363948079473,141.3078101712262,189.65406761768972,25.013184097532633,141.43061721549074,189.95731148737272,85030800,76600,53399200
2016-08-24,24.884193420410156,143.31045532226562,188.74441528320312,25.05004225722734,145.4453233432745,189.66279312939577,24.80357294623362,142.66809659566016,188.31987639083852,25.008580048023042,144.8690959268377,189.56748901968766,94700400,42100,71728900
2016-08-25,24.778230667114258,144.11334228515625,188.6144561767578,24.849637109755047,145.2563556209811,189.0389950877011,24.573223599782633,142.63971574003727,188.1985896889945,24.73676846487897,142.63971574003727,188.35453466434677,100344800,48400,69224800
2016-08-26,24.633113861083984,142.9608917236328,188.25924682617188,24.86576122519444,145.17133160198455,189.84475364677914,24.4879952744273,141.65730673622946,187.35820048809308,24.741376375766194,143.8110708865162,188.8050807274087,111065200,64800,122506300
2016-08-29,24.6054744720459,141.9407196044922,189.1862335205078,24.748289130323432,144.28342263188014,189.4548141687354,24.483391795847982,141.6951199189962,188.3544875329493,24.55940613448253,142.13909911452689,188.389150776681,99881200,53500,70502200
2016-08-30,24.416593551635742,142.18630981445312,188.8743896484375,24.531766162728363,143.30097098516183,189.38556028244622,24.30142094054312,141.27001370647776,188.3112373526866,24.370525210156522,142.2807645634788,189.09964792270623,99455600,53300,58114500
2016-08-31,24.439624786376953,141.97854614257812,188.33718872070312,24.547887308981277,142.72480093931895,188.6577510477168,24.33366620778818,141.54400799803665,187.54876509572614,24.33827409581929,142.72480093931895,188.5364561223477,118649600,52200,85269500
2016-09-01,24.584739685058594,144.1984100341797,188.34585571289062,24.600863775952995,144.1984100341797,188.64042722666335,24.329056417023015,141.60066589104594,187.16755643764384,24.44883512689655,141.60066589104594,188.3285240885052,106806000,52100,97844200
2016-09-02,24.815088272094727,145.3130645751953,189.19491577148438,24.877280700592696,145.74758818710566,189.62811382983017,24.60547330412378,143.46157540669878,188.61443195971972,24.808176440133312,144.24562343528842,189.2122473954618,107210000,83300,79293900
2016-09-06,24.80817413330078,145.2091522216797,189.76673889160156,24.946382641367986,146.23879991158952,189.84471136865434,24.76440974598074,143.75440766374032,188.75305702944888,24.854244221787912,146.03097926045533,189.4808265889192,107521600,40900,56702100
2016-09-07,24.960206985473633,146.05929565429688,189.7494659423828,25.052345420543826,148.17528087564764,189.9314149985907,24.663061455004367,144.49121426353298,189.13433191743528,24.838124305898283,145.41695149176203,189.60218014457624,169457200,107400,76554900
2016-09-08,24.306026458740234,143.23484802246094,189.31619262695312,24.709130587398207,146.69219726622512,189.6887497960472,24.241530079338084,142.99868953896492,189.0042895259121,24.704524456324283,145.36027437392488,189.4114967194977,212008000,89000,74102900
2016-09-09,23.7554988861084,140.94883728027344,184.78500366210938,24.35209384391365,143.48989048467286,188.03398981973766,23.7554988861084,140.82603025494893,184.75901283046102,24.10332061616333,142.52637423879938,187.98200815644097,186228000,101400,221589100
2016-09-12,24.2876033782959,141.50619506835938,187.4361572265625,24.352099766199046,142.85701495088978,187.8433645122777,23.617297866742287,140.52376750472558,183.9445814772527,23.644939929012818,141.0811125941212,184.01389476207206,181171200,132000,168110900
2016-09-13,24.865766525268555,139.00291442871094,184.74163818359375,25.05925742958814,141.71402433865782,186.4051171225217,24.702221625159698,138.36057010221194,184.1091727271628,24.764415820524594,140.75049343493555,186.13653644459166,248704800,60000,182828800
2016-09-14,25.74567985534668,138.08660888671875,184.6723175048828,26.035915272638828,140.64657369673313,186.01523406084937,25.01548606049195,138.02993314569537,184.10916534600406,25.045432058461433,139.5696913753704,184.79361242618694,443554800,30600,134185500
2016-09-15,26.620990753173828,138.29437255859375,186.51773071289062,26.657846823267583,138.77614498671105,186.9076062707213,26.141872386319914,137.56701496322353,184.32574988003762,26.22710073036611,138.07711083620828,184.507698857774,359934400,37700,134427900
2016-09-16,26.471269607543945,135.8856201171875,185.7967529296875,26.749987084922154,138.40779141718596,186.07540655069408,26.268566466921897,135.11101324180152,185.10014545104298,26.51733970136331,138.40779141718596,185.89253845104153,319547600,74700,155236400
2016-09-19,26.16260528564453,136.6319122314453,185.83160400390625,26.761502386587434,137.91661552799113,187.11164092833963,26.08659095644716,135.55502964566253,185.5007061280308,26.533461156389535,135.55502964566253,186.45856140717717,188092000,42600,80250500
2016-09-20,26.160308837890625,137.66151428222656,185.8402557373047,26.286999422855224,138.5778104519407,186.85905791514398,25.916143445843993,136.6507633571225,185.805430685358,26.040530086337952,137.52926609350348,186.70232525098402,138057200,66700,69665300
2016-09-21,26.155698776245117,137.86932373046875,187.93016052246094,26.257049471593344,139.14458534345604,188.1130153390762,25.900015457658412,137.07583466255105,185.85771735457953,26.224801283428757,137.91655831131465,186.55433813501276,144012800,56900,110284400
2016-09-22,26.40216636657715,142.19577026367188,189.1143798828125,26.47587675723804,143.20653567182242,189.4191555962935,26.25935171581165,137.83156532359163,188.7051289999575,26.339972181004136,137.83156532359163,188.9576471983491,124296000,92400,76678700
2016-09-23,25.962207794189453,140.29702758789062,188.07818603515625,26.441326241432666,142.64915671902656,188.85317314807975,25.69500827075403,140.24035186144914,187.9824005139214,26.356097883086356,142.64915671902656,188.71384633774977,209924800,35200,73630900
2016-09-26,26.001365661621094,136.4996337890625,186.55435180664062,26.118842206225942,139.9758805197931,187.4164082934466,25.69500787984719,136.31070984308334,186.35406451499276,25.715738104392177,139.9758805197931,187.23355346343084,119477600,60200,89827300
2016-09-27,26.049745559692383,139.9852752685547,187.71246337890625,26.070477547693656,140.15530242187447,187.8082356133356,25.87698660839314,136.02725761909764,186.01444611043604,26.02901532908604,136.02725761909764,186.3888852528408,98429600,86800,78494800
2016-09-28,26.247835159301758,138.03941345214844,188.64418029785156,26.40677391161935,141.2606054274067,188.80092627901755,26.128056427084708,137.00975112111405,186.96359551512742,26.187946671890447,139.69252346015114,187.9388565999441,118564400,58800,87411000
2016-09-29,25.84012794494629,135.469970703125,186.9375,26.213287849822066,138.86120343654179,188.84449457498428,25.75259739029897,135.40383940182983,186.38020593448786,26.065867043366246,138.53057575800904,188.4352302923649,143548000,40300,128070600
2016-09-30,26.040529251098633,139.95693969726562,188.34811401367188,26.114239655242518,140.99602817268195,189.06214062879357,25.752597710318657,134.7897919376324,187.52958565255693,25.90462465000526,135.2715499605463,187.78210385759215,145516400,115900,117202900
2016-10-03,25.918445587158203,137.0853271484375,187.8953094482422,26.040530040360682,139.4185750590628,188.1217055395998,25.8631632217234,136.33907238191043,187.25093294477546,25.962211745049558,139.35245815229555,187.93014779271897,86807200,72700,83512100
2016-10-04,26.029008865356445,135.54554748535156,186.9375,26.330760529659383,138.294421666159,188.23495626691454,25.943780504551224,134.63869243873341,186.33667792364892,26.04282901566208,137.53872594361118,188.00856012018536,118947200,59700,119948100
2016-10-05,26.040529251098633,133.60902404785156,187.76470947265625,26.181039983590832,136.63184971124804,188.20009579464494,25.957604826762427,132.31488018898412,187.50347502207583,26.12114973103809,136.30122207342058,187.57313842802634,85812400,284000,72816000
2016-10-06,26.234010696411133,134.61033630371094,187.8953094482422,26.337665317684326,135.46995664752956,188.1217055395998,26.05894787897312,132.73050957612463,186.98971179587642,26.190244552703096,133.69404022978912,187.53828949549973,115117200,94200,62927400
2016-10-07,26.273176193237305,133.6373748779297,187.25094604492188,26.38834880745615,135.36605685017642,188.34812809479843,26.146487372033345,132.99501625427794,186.5107972597013,26.330762500346726,134.57256773916941,188.1739762210369,97433600,99500,89788300
2016-10-10,26.731563568115234,133.74127197265625,188.2261505126953,26.892804519665034,135.73445011817032,188.69636172582221,26.425204002776045,132.94778294010263,188.07812081065663,26.49430651455686,133.52401020721246,188.2261505126953,144944000,85900,51855000
2016-10-11,26.789148330688477,132.5322265625,185.84896850585938,27.339673235929045,134.89381287183187,187.86046414414145,26.76611240402679,130.9263507549501,185.108819852189,27.1116302152185,133.9113848953216,187.7908007496312,256164000,59600,130367400
2016-10-12,27.028701782226562,133.93963623046875,186.0928192138672,27.1761243098908,134.88427014380972,186.62399103426065,26.89279897357527,129.62266674176473,185.48326776097252,27.03100572602915,131.67252060403828,185.98831746617742,150347200,92500,73866100
2016-10-13,26.94577980041504,134.0152587890625,185.48326110839844,27.051738371819525,134.91267287350578,185.98831079548913,26.655544382936686,133.08952124371447,183.91588110555807,26.902013654058788,134.20419717356108,184.7431123930427,140769600,56300,101357000
2016-10-14,27.09551239013672,132.5794219970703,185.57913208007812,27.21989904183267,134.32698670122016,186.94625202782245,26.98033975975842,132.2110152182301,185.50076570123628,27.15309870532587,134.32698670122016,186.47602718088905,142608800,31600,93346200
2016-10-17,27.07707977294922,133.41067504882812,184.93472290039062,27.14387833644037,134.3647647515418,185.81419860412123,26.89971297950255,132.24877909696013,184.75185477465686,27.02640354625017,132.34324827619002,185.5529641189035,94499600,26700,58275700
2016-10-18,27.05864906311035,134.51585388183594,186.0928192138672,27.22910400730986,135.70610175253253,186.6152748045741,27.054041175286578,132.2487384174106,185.70967714185414,27.22219393296849,134.1380061090879,186.55432763144597,98214000,35600,76869700
2016-10-19,26.978031158447266,136.00840759277344,186.58917236328125,27.1254519496906,136.43349003594733,186.9026510655327,26.21328514484954,133.2973124596247,185.9970533073268,27.007975402564224,134.0341258715186,186.362776245464,80138400,43800,66519200
2016-10-20,26.964210510253906,134.97877502441406,186.24085998535156,27.037920909317755,136.77357416918824,186.80685689718447,26.796059486168186,134.7520576361798,185.57036131964367,26.91814216986195,135.34718177156134,186.23214375514914,96503200,35700,73639800
2016-10-21,26.858259201049805,135.23382568359375,186.32789611816406,26.92966743262459,135.4038529085048,186.41497868307246,26.78454878200762,133.89244694695014,185.26555260356446,26.906631498790457,135.30939814376742,186.24082684018958,92770800,29300,89089100
2016-10-24,27.100114822387695,136.55628967285156,187.1203155517578,27.120845048131837,136.6224209720124,187.49475466309428,26.950390081566752,135.2526901314161,186.76329561202496,26.973424251525085,136.54684852181617,187.21610106517554,94154800,25900,60146600
2016-10-25,27.23832130432129,137.2930908203125,186.49337768554688,27.263659418219195,137.83153907477833,187.1987014092742,27.021796242791737,136.2917811688179,186.32792875540122,27.16921703780073,136.91524301694577,186.93746695572506,192516000,27200,66542300
2016-10-26,26.6256046295166,136.70639038085938,186.11892700195312,26.650942745729225,139.08150137972433,186.71104594989447,26.100417779645237,136.33734899954086,185.41359008535076,26.33076301256388,137.95544796424375,185.65741861990045,264536800,46800,75705500
2016-10-27,26.36992073059082,133.95281982421875,185.62254333496094,26.6877964915445,137.24580688779326,186.88516060602424,26.282388425007635,133.148505947138,185.54417701102423,26.57953396036183,137.056557413116,186.85033555769633,138248000,103900,77220200
2016-10-28,26.194856643676758,137.29312133789062,185.07400512695312,26.5380705024691,137.60538946509635,186.28437852627815,26.13266245501712,133.91497421413646,184.35127555142333,26.22940877544384,133.91497421413646,185.59647400898024,151446800,86800,140623200
2016-10-31,26.15339469909668,133.70677185058594,185.0827178955078,26.312333452381207,137.2930970924799,185.64001182534489,26.075076415813566,133.6594558810968,184.9172689763954,26.178732812153473,137.2930970924799,185.41360244679726,105677600,62500,61272500
2016-11-01,25.681190490722656,133.81088256835938,183.74172973632812,26.206377360322247,135.23973266665854,185.46586912780646,25.460059269701496,133.0822569505735,182.51395041364847,26.13497089780143,134.28401346116416,185.41361160845037,175303200,35600,122781800
2016-11-02,25.704221725463867,135.0504608154297,182.63587951660156,25.879284581119336,135.41950227310392,183.82013097607228,25.6212990647792,132.60910408050523,182.19177691496407,25.660457329595896,133.36611627129528,183.42827261299504,113326800,43900,103330800
2016-11-03,25.428707122802734,133.7825164794922,181.79991149902344,25.80609692592681,134.55844375504526,183.07124540514928,25.36387959995124,133.42293232514666,181.52127116223042,25.694964534300677,134.37865167787248,182.85355224421195,107730400,34300,88939300
2016-11-04,25.199491500854492,133.00653076171875,181.59962463378906,25.525946632194195,134.84228061148056,182.76645670480656,25.03047715180332,132.56178664600094,181.45159488928104,25.127718429319124,134.123126979523,181.913103294787,123348000,35500,109122100
2016-11-07,25.562992095947266,132.8267822265625,185.60523986816406,25.586144528867994,133.88660540442277,185.64007822514102,25.34303956715684,132.25903373299096,181.59969246692197,25.4865874775332,133.0065743031107,181.59969246692197,130240000,57500,109794900
2016-11-08,25.713485717773438,133.6784210205078,186.4411163330078,25.866294966039213,135.81696769037399,187.01582942065795,25.39860766051445,131.62503445528526,184.93468350047192,25.539839808244622,131.62503445528526,185.20462087247682,97016800,34300,106772100
2016-11-09,25.67180633544922,149.32957458496094,188.4178466796875,25.773679150589082,149.48097994054342,189.044804238382,25.01658388888459,118.28272677204427,184.89991667957509,25.44027849479843,121.12151221457333,184.92603880394233,236705600,254100,258429000
2016-11-10,24.956390380859375,151.86557006835938,188.88803100585938,25.720431324509494,152.2251397543037,190.09840464603226,24.502595948326064,145.66755204008368,187.40771992813504,25.720431324509494,147.4654437862354,189.21892891611643,228538000,69000,172113300
2016-11-11,25.104564666748047,158.4799346923828,188.45262145996094,25.206437485273558,160.46709040428158,188.6964367469516,24.669292947768927,149.69862565246066,187.494779485908,24.80126375066911,149.69862565246066,188.15656193817748,136575600,83600,100552700
2016-11-14,24.474811553955078,156.11424255371094,188.60061645507812,24.96101974015169,159.0665887121488,189.1927486764307,24.097421752078436,153.94730973412163,187.84304861635627,24.9378673058409,158.49882594815506,188.9837584888473,204702000,67600,94580000
2016-11-15,24.798952102661133,155.75469970703125,190.07223510742188,24.93092292751342,157.39172859552252,190.07223510742188,24.579001316713185,154.11765637973065,188.78349542693832,24.673926831787767,156.341377408833,188.99247233965002,129058000,44400,91652600
2016-11-16,25.465744018554688,156.43603515625,189.71524047851562,25.52131196628329,156.95646768652225,189.95035282362124,24.680864862663,155.3856837963939,189.32339542796404,24.704017291008057,156.09538027092339,189.4453030722898,235362000,27500,65617700
2016-11-17,25.45648765563965,156.10479736328125,190.6904754638672,25.549099153487774,156.1805000336642,190.75142262995098,25.19717758136578,154.21227392013188,189.75874250671419,25.424073896355413,155.79252926250464,189.87194718407065,110528000,27100,69797200
2016-11-18,25.481952667236328,156.549560546875,190.2638397216797,25.593086804005544,157.1930116650914,190.93433843783765,25.389342947415354,155.42350665118653,190.08097160384122,25.403234052105066,155.53705345115182,190.76018655085744,113715600,29600,86265800
2016-11-21,25.868614196777344,156.03854370117188,191.7006072998047,25.928810181638585,156.85232931541282,191.72672941821895,25.4703859084078,155.68843150347996,190.69922399542548,25.495854119855927,155.98177031114693,190.84725376208536,117058400,23900,72402600
2016-11-22,25.884815216064453,156.15208435058594,192.07501220703125,26.02836135743469,159.86142787793577,192.2578670033078,25.792203719634294,155.74518437766156,191.33485021884766,25.919542981610558,156.26563111567864,192.01405175031587,103862000,75000,67429000
2016-11-23,25.75284767150879,155.877685546875,192.17955017089844,25.817675197300563,159.49241216567611,192.23179441186505,25.544472219736942,155.23423452253988,191.35231868607096,25.782945660935656,156.57792440171707,191.55259270542246,109705600,27400,56620200
2016-11-25,25.88249969482422,156.94696044921875,192.89352416992188,25.90102234757402,157.90267953359705,192.92834922299386,25.68801537378608,154.84625839627805,192.44942169991884,25.72969045926444,156.15210411535122,192.52780132146466,45903600,13800,37872300
2016-11-28,25.831562042236328,157.2213897705078,191.98794555664062,26.03993745961949,158.44207555864458,192.85871818579963,25.789886958759695,156.3886892182659,191.883457092961,25.79914828468976,157.19300307206825,192.58007785367542,108776000,31200,76572500
2016-11-29,25.806102752685547,156.18997192382812,192.36239624023438,25.938073601550215,158.30960357450905,192.82390469842935,25.484279072709985,154.52455633752766,191.71801967269013,25.648663690319108,157.8932460682316,192.02279542596003,114115200,56300,69886700
2016-11-30,25.588455200195312,153.0862274169922,191.90087890625,25.977422028380623,157.51473999203765,193.15479363540135,25.530573242229742,152.71718590563913,191.8399184436409,25.838505682546693,156.89966118057677,192.98934470767497,144649200,39200,113291800
2016-12-01,25.34998321533203,150.4650115966797,191.19554138183594,25.6856996499143,156.98475170031196,192.2056274745234,25.243480618766462,149.37681682309145,190.82980520647234,25.553728849124656,152.84959423411394,192.2056274745234,148347600,32700,79040500
2016-12-02,25.444908142089844,149.14979553222656,191.29135131835938,25.488897227367275,153.5972379976098,191.78769816352744,25.201803220980263,148.76183912808924,190.9256283578376,25.27589205380327,150.58811765802733,191.28264837415804,106112000,19400,74840300
2016-12-05,25.261999130249023,151.42079162597656,192.4407501220703,25.475004288472093,152.111558580084,192.78905385729067,25.062885075174464,149.3011603551017,191.9357004051457,25.468058736897838,149.3011603551017,192.13597438855064,137298000,28000,67837800
2016-12-06,25.45648765563965,151.13693237304688,193.05026245117188,25.55141492669876,152.67934369197087,193.08510079219027,25.28052775278735,150.71111746060782,192.1446648887043,25.352300824571383,151.85608612652595,192.63229536748946,104782000,23600,59877400
2016-12-07,25.70653533935547,153.32275390625,195.57553100585938,25.743580640982618,153.35114059692626,195.63647817856915,25.273579416695707,151.00441605525697,192.77164217475988,25.29673184700407,151.00441605525697,192.89354980711482,119994800,51100,110738100
2016-12-08,25.95890235900879,153.209228515625,196.05447387695312,26.030675424991088,154.09871678437463,196.5334015334765,25.60697904891689,151.78036417117556,195.27948668255615,25.667176782614735,153.0862098796639,195.54943738855104,108273200,30900,99714400
2016-12-09,26.38259506225586,158.16766357421875,197.23870849609375,26.55624093173034,158.5367051207848,197.25612766946483,26.002889568985033,152.9064499610986,196.24602820492098,26.002889568985033,153.74862243602163,196.28086655166314,137610400,67900,88005800
2016-12-12,26.232107162475586,158.33799743652344,197.01231384277344,26.6257038166769,158.38531341688804,197.63056827611214,26.04456839529865,156.34138435114127,196.58563045712074,26.229791389285964,157.99734259223231,197.1429244266792,105497600,29600,102016100
2016-12-13,26.669696807861328,158.1770782470703,198.32716369628906,26.838711169454072,159.1990424155028,198.83221340153165,26.3362960985904,157.08886884198898,197.66538129990334,26.35713275971107,158.21492235458047,197.6828004723422,174935200,32900,110477500
2016-12-14,26.669696807861328,158.70703125,196.69012451171875,26.903538692608414,159.37886904649537,198.7364322054452,26.621076165495573,156.62525816465924,196.246021969951,26.634967272909353,157.81754284219213,198.0224055631505,136127200,39500,142501800
2016-12-15,26.815555572509766,162.43533325195312,197.49989318847656,27.02624676433138,163.14502972952494,198.37066562053153,26.67895498860396,158.12038097852633,196.69878414541793,26.71368275304285,158.95308169381858,196.93389642241397,186098000,33500,124972600
2016-12-16,26.850282669067383,164.70631408691406,197.11366271972656,26.972992136072556,165.34977957021806,198.02461143846702,26.776193834285927,161.97161827019036,196.78958213443917,26.966046583814475,163.58026032023815,197.96329167084502,177404400,42800,156420200
2016-12-19,27.005409240722656,164.27105712890625,197.54287719726562,27.176739361203865,166.13519406261796,197.97207551006667,26.79934958822593,164.19535445092498,197.1487225731939,26.81092668770356,165.10375770908135,197.2976248371654,111117600,27200,90341100
2016-12-20,27.077180862426758,168.9266357421875,198.30490112304688,27.204521884196293,169.7120346533702,198.45381674533203,27.014669121278168,163.71272474993228,197.84944011279427,27.02856022677401,163.71272474993228,198.08592485706944,85700000,43700,89838800
2016-12-21,27.10264778137207,167.6870574951172,197.7530975341797,27.18136816375535,169.76883053711381,198.3487065849463,27.03782027024301,166.5988477776399,197.7530975341797,27.042451816133486,168.54814474711333,198.17352823855913,95132800,33800,67909000
2016-12-22,26.92437171936035,165.28353881835938,197.4114532470703,26.97530812488353,166.79756340009806,197.72677954984633,26.7738782757011,163.38155789102245,197.00853110703775,26.9382628239877,166.79756340009806,197.60415339683613,104343600,25500,56219100
2016-12-23,26.977624893188477,168.01824951171875,197.70057678222656,26.977624893188477,168.48192300994225,197.7093310230991,26.762303917335394,164.64955968132196,197.26262416404057,26.762303917335394,164.64955968132196,197.45531102000942,56998000,18600,36697800
2016-12-27,27.148958206176758,169.45654296875,198.19107055664062,27.273983466451927,172.46564817309442,198.59397945842798,26.97068075921464,168.44403604302187,197.95457241369868,26.9776263126048,168.72791743408257,197.9720942597228,73187600,47300,42672500
2016-12-28,27.0331974029541,169.0969696044922,196.5530548095703,27.32492127762646,170.38388614505217,198.47128868482335,26.903540581126517,168.08447705354146,196.43919626059395,27.209157330605404,169.5984871702655,198.45378020974894,83623600,24000,64095000
2016-12-29,27.0262451171875,169.4281463623047,196.5093231201172,27.114225059099514,170.98947226359303,196.98230601407977,26.949840507243874,168.24531933441764,196.06260294583123,26.96141583921226,168.24531933441764,196.62318169972292,60158000,25700,48696100
2016-12-30,26.815555572509766,169.23890686035156,195.79104614257812,27.13506337026876,170.23247007105616,196.92972533052694,26.725259852134023,167.67756642860215,195.09031946035964,27.007724112352427,168.6900733545373,196.84212948328093,122345200,30400,108998300
2017-01-03,26.891958236694336,170.0432586669922,197.28884887695312,26.933633317415715,171.02737911787327,197.80562962417963,26.570134689174814,165.2173316934992,196.09761753107946,26.81092384818532,169.11592605808588,197.1136571830969,115127600,31500,91366500
2017-01-04,26.861860275268555,170.28927612304688,198.4625701904297,26.975310193147635,171.27338202025308,198.6114724468685,26.799348533235378,166.60831837983247,197.61294121261665,26.822500964861838,170.2230308678804,197.6216954517305,84472400,17500,78744400
2017-01-05,26.998464584350586,169.66470336914062,198.30490112304688,27.056346550826525,171.27334515967476,198.46257098448092,26.813241585060606,168.4440178510559,197.49907006808004,26.838709791623415,170.33654100199152,198.191042553109,88774400,20800,78379000
2017-01-06,27.299449920654297,167.6870574951172,199.01441955566406,27.35733188374643,169.94862258671148,199.4874024667513,26.96604924799006,166.55153180056539,197.8669725561565,27.037822316970757,169.267312945504,198.41879709013514,127007600,21700,71559900
2017-01-09,27.54949951171875,163.8641357421875,198.35748291015625,27.651372335168624,167.48831976120263,198.89178557754013,27.306396319055263,163.0408926892034,198.3224392201875,27.308710325830116,167.48831976120263,198.75163754816856,134247600,35300,46939700
2017-01-10,27.577287673950195,162.50157165527344,198.35748291015625,27.63979942828391,163.71278587834126,199.224620440733,27.389750644531393,161.00647594018386,197.9633149068922,27.498567271229515,163.1261080499588,198.37499138988892,97848400,27000,63771900
2017-01-11,27.725454330444336,161.735107421875,198.9180450439453,27.767129405522557,161.88651281478622,198.9180450439453,27.459197004467743,160.64691184280323,197.59541984578271,27.491610755482256,161.8108101183306,198.26987048619176,110354400,20900,74650000
2017-01-12,27.609695434570312,160.20216369628906,198.41879272460938,27.621272533352972,161.35660452172132,198.61149292698911,27.36890626451258,159.32213250498816,197.04362858790148,27.528661042343497,161.35660452172132,198.3925166393078,108344800,17000,72113200
2017-01-13,27.561079025268555,160.95912170410156,198.874267578125,27.695365619502052,160.99696581920455,199.18082636239498,27.50782683568715,158.78271689608295,198.55894118856742,27.577285906198973,159.63434665457348,198.59397151396183,104447600,24600,62717900
2017-01-17,27.783342361450195,157.75131225585938,198.1735076904297,27.83890855157624,160.8550498288521,198.63773627458397,27.371223065715455,157.12677599769626,197.7793531106147,27.399005277569813,160.06965079609714,198.22605985237172,137759200,23200,61240800
2017-01-18,27.78103256225586,158.97193908691406,198.61148071289062,27.899112287280314,159.20850447246005,198.65527864078382,27.716205032098973,156.70091716119452,197.8669560344596,27.78334833588081,158.0635216533431,198.42753476183964,94852000,18100,54793300
2017-01-19,27.732406616210938,157.46743774414062,197.87574768066406,27.804179687112324,158.96253319809188,198.8304811445787,27.63748111273659,157.3444190833618,197.43779507902403,27.644426665866742,158.18659155134847,198.69033310439323,102389200,14000,66608800
2017-01-20,27.783342361450195,157.68505859375,198.60272216796875,27.887529188738696,159.02874855590363,199.1019811124248,27.72083061836056,157.08890906647864,197.92827151573783,27.887529188738696,157.74183198895517,198.56767848031345,130391600,14900,129168600
2017-01-23,27.80186653137207,158.67861938476562,198.08590698242188,27.970880884103902,160.04123847944228,198.66400748009644,27.730091691856252,157.27815617692883,197.3151196841052,27.783343878179767,157.33492956607253,198.60270108108517,88200800,16600,75061600
2017-01-24,27.776395797729492,160.48602294921875,199.3560028076172,27.806493781615583,160.86452193117964,199.77643350639053,27.667577428146835,158.30961770591713,198.19104744006205,27.679154526943094,158.30961770591713,198.30490601280738,92844000,23600,95555300
2017-01-25,28.218608856201172,160.48605346679688,201.08152770996094,28.2695452570447,161.35789799002922,201.08152770996094,27.848164713362337,159.9648381376557,200.15305713492432,27.88057846545967,160.72296821094028,200.3194812320087,129510400,32100,84437700
2017-01-26,28.232507705688477,157.77569580078125,200.87130737304688,28.348271635245776,160.1353566140653,201.20415557000857,28.15378731505247,157.20709481968044,200.5910113408159,28.169994194533796,159.7089131083015,200.93261377681588,105350400,20900,59970700
2017-01-27,28.234817504882812,157.22605895996094,200.55593872070312,28.32742898801109,158.22110349060918,201.098995462053,28.15378311955199,156.62902934954712,200.37199281769077,28.278808356812597,157.5577308300942,200.95009323830377,82251600,14400,59711100
2017-01-30,28.160734176635742,155.8898468017578,199.3122100830078,28.160734176635742,156.7143051940778,199.88154305734884,27.936153626650455,154.44940161530218,198.31367879407424,27.99866537429224,156.4584477717102,199.85526697331778,121510000,16700,79737300
2017-01-31,28.095901489257812,160.002685546875,199.294677734375,28.105162814319765,160.4670434984238,199.35599750404964,27.9268871645243,153.81447562051147,198.2348400936468,28.049596630365183,155.5013068875988,198.8129272771119,196804000,26100,75880800
2017-02-01,29.809215545654297,159.41514587402344,199.37355041503906,30.212075342130802,160.93140556098317,200.22317958394814,29.406357515595392,158.77073044602213,198.7779412553212,29.410987296126315,160.9029624969895,199.2947221495329,447940000,27400,79117700
2017-02-02,29.758275985717773,160.4575958251953,199.50491333007812,29.957390089458432,160.9124680028217,199.79396362409568,29.584630088252137,159.8510803081924,198.67280613743753,29.63093672076009,159.96480919769334,199.37351954266026,134841600,14600,69657600
2017-02-03,29.885610580444336,162.20126342773438,200.88006591796875,29.911078781234114,162.5898069576552,201.06401186371954,29.672605416036237,160.62814654570656,200.1092785433125,29.707333174915902,160.62814654570656,200.4246049037062,98029200,18000,80563200
2017-02-06,30.165769577026367,162.324462890625,200.52093505859375,30.214391992151015,162.98783559175774,200.87130509490882,29.84394592623948,161.69901909774651,200.17933262646795,29.89719988871779,162.00226238215348,200.46838289445904,107383600,15300,57790100
2017-02-07,30.45285415649414,163.3195037841797,200.5297088623047,30.582509171609463,164.3998341693946,201.16036158191866,30.20280368469993,161.8411584633724,200.3370086776865,30.223640340807563,162.43818809682335,200.9151092315411,152735200,26000,57931200
2017-02-08,30.57093048095703,163.93548583984375,200.79248046875,30.612607323834816,174.35024583312324,200.92386088145537,30.381079513812065,162.76985521247195,199.97788181422519,30.411179259621907,174.35024583312324,200.52970627808875,92016400,18500,51566200
2017-02-09,30.791847229003906,167.16702270507812,201.9837188720703,30.798822896138315,169.13815493494977,202.29027763407362,30.48955530995483,163.81231659105154,200.79248741640512,30.612796826865644,164.78840409265294,200.79248741640512,113399600,31000,65955200
2017-02-10,30.72208023071289,167.73558044433594,202.7808074951172,30.912757885386398,168.1430667215053,203.00855140026638,30.705804860374457,165.67916291647612,202.00125240382394,30.80114368771121,168.01988093033407,202.3341006558096,80262000,10000,66015900
2017-02-13,30.994144439697266,167.26174926757812,203.8844451904297,31.117389487930094,167.65976415951565,204.14721940807107,30.868578900272723,165.19586038178957,203.25379241419114,30.945314776424482,167.26174926757812,203.2800684994301,92141600,22200,55182100
2017-02-14,31.396419525146484,165.1580047607422,204.6990203857422,31.412694893092908,167.1765230017335,204.70778799055387,30.98483757476123,165.08219030763945,203.35013240461902,31.035994813708587,167.1670371575154,203.70048910055326,132904800,13900,71109000
2017-02-15,31.51035499572754,165.3095703125,205.76760864257812,31.687081277816315,165.88764264325138,205.9603088189589,31.303402019189797,164.9589412538898,204.42747501199818,31.51268258248168,165.27165587041506,204.48002717551108,142492400,18300,86785800
2017-02-16,31.473155975341797,165.925537109375,205.59242248535156,31.60104552696399,165.95396570993225,205.97782282344681,31.354562579119957,164.98736437074115,204.83038941291295,31.54756424820466,164.98736437074115,205.7938768929015,90338400,10800,84722400
2017-02-17,31.559202194213867,167.79244995117188,205.91650390625,31.584780822804703,168.30419375551156,205.91650390625,31.415033677512138,166.34253327241686,204.90045089531415,31.415033677512138,166.34253327241686,204.91797273764055,88792800,19600,77204100
2017-02-21,31.78707504272461,171.61155700683594,207.14279174804688,31.79870233456129,171.78214313831697,207.31797008640237,31.619651975100044,168.54115124145852,206.28439516917905,31.677784886132148,168.54115124145852,206.29316277350966,98028800,32800,88946100
2017-02-22,31.88241195678711,171.1187744140625,206.95884704589844,31.884735995754582,171.66840385082997,207.1865775506006,31.649880326600684,169.46984272337838,206.56469244092332,31.72428860322177,171.27038884827735,206.7311165411963,83347600,19300,62115200
2017-02-23,31.747549057006836,171.37460327148438,207.0989532470703,31.96845343690857,171.7441896021114,207.50186200982455,31.69406776565524,168.04832629584132,206.32815267102166,31.945202398480458,171.45041770598797,207.48435353509464,83152800,18700,74615900
2017-02-24,31.777774810791016,168.03883361816406,207.3617706298828,31.777774810791016,170.64489482593862,207.4055551910865,31.456880011810657,167.20488940443684,206.19681528549995,31.603376080588863,170.3890229494318,206.24061321195433,87106400,16700,82381600
2017-02-27,31.84055519104004,167.16702270507812,207.68588256835938,31.95914859612991,168.94862604864286,207.8610609353609,31.689411047011244,165.8592632674714,207.02019942765241,31.889388395750785,168.43689660960146,207.27420605501675,81029600,30700,56515400
2017-02-28,31.85451316833496,163.0636444091797,207.12527465820312,31.959151705006942,167.44182310909522,207.5457053529554,31.787077000419742,162.5234719928916,206.73112004654467,31.875440166039052,167.44182310909522,207.300453000579,93931600,29100,96961900
2017-03-01,32.5056037902832,165.37588500976562,210.02452087402344,32.589315341655805,166.58888677242024,210.49751710595473,31.996362363264588,163.56586820556984,208.78949149262073,32.063794993020714,163.56586820556984,208.8070133366462,145658400,32600,149158200
2017-03-02,32.31260299682617,164.9115753173828,208.70191955566406,32.61954296162494,165.6033621375632,209.84059890037852,32.26609382348087,164.01130242096318,208.64936738618138,32.55443437672363,165.3001044048063,209.83183129529698,104844000,15200,70246000
2017-03-03,32.50327682495117,165.16741943359375,208.83331298828125,32.51490411818032,165.66969182045713,208.999737112178,32.22656356759547,163.25315937550388,208.22893627107834,32.27074515297519,164.88313340723028,208.61433669162818,84432400,18900,81974300
2017-03-06,32.400962829589844,164.33348083496094,208.2113800048828,32.50095329514616,165.98239753985206,208.57049089138442,32.22889166044683,164.09656618562622,207.59823582277153,32.40793849600635,164.7030671095182,208.02743407719956,87000000,19000,55391500
2017-03-07,32.44281768798828,165.41375732421875,207.5895233154297,32.54978026294627,166.74995898284183,208.263974032185,32.273067024180804,163.92592686884743,207.37930126513848,32.335851564878794,163.92592686884743,207.90484970824042,69785200,16000,65103700
2017-03-08,32.321895599365234,165.2242889404297,207.20408630371094,32.507921607409045,166.7784485247805,208.15006531503803,32.28004161033464,163.1773428166145,207.0639382949403,32.310268308584185,165.42328915628428,207.88729113990556,74828800,28300,78168800
2017-03-09,32.24748611450195,163.94496154785156,207.4668426513672,32.27306473681405,170.17108639258072,207.79969080228358,31.86846195425149,162.99730281058075,206.48583340476972,32.26144099334139,163.09207446835774,207.3266946546394,88623600,40700,90683900
2017-03-10,32.354461669921875,162.75088500976562,208.1938934326172,32.40561892947196,167.5934207913792,208.48294373065866,32.238195816063,162.3528701529357,207.2303924391456,32.38004029969692,165.11054555098025,208.43914580090964,78451200,21900,81991700
2017-03-13,32.368404388427734,162.2581329345703,208.29898071289062,32.421885673483814,164.24822210101314,208.34277863905277,32.28004477575927,161.98330379837938,207.79972177734405,32.28702044128175,161.98330379837938,208.1325566126249,69686800,23900,57256800
2017-03-14,32.31956481933594,176.73834228515625,207.5019073486328,32.47303296192242,178.52941659639714,207.7997252323366,32.28468295426836,169.15707291099406,206.88002222864284,32.39164903973191,170.0952602016912,207.7471597009177,61236400,255800,59880800
2017-03-15,32.661399841308594,179.1454315185547,209.2975616455078,32.72883246424,181.57145044127498,209.72676003940592,32.32887770906642,173.60163564742456,207.84355568928524,32.41724087883668,175.90443982617234,208.0800538545151,102767200,929500,96081800
2017-03-16,32.714874267578125,182.31063842773438,208.8858184814453,32.79161012814875,183.63735521006564,209.51647114409482,32.614883825688786,178.88010310177197,208.55298367328274,32.721849932343545,178.88010310177197,209.437642902576,76928000,104700,78344000
2017-03-17,32.552101135253906,183.8742218017578,208.5189666748047,32.78695678238923,185.4947245887818,209.34590140358696,32.52884655515503,182.02629017453722,208.5189666748047,32.78695678238923,182.02629017453722,209.15236291713182,175540000,120600,89002100
2017-03-20,32.893924713134766,185.01141357421875,208.29026794433594,32.90322441680115,185.45681434319306,208.80929693064283,32.60790826424229,182.5569808839987,207.8943986060238,32.6474382140886,184.10166927257444,208.51898916964197,86168000,44900,52537000
2017-03-21,32.51721954345703,184.79345703125,205.61593627929688,33.205514671357044,187.63643329326925,209.02923731609545,32.491640924389614,184.3196276542468,205.4839843004085,33.045067292493314,185.38100083149396,208.90607766133445,158119600,84000,131809300
2017-03-22,32.88461685180664,185.58006286621094,206.09976196289062,32.9264743828155,186.40452156524236,206.39006971080795,32.498613562965915,183.5520731937846,205.01771557403103,32.519544102545574,183.5520731937846,205.65111185614256,103440800,64500,97569200
2017-03-23,32.76835632324219,188.12925720214844,205.8798828125,32.92182804801979,190.08143230891798,207.0323083359573,32.69627208685753,184.84087951681718,205.50161147052748,32.84741622455755,184.84087951681718,206.09981175738568,81385200,71800,100410300
2017-03-24,32.7032585144043,186.95408630371094,205.73025512695312,32.95904480654603,188.48928859904896,206.7683129119648,32.63582588183177,186.82141467893015,204.93851659341513,32.90323592058269,188.3850455752839,206.18771091828677,89582400,32900,112504900
2017-03-27,32.759063720703125,188.94424438476562,205.51919555664062,32.838123639156635,190.24253250738832,205.78311297445788,32.23353986099638,185.74115253523343,203.7509716770409,32.41259024538375,185.93068143150913,204.03247374555446,94300400,45000,87454500
2017-03-28,33.438053131103516,191.4270782470703,207.0147247314453,33.49385845820834,191.83456459158737,207.44577687462532,32.698600613600995,187.68382886644235,205.09693734218328,32.76603678138801,188.7831165485884,205.211304689589,133499200,48600,93483900
2017-03-29,33.51245880126953,191.67343139648438,207.208251953125,33.59849792076072,192.27993234791907,207.44577897575908,33.29620607931198,189.83498578066158,206.4956843086205,33.410144312026766,191.04798768353098,206.72441900574876,116760000,39700,61950400
2017-03-30,33.468284606933594,193.0854949951172,207.8679962158203,33.60082937401326,193.55932443068804,208.070340471583,33.36829768284362,190.47943309947757,206.97069595572265,33.528745117454996,192.31789362311272,207.1466363935813,84829200,38000,56737900
2017-03-31,33.405494689941406,195.23667907714844,207.38414001464844,33.54733912562643,196.5444384488983,208.06151129529727,33.254347002127254,192.69694585612618,207.33134580818037,33.419446019984015,192.90543195860286,207.5248842950496,78646800,53900,73733100
2017-04-03,33.414794921875,188.87782287597656,207.02345275878906,33.51245778186744,195.31243251414634,207.63925093164485,33.26365077982384,188.65986545878485,205.77425834431205,33.4171225090196,195.31243251414634,207.43692012271939,79942800,48000,85546500
2017-04-04,33.66360855102539,191.4459991455078,207.1554412841797,33.69151121410352,192.04301424535805,207.24341822014352,33.2915564852768,188.8873237543871,206.3461044822162,33.310159443379376,188.8873237543871,206.7331815230239,79565600,40300,56466200
2017-04-05,33.48920440673828,189.21900939941406,206.5395965576172,33.82405050225168,191.85349940779804,208.83565446663818,33.44037120607971,189.200052176729,206.32846001282013,33.535710020414946,191.85349940779804,207.84157169205042,110871600,32600,108800600
2017-04-06,33.405494689941406,188.2713623046875,207.12020874023438,33.6054720329047,189.34222132043652,207.64802995886063,33.35666148664118,187.73120433594352,206.23168754028242,33.55198720353991,189.34222132043652,206.6803510130162,84596000,25100,69135800
2017-04-07,33.33108139038086,188.78309631347656,206.90911865234375,33.52640709863507,189.87289803629739,207.61289385857737,33.314806022101806,188.03443784152202,206.4164800349989,33.421768579795376,188.07235228725665,206.86513018506747,66688800,51800,74412300
2017-04-10,33.291568756103516,193.64456176757812,207.0323028564453,33.45666785252253,194.93337808799976,207.8416397413962,33.22878419288471,189.0199974673432,206.49567570819127,33.391559249241084,189.0199974673432,207.0499009301217,75733600,35300,67615300
2017-04-11,32.9334602355957,193.23707580566406,206.78594970703125,33.3334149757941,193.8814767368463,206.8915112850349,32.56838382523665,192.1188310966811,205.27283777980216,33.23807614336448,193.8814767368463,206.6451919874297,121517600,23000,88045300
2017-04-12,32.972991943359375,191.91030883789062,205.8798828125,33.05437590002408,193.33179652277187,206.6980254676414,32.78928993471142,190.39406398342294,205.65116154224202,32.92648631838644,193.104367747668,206.50448692227022,81400000,19600,81864400
2017-04-13,32.7985954284668,191.59762573242188,204.5426788330078,33.10786300047724,194.06154409412767,206.28452546683255,32.7985954284668,191.0764250244784,204.5426788330078,32.99857282284378,191.20909666179338,205.53676180271023,71291600,23800,92880400
2017-04-17,32.97996520996094,196.591796875,206.35491943359375,32.99159250239607,196.69603991170516,206.35491943359375,32.756733258921535,192.37471849942662,204.8681977439067,32.89857771106653,192.64953316339964,205.07052859757292,66328400,19600,68405400
2017-04-18,32.83346939086914,196.5349578857422,205.73907470703125,33.02879513197864,198.93253349210437,206.28450748475143,32.81254239321131,194.27952531528064,205.04410531759635,32.882302600222275,196.54442926809367,205.60712274175697,58790000,27800,83225800
2017-04-19,32.712547302246094,197.3309783935547,205.36080932617188,33.019490750361946,198.3828801894166,206.68917503367197,32.65906602197779,196.32646242744104,205.1320746819677,32.991588090769966,197.59632168799507,206.31090377347985,69313600,18700,68699900
2017-04-20,33.12181854248047,198.8377685546875,207.0323028564453,33.2334327738496,199.24525488183784,207.48096648311173,32.824178226727824,196.6391932840968,205.65994842442436,32.838129562129915,197.8901097918726,205.9854389587532,93278400,37300,92572200
2017-04-21,33.08229064941406,194.17526245117188,206.3724822998047,33.17762596335386,198.59135547736614,207.0058786146304,32.984627747326414,192.77273161963512,205.9678206351852,33.12182061824816,198.34496942024288,206.95309782562742,69283600,34200,110389800
2017-04-24,33.40085220336914,198.15541076660156,208.64218139648438,33.47293646041447,199.85171322728877,208.8533180074701,33.29388606352145,195.236620665312,206.34612276767754,33.368297908311504,195.236620665312,208.65097372150157,68537200,31400,119209900
2017-04-25,33.60780334472656,196.4401397705078,209.85618591308594,33.69383893070851,203.47177912625423,210.2080668287467,33.454331584743755,194.9807519265611,209.20519145337744,33.46363483888614,199.6527017633352,209.29316839399087,75486000,77900,76698300
2017-04-26,33.41013717651367,197.6831512451172,209.72422790527344,33.62406936186811,199.419448349721,210.71831099103034,33.3403805379747,195.1972770322764,209.68025285681094,33.593839119734234,195.55782687879562,209.8209971740055,80164800,34000,84702500
2017-04-27,33.43572998046875,199.17269897460938,209.90016174316406,33.521769118091534,200.39666279813045,210.20805416997675,33.324115763296916,197.78745487626603,209.35472890632053,33.46596023542962,197.9392523342114,210.04971179448376,56985200,37400,57410300
2017-04-28,33.403175354003906,201.01336669921875,209.44271850585938,33.554323079154194,202.46503386048624,210.19046880767158,33.314815725857294,196.86710299472367,209.31075309490674,33.50548986379131,199.35296175864383,210.16407841016036,83441600,30400,63532800
2017-05-01,34.08448791503906,198.91653442382812,209.97056579589844,34.22865639515354,203.55618031098126,210.40163138078185,33.707787796984476,197.52179291686946,209.5483059602033,33.74034208437004,202.4365997693868,209.97056579589844,134411600,38600,66882500
2017-05-02,34.300750732421875,196.40223693847656,210.0496826171875,34.435619547907,202.71177160947533,210.23441536293538,34.14495491491808,196.3073508397424,209.63621524075052,34.30772639976143,199.82741662554088,210.11125572463885,181408800,60400,57375700
2017-05-03,34.196109771728516,193.73605346679688,209.79461669921875,34.29610024349105,199.97917786716334,210.1465110673428,33.547347917663004,193.08137719331543,209.10843946062386,33.85428790349606,196.1175433740575,210.0497417940334,182788000,51600,73137700
2017-05-04,34.072872161865234,194.6468963623047,210.0408935546875,34.21471665096862,195.3395328576821,210.18165127346234,33.905449042000505,192.8441767617152,209.17877601813265,34.070548122033266,194.21993798085796,210.1024800904246,93487600,41200,61462700
2017-05-05,34.63791275024414,195.20672607421875,210.86781311035156,34.642560828119564,195.81395938911686,210.88541117977337,34.126340331863425,192.9201074674992,209.97049949735433,34.126340331863425,194.86515642973956,210.41916301554988,109310800,31200,62001300
2017-05-08,35.57965850830078,194.50465393066406,210.83265686035156,35.740105878515095,195.7760467305166,211.06137809797033,34.6541837423762,192.94861727832227,210.4015913574669,34.6541837423762,195.20677350312585,210.91182804759703,195009600,37800,48385700
2017-05-09,35.80756378173828,192.74937438964844,210.63906860351562,36.014516887613446,195.14984545323375,211.2988551882209,35.681994655657356,191.70569950150926,210.2871743709707,35.7796575603021,194.24848526151717,211.09652439412784,156521600,45800,51363200
2017-05-10,35.63779830932617,194.0966339111328,211.0174102783203,35.79592167151824,198.2998241923814,211.0174102783203,35.37038833928315,185.91794232217273,210.3840138715885,35.723837429931926,191.66768610435167,210.5951504816314,103222800,91300,54293800
2017-05-11,35.94600296020508,193.24270629882812,210.58631896972656,35.97402435296652,195.92782054039654,210.7534670769822,35.563077178564065,192.36032645338332,209.4866744992495,35.595765834455506,194.59000482867225,210.55992857630667,109020400,51000,62358300
2017-05-12,36.448020935058594,189.6941680908203,210.23440551757812,36.52273635494205,194.06815029816696,210.63027480617868,36.1141262707499,187.9673542388164,209.96169586150648,36.12113073002656,194.06815029816696,210.33117475909322,130108000,39800,53912700
2017-05-15,36.354618072509766,189.09645080566406,211.39564514160156,36.57643423757286,192.0851746228434,211.51880477921415,36.2028500550447,188.90669309113588,210.64788156962905,36.42699985200224,189.61829537880578,210.66547963882908,104038800,53600,61918900
2017-05-16,36.3009147644043,189.8649444580078,211.20211791992188,36.43867386008137,191.65818131796865,211.72114689016982,36.125796182944626,188.9446045083238,210.80624859385807,36.41065602714276,189.75109274549695,211.69475649665853,80194000,64400,51241800
2017-05-17,35.08209991455078,189.58984375,207.4545440673828,36.09078496333503,191.3166578760309,211.20212777825162,34.95601606485163,187.4170765279798,207.39295753071883,35.86429791014406,188.07175298808556,211.20212777825162,203070800,68300,172174100
2017-05-18,35.616783142089844,191.24073791503906,208.29026794433594,35.80357700902034,193.0909009425788,209.15238548029933,35.28756291523615,189.41903782041643,207.111438829649,35.32025157473924,189.9219022720661,207.37535619632203,134272800,70300,107047700
2017-05-19,35.738197326660156,193.9542999267578,209.64500427246094,35.95300901244597,194.9790088639368,210.32238898415434,35.637797722967456,190.6334895568124,208.73010603424902,35.81291629360989,191.55382958897545,208.7828868179198,107843200,45500,115011400
2017-05-22,35.95535659790039,203.44232177734375,210.70944213867188,36.09311572487993,204.98887518047593,210.87659021699335,35.70318535576299,194.9410556627437,210.0936440264812,35.957690230243315,194.95053848007925,210.16400944782404,91865600,66100,61010600
2017-05-23,35.91098403930664,204.09698486328125,211.1757354736328,36.167822484589806,206.55438080893947,211.3428835877576,35.796571951562626,202.09501023908652,210.7006815257629,36.167822484589806,204.76114397324525,211.08775854302135,79675600,42800,48341700
2017-05-24,35.8035774230957,213.71788024902344,211.6684112548828,35.9973757505327,215.59650617484706,211.77397285144568,35.64713858203621,204.6093654662441,211.07019755309946,35.92032314592786,204.7991376523069,211.41329958872345,76712000,104400,46927700
2017-05-25,35.927337646484375,211.6400146484375,212.68006896972656,36.039416136944446,218.07289843159927,212.96158444512395,35.731205632375826,208.30022372249837,211.9763071280265,35.89464897746628,214.9513426399226,212.18743031117782,76942400,71300,64071700
2017-05-26,35.86662673950195,214.11636352539062,212.6360321044922,36.01372751344972,216.99123535316335,212.80316676809863,35.79657858225077,210.82401607630973,212.40729749138052,35.95768827508931,212.9113797052664,212.48646866204558,87710400,46400,46629900
2017-05-30,35.88063049316406,215.76730346679688,212.4513397216797,36.05808271156414,216.8014953089675,212.70645136618987,35.80124425567956,212.10492314199274,212.1522396078688,35.822257630990734,214.44846781623087,212.3105819892759,80507600,67300,35201900
2017-05-31,35.66815185546875,216.0803985595703,212.39857482910156,35.99737564798881,216.516839828341,212.7856519104924,35.57942752907082,213.6135049899123,211.69479953779071,35.95067807154832,216.516839828341,212.7504557630584,97804800,84100,91796000
2017-06-01,35.766212463378906,219.37274169921875,214.0876007080078,35.801238312546545,219.60994244240575,214.10519877952464,35.54206270500918,213.7463325424788,212.57448871905464,35.763878831886196,216.78249915975573,212.86479649380217,65616400,57100,68962000
2017-06-02,36.29624938964844,219.88510131835938,214.8001251220703,36.29624938964844,223.70877635567786,214.9584808871464,35.69851177853386,219.38223687268817,213.84123847949638,35.85962146772277,220.86236727712304,214.14033851827108,111082800,47300,88666100
2017-06-05,35.941341400146484,214.34413146972656,214.64183044433594,36.06275796595779,221.01421671674993,214.91454015338877,35.8316036835599,214.34413146972656,214.43948617606156,36.03707376093612,221.01421671674993,214.62423237244343,101326800,53000,44698800
2017-06-06,36.06276321411133,214.81849670410156,213.9556427001953,36.380311812047466,217.80722044653712,214.6330140654536,35.90632432904835,212.5603408682083,213.8764580922991,35.934342170314046,214.4200011702825,214.06999660334293,106499600,44000,50375400
2017-06-07,36.27756118774414,218.3290557861328,214.35154724121094,36.419991098036014,218.62318239551206,214.58026850845584,36.06975396415072,213.71787269298758,213.6213815430017,36.19584132751539,215.0556883784719,214.29876644287728,84278400,30100,54144300
2017-06-08,36.18885040283203,217.13357543945312,214.45706176757812,36.317267883041794,219.26838221991605,214.9409080184347,36.05108770426164,214.45794399203209,213.92043472997256,36.24955691280024,218.43343093517444,214.44826944425142,85003200,30800,65950700
2017-06-09,34.78554916381836,215.43521118164062,214.131591796875,36.235532383363704,220.4828501920532,215.53912879735637,34.09441658737897,213.48067927887874,212.8472010283325,36.235532383363704,217.380260266143,214.72979200181555,259530800,28400,132256400
2017-06-12,33.95432662963867,216.93431091308594,214.0876007080078,34.11076547543758,218.1203146279444,214.14038149916274,33.27486564709957,212.53186570263475,213.2254831312214,34.02904560465734,214.922853245513,213.8852698674488,289229200,26600,86108100
2017-06-13,34.22750473022461,219.82815551757812,215.1344451904297,34.42830748412437,219.82815551757812,215.1872259768528,33.89127653180677,216.27014449205106,214.28112001420453,34.360596543263405,217.816697917307,214.6330008726215,136661600,39900,60067000
2017-06-14,33.89362335205078,224.12628173828125,214.8617706298828,34.43999254825345,224.41092557941727,215.41598240130335,33.58541289503564,219.8756476707681,214.02602996360423,34.43999254825345,220.12233127837283,215.40719007659385,126124800,25900,78602300
2017-06-15,33.69047927856445,226.64059448242188,214.44830322265625,33.73484322348737,228.1397051350506,214.57146288560133,33.20482020466288,219.65740300664558,213.20790084509744,33.463995853026,222.00094784892613,213.48940289323053,128661600,37700,66464900
2017-06-16,33.218833923339844,222.17172241210938,214.4951629638672,33.73951892719358,225.11300313752525,214.66312622110212,33.202487809564616,219.439165035261,213.60232197770935,33.57140477623499,225.01813152046464,214.61008803226113,201444400,59700,84553100
2017-06-19,34.169132232666016,223.81314086914062,216.28079223632812,34.262530934749186,225.67280113405334,216.34266560808814,33.543376961291614,222.68406297375626,215.23765871587545,33.543376961291614,222.68406297375626,215.3348998619443,130165600,21600,65123800
2017-06-20,33.85859680175781,223.3292694091797,214.82223510742188,34.29289107872193,223.68980472805043,215.9272423085834,33.84225425150281,220.9287988200666,214.80456470418065,34.29289107872193,223.60441592707465,215.9184071069628,99600400,31800,56906400
2017-06-21,34.05939483642578,222.7694091796875,214.7692108154297,34.106095974147145,224.39186838252607,215.33497399947464,33.76519690788279,220.7010259679379,214.29185360874044,33.97767497100658,222.9212211064899,215.22006241554217,85063200,19100,55977600
2017-06-22,34.003353118896484,221.1185760498047,214.67193603515625,34.25318705981066,223.05412809732243,215.2819021124064,33.88427022681949,221.10907875268987,214.49513759697587,34.03604177180477,222.80744449131723,214.77802588914946,76425200,19800,44148100
2017-06-23,34.1551399230957,223.5948944091797,214.9282989501953,34.36061360477666,223.66130308369395,215.26421192625702,33.88195526693239,219.7807027056349,214.34485198129306,33.886626095006385,221.19442423553352,214.7338166272279,141757600,32800,66986800
2017-06-26,34.0477294921875,221.84913635253906,215.06971740722656,34.62211654066272,225.41663061266536,216.0332937668707,33.94499267043167,220.70107829059575,214.8575646951879,34.362940854068604,223.71826504378598,215.60896136508327,102769600,39500,56700500
2017-06-27,33.55973434448242,215.7293243408203,213.33709716796875,34.127120576746385,220.93825780214732,215.1493115504708,33.534050135403845,215.7293243408203,213.31941327709154,33.85860319768892,220.81490878454412,214.84873936098452,99047600,31000,82247700
2017-06-28,34.05006790161133,221.17547607421875,215.24656677246094,34.11544524048342,222.90229006962326,215.44988431982742,33.42664598699673,216.39351514782084,214.13271088502424,33.73719012803806,216.39351514782084,214.3713962164546,88329600,26000,70042600
2017-06-29,33.54804992675781,218.93629455566406,213.3547821044922,33.88661538051352,222.21915934037392,215.44987130701483,33.22116332089337,218.11084056979817,212.12601471520685,33.788549398754185,221.5644829470658,215.3968331229798,125997600,18200,106949700
2017-06-30,33.627437591552734,217.1525421142578,213.7525634765625,33.84692011131781,222.53225348943928,214.5570118350983,33.57139836433722,216.74456376572593,213.55808115935923,33.7278371988344,220.13178301191346,214.17688240098084,92096400,19200,86820700
2017-07-03,33.50602340698242,212.778564453125,214.11505126953125,33.92630873370602,218.1867533610242,215.1493364393629,33.41262825117576,212.06696217341042,214.11505126953125,33.82824275126999,217.35180205333174,214.70733353829684,57111200,12500,39153800
2017-07-05,33.64377975463867,213.3668212890625,214.61009216308594,33.80722304531899,213.7937797395759,214.82224492253332,33.323897631250304,210.112419500976,213.66419948102276,33.5503846064775,212.7785535897742,214.4863318904556,86278400,29400,54427600
2017-07-06,33.32623291015625,213.044189453125,212.6475830078125,33.506022320189125,214.56227983183612,213.95590772338258,33.25151750049374,209.50515881182386,212.4619358677056,33.393947424297004,211.37430161860902,213.832147459597,96515200,25100,65400800
2017-07-07,33.664794921875,215.34033203125,214.026611328125,33.79788675603081,217.94004294673547,214.17689067197543,33.365926156482715,213.5945235343817,212.6563998544987,33.365926156482715,214.00251634662717,213.23101162800955,76806800,23900,57972300
2017-07-10,33.870277404785156,214.96078491210938,214.25643920898438,34.07808470331558,217.73128767121216,214.63656864228366,33.47567618826388,213.68939248769064,213.71719523769147,33.648461185895,217.24740339917972,214.026602602264,84362400,49100,36663300
2017-07-11,33.980018615722656,215.8432159423828,214.09732055664062,34.054737607857135,218.00648578714498,214.41556311536752,33.71150480868437,214.39154840122887,212.91275627815642,33.793224698184105,214.39154840122887,214.25643509157652,79127200,43800,50354600
2017-07-12,34.0290412902832,220.41644287109375,215.70626831054688,34.131774523713595,220.41644287109375,215.87423158470895,33.81422960853468,216.80150542527429,215.07863169419923,34.059392752589204,216.97228303172898,215.07863169419923,99538000,32800,59610400
2017-07-13,34.50303649902344,218.07289123535156,216.06866455078125,34.67115064721996,220.3215643261185,216.18358960447904,33.95900093094263,214.20177302389976,215.485217570424,33.97300984949281,220.3215643261185,215.71506767781955,100797600,28900,39471600
2017-07-14,34.799560546875,223.49053955078125,217.07644653320312,34.867275055548824,223.91749798617025,217.43889212255473,34.400292203770704,217.73129864909993,215.97143936239243,34.54972657382784,217.73129864909993,216.06868053297805,80528400,34000,60262700
2017-07-17,34.92099380493164,224.69554138183594,217.04991149902344,35.233871610347336,227.23832656281772,217.3858379707121,34.689839462822164,220.61568544155844,216.87311306245007,34.74821234724142,222.96871291132427,216.99687331693704,95174000,51100,33531900
2017-07-18,35.04240798950195,222.1622314453125,217.1648406982422,35.054083278141604,226.71648904394505,217.21787888134102,34.71318408897223,222.13376851162488,216.28967021054214,34.83693431039723,224.5342391031851,216.63443188954102,71475200,41000,42742500
2017-07-19,35.261878967285156,224.29701232910156,218.34059143066406,35.35527412002292,226.6026110335533,218.3494266324337,35.012041411376735,222.16220568455714,217.47425605836352,35.135791592012794,222.16220568455714,217.48310474899083,83692000,37600,51034300
2017-07-20,35.10310745239258,229.4205780029297,218.4378204345703,35.4299976546608,230.30295788102487,218.72069525287176,35.06808515630538,224.31601301411442,217.88089251038787,35.373958418124126,225.84358648785363,218.5969349907042,68974800,36300,47135200
2017-07-21,35.08676528930664,228.5286407470703,218.24331665039062,35.12645841290954,232.1435770632237,218.26983574047378,34.762212278391395,227.57035514039285,217.62450191150248,35.02138796069042,230.76781591222522,217.85435201069714,105010400,29700,82340800
2017-07-24,35.5117073059082,226.12820434570312,218.19027709960938,35.59343072363855,229.47747753486195,218.3317077495458,35.00036055351784,225.3406961754431,217.71290650340043,35.159136563246356,229.47747753486195,218.16374452083733,85972800,33800,46622300
2017-07-25,35.66348648071289,225.90048217773438,218.72071838378906,35.92032494613752,227.42805544741813,219.05664491185146,35.444003940741204,224.8662904767441,218.4908817265591,35.444003940741204,227.21931764826257,218.95055504101904,75415600,15300,54915600
2017-07-26,35.83159255981445,229.7282257080078,218.72955322265625,35.9413302423335,230.0321688026059,219.0477958569082,35.73819386018663,226.68886722604918,218.46436226816155,35.80590836276631,227.37272469609044,219.01244155926167,63124000,22300,47575400
2017-07-27,35.15446853637695,231.7892608642578,218.52621459960938,35.955345980390256,237.01316255998802,219.2334218841037,34.39328777005338,230.3550676161117,217.1825221079559,35.89930675553101,230.3550676161117,219.19806758986465,129905200,36500,70766600
2017-07-28,34.906986236572266,228.4649658203125,218.26986694335938,35.07743406810379,233.17598185083267,218.4024624127303,34.83460442713278,227.53416555156082,217.58034352491538,34.998047797286176,231.3808598004101,218.04001681130637,68854800,21200,50088400
2017-07-31,34.72718048095703,228.03759765625,218.1460723876953,35.10076820585153,232.2642069658135,218.77370882920994,34.587087756219034,227.18278300678517,217.93390618119233,35.00036503513254,229.4433128254574,218.67646767066967,79383600,23700,65838700
2017-08-01,35.035404205322266,228.02801513671875,218.63226318359375,35.075097337225166,230.16506541222927,218.79137771091519,34.65247824501425,227.7810723222899,218.1018544481467,34.81358796807763,229.7756438837532,218.7560234233508,141474400,21800,55050400
2017-08-02,36.69084930419922,226.52740478515625,218.73834228515625,37.30026218093482,228.873413029777,218.87978641490096,36.46202866211219,224.50432521164169,217.79244984244983,37.19052090545698,227.99959836471083,218.76486137337656,279747200,21500,47211200
2017-08-03,36.32427215576172,226.43238830566406,218.31405639648438,36.7071980499588,229.4717608945744,218.6499693943539,36.19585112601327,225.57757382303464,218.0311680942188,36.669838557159736,229.4717608945744,218.6234503021236,108389200,17100,40856000
2017-08-04,36.51573944091797,226.81227111816406,218.7118682861328,36.751564598487604,228.0755070144695,219.0477813024594,36.352296086028225,225.10262800689355,218.32290359357395,36.441024005596056,227.87604261282144,218.80910945927255,82239600,13300,60191800
2017-08-07,37.08077621459961,230.34556579589844,219.1184844970703,37.10646041634145,230.77297301931586,219.1184844970703,36.58110465936483,227.09725060800324,218.67648165523084,36.672166181395575,227.09725060800324,218.78257150969458,87481200,15700,31995000
2017-08-08,37.37731170654297,230.2790985107422,218.57919311523438,37.78592174363856,232.51113519386843,220.03781027047518,36.95469275250872,228.2370334972635,218.1990772282904,37.03174535846808,230.02264835096088,218.8001944882539,144823600,28700,61719400
2017-08-09,37.60612869262695,196.45669555664062,218.57041931152344,37.65516345996657,229.79469272934412,218.62345749772973,37.15082112217237,190.05505064766334,217.51845032224173,37.18584341113178,229.79469272934412,217.88089591312752,104526000,147700,62632600
2017-08-10,36.408302307128906,200.3793487548828,215.48519897460938,37.50533153775027,201.4906132464273,217.85434098334133,36.24655999258641,197.56793379444824,215.43216079712778,37.48188927482432,197.56793379444824,217.72173205078244,163217200,61900,120479500
2017-08-11,36.91462326049805,198.32777404785156,215.80340576171875,37.17013106169599,202.04149624454618,216.4045364808752,36.584110229495096,198.3182812634224,215.47632806222126,36.7083463597787,200.483824522925,215.7150133101843,105028400,31800,74869900
2017-08-14,37.470191955566406,199.97093200683594,217.9427490234375,37.55457914017032,201.10119658785078,218.16375043797322,37.2123412312797,198.51773882918863,217.06759205474387,37.34595576389802,200.20838206191297,217.10294634597298,88490800,35900,73291900
2017-08-15,37.88039779663086,201.54759216308594,217.91619873046875,38.02104068656998,201.8705207409918,218.34936629692373,37.538159968548015,198.08082735711935,217.60680488773284,37.66005333459251,200.8732421617414,218.3316824094133,117862000,28800,55242700
2017-08-16,37.728023529052734,202.64939880371094,218.2963409423828,38.09369998578989,202.89634167187668,218.85326877640776,37.54049613214487,201.54762694364297,217.86317335049068,37.960089085114824,201.54762694364297,218.4466202729116,110686400,27900,56715500
2017-08-17,37.00370407104492,197.76747131347656,214.89292907714844,37.67176933170253,204.9384683512324,217.99579752499736,36.99901490231669,195.8108845029559,214.89292907714844,37.62723117075365,202.63044548275556,217.67755495313736,111762400,36200,128490400
2017-08-18,36.9193229675293,194.39564514160156,214.55702209472656,37.388139767116975,197.66296081985672,215.86534670940986,36.73648470183317,191.42276526700243,214.10617057017143,37.003710134526614,195.86783865268563,214.72497184138274,109712400,29400,136748000
2017-08-21,36.85134506225586,194.88003540039062,214.7249755859375,37.01074105274538,197.34952219043555,214.99017998932607,36.359086005907436,193.75927790630192,213.7790965167744,36.91932192248505,194.5855996008522,214.49513896372412,105474000,25900,65469700
2017-08-22,37.45376968383789,199.52450561523438,216.97036743164062,37.50533981222273,201.1106699767317,217.12948198758423,37.04121223354709,194.35759096857547,215.29959714994828,37.090435989049396,195.31688381202991,215.31728104133876,86418400,28200,63140100
2017-08-23,37.500648498535156,198.25181579589844,216.19241333007812,37.61550988278467,200.31288074139263,216.62558094199207,37.242801448145485,196.8176225369055,215.83881647588476,37.287339608911374,198.79320893227754,215.9890958133597,77596400,26600,50203800
2017-08-24,37.334228515625,197.7389678955078,215.6885528564453,37.678809164961166,198.97371144083223,216.74050829542995,37.16545417404041,195.71588819811325,215.47638663515474,37.60613955325485,198.25185378732894,216.58139374610425,79275600,34900,50741700
2017-08-25,37.4725341796875,192.467529296875,216.19241333007812,37.636619375912524,199.45805997869763,217.12062193340492,37.33423405549705,192.3345578366013,216.04213399260317,37.42330683242548,198.48925962938793,216.49297200502804,101920400,29000,64445900
2017-08-28,37.84992599487305,195.62086486816406,216.20127868652344,37.974162165196354,195.84880765160733,216.75819310036874,37.488935042893715,192.00211376018484,215.77694624215243,37.53816238245034,192.00211376018484,216.7316740087026,103864000,22800,40565600
2017-08-29,38.18745803833008,199.0591583251953,216.4487762451172,38.236681779653146,199.4485799454677,216.71396713365286,37.50532900855807,195.3169426417649,214.751473625359,37.52877126990318,195.3169426417649,214.86639866962778,118067600,34600,51135700
2017-08-30,38.29060745239258,201.04420471191406,217.47421264648438,38.4171863943801,202.2599477971035,217.74826571292908,38.117143976465904,199.2965758385543,216.24544540290603,38.396090500180144,199.2965758385543,216.43109251387116,109078400,32600,62030800
2017-08-31,38.442962646484375,202.8678436279297,218.7825927734375,38.56485596857113,206.53407338424154,219.03011330981593,38.32106932439762,201.67110046126717,217.50962230700128,38.358575512237685,201.67110046126717,218.10190455396804,107140400,40300,103803900
2017-09-01,38.45469284057617,202.25997924804688,219.0919647216797,38.66331614152444,206.19215207095016,219.52513236131833,38.3562417568825,198.1758348926635,218.94168537458617,38.63049911362655,203.07680811912354,219.16268679481598,66364400,27800,62007000
2017-09-05,37.99291229248047,200.17041015625,217.5183868408203,38.50157806972743,202.29796801304195,218.8090407802179,37.63661053806663,198.93566688661898,216.5371402158036,38.38437387469021,202.29796801304195,218.5791907219282,117874000,22200,91398800
2017-09-06,37.953067779541016,201.8325653076172,218.26100158691406,38.206229299947054,202.3739584393405,218.5969280688132,37.62724022191251,199.1921216126641,217.66871938751993,38.140595229114595,200.00895045667997,218.20796340321556,86606800,23600,57916900
2017-09-07,37.80069351196289,201.8040771484375,218.23446655273438,38.03041629625193,202.22199161222485,218.5880768996535,37.58972740379897,200.24640518792285,217.8189828256391,37.995252893699295,202.22199161222485,218.57039301009365,87714000,23600,58034700
2017-09-08,37.184200286865234,201.63308715820312,217.97811889648438,37.77490679459244,201.83255158601494,218.44664082069022,37.160758019522554,199.71450110264965,217.73059838893624,37.706929942159164,199.71450110264965,217.94275111605978,114446000,15500,63832800
2017-09-11,37.85694885253906,204.26406860351562,220.3030548095703,37.98587416151204,205.80274059045448,220.38261208104754,37.47955126270231,202.14601780166214,219.25108592385197,37.62254050051096,203.20029680936568,219.26875632494304,126323200,29600,71364800
2017-09-12,37.706939697265625,202.20298767089844,221.045654296875,38.4336072514301,205.6317673740297,221.08100859398684,37.21702694343416,201.31017305952537,220.48872632314212,38.11715444437392,205.59378173841498,220.67437347733912,286856000,19300,56896000
2017-09-13,37.42329788208008,200.5788116455078,221.1517333984375,37.4959674871895,203.85563413177067,221.18710118484267,37.01542957426701,199.6860115764178,220.63900840642873,37.47486801381545,201.9465263366781,220.75393347895812,179629600,21600,59228000
2017-09-14,37.10214614868164,198.49876403808594,221.0809783935547,37.36468230513968,200.39836458185047,221.28430941296094,37.057607998542466,196.96007774253127,220.64782424102893,37.26857761865642,200.39836458185047,220.82462268015308,95042800,32800,95446300
2017-09-15,37.47721862792969,198.40380859375,221.3785858154297,37.732722942485545,199.41059471725794,221.46741695465352,37.03652966206192,196.428221986593,220.82778666253142,37.146701903528864,197.60597972147627,220.93438945191892,196458400,74700,95432400
2017-09-18,37.193572998046875,200.30335998535156,221.84942626953125,37.62254071390592,201.32914592198523,222.20477792743847,37.03651983051175,197.9478595898227,221.4585313123552,37.53112159916794,197.9478595898227,221.75170253023725,113077600,41200,46235200
2017-09-19,37.2076416015625,200.77830505371094,222.07151794433594,37.4514283226838,203.8556635529799,222.16036263411056,37.13966474433502,198.7837184257545,221.74281699260342,37.39047985400944,200.57884059379376,222.09816864010904,83242400,33300,47108100
2017-09-20,36.584110260009766,199.0591583251953,222.1514892578125,37.0974615049446,201.4906448929787,222.2669846533558,36.059034306276374,197.55847203884082,221.13872206339525,37.013074361965785,200.1894230561891,222.16038186103742,211805600,31400,59574100
2017-09-21,35.95589828491211,198.28982543945312,221.5562744140625,36.52082329231724,199.27761143813686,222.08042289981134,35.805877077218184,197.37801071598838,221.3785985695813,36.52082329231724,198.4607825479009,221.99159175546973,150046800,27900,48211400
2017-09-22,35.60428237915039,198.79319763183594,221.60067749023438,35.69335869232098,200.21789802409543,221.76947427233958,35.29251885984073,197.95736876401378,221.22755418253715,35.52223802998934,198.55574756645936,221.25420487910148,186581600,29600,51214000
2017-09-25,35.29017639160156,200.04693603515625,221.14756774902344,35.590218781417335,200.41735757519731,221.6983803897684,34.964348941249085,198.0998569999265,220.39244215768883,35.15890829315559,198.0998569999265,221.34301520932075,177549200,39500,57064400
2017-09-26,35.89730453491211,199.69552612304688,221.28086853027344,36.0801428124939,203.25727748077065,221.8316676992442,35.55741304847358,198.30881121760626,221.04099869135493,35.5785089473972,199.62903314115707,221.58291881288338,146640000,42300,54082000
2017-09-27,36.152793884277344,202.35496520996094,222.14263916015625,36.26765524774272,202.82035810087814,222.53353419066207,35.99105157256856,197.56796338336247,221.09432852781796,36.052000024393365,200.51235023265616,221.99161399942435,102016800,47100,81001400
2017-09-28,35.930118560791016,204.216552734375,222.40911865234375,36.16452695619116,205.41331036109736,222.48907074223473,35.79416126224434,200.2843801597204,221.7694748216223,36.07310782505663,202.40244521633446,221.85830595845775,88022000,46900,44778800
2017-09-29,36.12702178955078,204.91941833496094,223.19090270996094,36.129368162716496,207.17994772648032,223.2708683584064,35.630077121637065,202.94383193702174,222.21367883628994,35.913712861984344,204.86243263480543,222.4002337191356,105199200,31800,85578000
2017-10-02,36.054351806640625,207.0184783935547,224.15924072265625,36.20437302448526,207.93027855954563,224.15924072265625,35.79884753475942,204.6724705086703,223.2441838186893,36.1598348606772,206.03067797212844,223.42187319393483,74795200,30300,59023000
2017-10-03,36.21140670776367,208.0063018798828,224.63900756835938,36.35439596724283,208.76614515060774,224.66565826832476,36.077795786788016,206.22067236759992,224.0793157574893,36.10123447947048,208.01579466712508,224.15928141318398,64921200,38300,66810200
2017-10-04,35.97698974609375,209.38345336914062,224.9054412841797,36.06606605670742,209.82036784251716,225.15419009167633,35.73789582305804,206.83799576321093,224.37240037909072,36.01215314191944,208.43365315926218,224.48789573821176,80655200,20300,55953600
2017-10-05,36.42471694946289,210.4092559814453,226.2380828857422,36.43643808347436,212.25187085323589,226.25584097914856,36.110610587967955,209.07003410129212,224.941023609862,36.14108124425226,210.4757489579419,225.24307386732843,85135200,49100,63522800
2017-10-06,36.403621673583984,207.92080688476562,225.98045349121094,36.44815983751245,210.0293649103103,226.27362471763766,36.230158186912064,206.96149921532543,225.51849903362688,36.326266479937914,210.0293649103103,225.78500600692644,69630400,33700,80646000
2017-10-09,36.53019332885742,209.52597045898438,225.60733032226562,36.738816599714866,212.18539993932535,226.27362486755038,36.44815255933975,207.92080549154764,225.34080979299225,36.52316136509269,208.48118423970493,226.21144442567171,65051600,40800,35803100
2017-10-10,36.544254302978516,212.10943603515625,226.20257568359375,37.03651318745056,212.27090036687486,226.58459164553508,36.35673051535772,208.91810605501362,225.63400482054047,36.581760491217466,210.36179225372265,226.18481758735362,62468000,36100,43057400
2017-10-11,36.696632385253906,215.00628662109375,226.5579071044922,36.79742627119385,215.9560869093775,226.5579071044922,36.509104967015965,212.15688575624253,225.93603493401005,36.5606750964511,212.15688575624253,226.10481815787213,67622400,40100,47674300
2017-10-12,36.56770324707031,214.18943786621094,226.22032165527344,36.888841547680876,215.03475946442637,226.59344497093937,36.504411989949844,213.38211639196078,225.98045182527494,36.649747601737126,215.0062666178529,226.2380933052948,64500400,27600,47065100
2017-10-13,36.79977798461914,213.99002075195312,226.49574279785156,36.86775485049155,216.45949295471254,226.78003500207697,36.6638206760858,213.99002075195312,226.2203431973822,36.73882950819368,214.64538530923411,226.6645395996356,65576800,28300,54800400
2017-10-16,37.47721862792969,215.6996612548828,226.7978057861328,37.505346493227265,216.58296860734544,226.99325329852243,36.95448528589257,213.5626105072828,226.3802736159904,37.01308738978823,213.5626105072828,226.72674628689944,96486000,30900,38221700
2017-10-17,37.615509033203125,214.5598602294922,226.95767211914062,37.709270944538446,215.8230962396128,227.0020944629445,37.3248413852034,211.6059810161247,226.52235483913628,37.4537666958802,215.6046462507351,226.74445300235962,75989200,38500,31561000
2017-10-18,37.4490852355957,214.9208221435547,227.17977905273438,37.67177608023295,216.51649426859177,227.38410557516508,37.41158260941482,211.33057797822528,226.98433157708882,37.60379564025262,214.65487920484904,227.33968322964623,65496800,20300,40888300
2017-10-19,36.563026428222656,214.40792846679688,227.24197387695312,36.820877135593506,215.88961464032485,227.27751717793683,36.337996335234315,212.57480632138154,225.96269971328636,36.74352192338225,214.93981432469894,226.38912443450863,170336800,26600,61903800
2017-10-20,36.62631607055664,213.55307006835938,228.4146728515625,36.977928704833985,216.45945631494754,228.44135066422032,36.558339201716706,212.9167056836908,227.22424324070255,36.71070324585475,216.05104919203512,228.0504556409474,95896400,19000,89176400
2017-10-23,36.60755920410156,212.96424865722656,227.52626037597656,36.96386097170743,215.1202996415341,228.77003194907414,36.45050600615139,212.76478419469774,227.44630827969388,36.776333537347064,214.09451346168035,228.74338125031323,87937200,32300,63915300
2017-10-24,36.825565338134766,212.5653076171875,227.926025390625,36.900574174897,214.57887959255373,228.16588165571292,36.61459560761418,210.68470710259447,227.56178113591088,36.63569150762961,213.99950083644146,227.96156868931726,71028800,29600,66935900
2017-10-25,36.663814544677734,212.17587280273438,226.7978057861328,36.931039947302295,213.31563018018886,227.70397029304843,36.39658914205317,209.81086501259526,225.6517849687565,36.78101873138654,212.185365587626,227.58847488414568,84828400,22500,103715300
2017-10-26,36.89823532104492,212.86048889160156,227.09095764160156,36.99668644175907,214.68614665894896,227.695058224037,36.75055685157914,211.7099366715817,226.96658319487673,36.8560399397165,211.9951988715818,227.41967218750133,68002000,22800,69798000
2017-10-27,38.22029113769531,211.63394165039062,228.94769287109375,38.349216475759434,214.26782615414453,229.10762417430092,37.20061314557444,211.0634170849835,227.09984784097168,37.3389132460485,213.89698953934266,227.84609451342072,177816800,28200,85562500
2017-10-30,39.08055877685547,210.1600799560547,228.09481811523438,39.39701146694221,212.38509944732996,228.84995730735994,38.37733375602931,209.42791021422713,227.7927678607027,38.41718274466164,211.2440649268586,227.84606925199697,178803200,22700,54285700
2017-10-31,39.624393463134766,214.4770050048828,228.45021057128906,39.76738272696187,216.50235113387774,228.7078520829647,39.13213798037705,210.68306474628187,228.14816026279928,39.35716803626965,211.39621315688103,228.47686127169706,144187200,31300,60304800
2017-11-01,39.120418548583984,213.6592559814453,228.7522735595703,39.83536489884819,216.90170749562185,229.58736503410685,38.820376076471206,213.05070326547727,228.37916373317682,39.81895459364764,215.13309889780203,229.2409059095986,134551200,34500,54202700
2017-11-02,39.40638732910156,213.39303588867188,228.8411102294922,39.49780644129478,214.80031146116374,228.98325633841895,38.74301127835077,212.3851217147638,227.59736566588052,39.052432013027826,214.06815615161474,228.68120602379884,165573600,19800,56449500
2017-11-03,40.43544006347656,213.17433166503906,229.60513305664062,40.847997468654604,214.7052242131209,229.64954185259225,40.11195539839674,211.4057229729013,228.5834596337828,40.78705258576766,214.1346996637699,229.00100533979685,237594400,21500,59589700
2017-11-06,40.84566116333008,213.2408447265625,229.96047973632812,41.01912465620114,214.18220570407652,230.09373323286957,40.25260823430398,212.04276080803135,229.40078793925758,40.404972254126264,212.57524254960074,229.47184743354754,140105200,31100,49652600
2017-11-07,40.976924896240234,212.92706298828125,229.80056762695312,41.080065147069554,214.18221098927216,230.40466819820222,40.69329278324732,210.4833489691975,229.28528464260881,40.76595880266224,213.1077295498517,230.06707461085847,97446000,38900,57502200
2017-11-08,41.312137603759766,196.12527465820312,230.19142150878906,41.312137603759766,209.4754181926298,230.2891588046777,40.86441670241306,173.30453036869005,229.33857210053142,40.94177190344063,209.4754181926298,229.62286427381525,97638000,360600,50469600
2017-11-09,41.227745056152344,188.28070068359375,229.3563995361328,41.27931518344017,194.641987397328,229.5518470523028,40.5854648378871,188.2711972605229,227.74838349624406,41.04724961064494,194.50886692912164,228.96550450379283,117930400,80100,95085500
2017-11-10,41.09129333496094,186.24583435058594,229.2852783203125,41.258323130891256,190.74343410857367,229.46296771241347,40.9971943671649,184.79101275305112,228.64563446498173,41.194804353323896,187.77672685303622,228.9654699484445,100582000,61000,59984700
2017-11-13,40.9266357421875,192.188720703125,229.4984893798828,41.05131854285363,194.72752707936584,229.72948017280908,40.792540886953894,186.24581780676337,228.55679522477715,40.81606743372553,186.24581780676337,228.59233852636476,67928400,57300,50228600
2017-11-14,40.30791473388672,194.1189727783203,228.9654998779297,40.81135184589886,197.01911226927803,229.07210268248707,40.27027370372879,192.31233611656444,227.89052500491337,40.707840807787655,192.31233611656444,228.68120765804446,99130000,78700,61315200
2017-11-15,39.77625274658203,190.058837890625,227.81944274902344,40.06796537592378,193.84327527459052,228.5123880210269,39.611577709714346,189.1364979854033,227.09984677854274,39.98562606266664,191.9225245482579,227.9793469398868,116632400,59600,80811500
2017-11-16,40.25144958496094,194.3756866455078,229.75613403320312,40.43259027963769,195.4881961822449,230.12927092601976,40.063248057450984,190.277463661474,228.73448776916112,40.270266507030925,190.277463661474,228.77889656306024,94550000,59400,67777000
2017-11-17,40.02796173095703,192.77825927734375,229.08096313476562,40.31967430343437,195.402639874299,229.72949966368463,39.90798499669369,192.29330913347613,229.00101103310675,40.23733500622788,192.8638335936593,229.40079865299887,87598000,37000,75756800
2017-11-20,39.987972259521484,194.22357177734375,229.4718475341797,40.124418298547525,194.4517844738194,229.66729503305834,39.88916724980872,190.17289435092363,229.0809525364224,40.060899510287136,192.89236732050344,229.32972854553745,65049600,63200,48075500
2017-11-21,40.73137283325195,197.22828674316406,230.9731903076172,40.86311286689641,197.22828674316406,231.1597722795438,40.176180127431266,193.15858838256528,229.43628841506032,40.176180127431266,194.22355183871034,230.25359444901846,100525200,47000,69176800
2017-11-22,41.15951919555664,194.4993133544922,230.76885986328125,41.168927656719816,197.28533904537886,231.1153188633575,40.71018889504549,193.96683161896703,230.60006310809896,40.783116135408385,196.48661644209113,230.9820654017897,102355600,40400,45033400
2017-11-24,41.1618766784668,194.4993133544922,231.30191040039062,41.28655944831852,196.42956690029044,231.4085402981486,41.08659461912062,192.550038458414,231.1242481273146,41.192460463781956,194.05240593166806,231.2663942127316,56106800,17800,27856500
2017-11-27,40.954856872558594,195.4121551513672,231.18649291992188,41.18775671820444,196.11580009374603,231.64844746533365,40.778418574548624,193.15861096409205,230.98215279381301,41.18069947345575,193.83373113263505,231.34639713430292,82867200,47200,52274900
2017-11-28,40.71489715576172,196.87646484375,233.5317840576172,41.1383461346195,199.24410776871372,233.55843475407886,40.430241832320306,193.8337018522265,231.55955118467264,41.00425491522009,195.06981388916157,231.65728847942782,105715200,78700,98971700
2017-11-29,39.87033462524414,201.05079650878906,233.38961791992188,40.67959856144943,202.1918310314266,234.206951060511,39.324554224557225,197.3043879770789,232.93655611900022,40.61137735748046,198.85430178817757,233.6650174635615,166665600,67800,77512100
2017-11-30,40.42789840698242,205.1109619140625,235.43299865722656,40.49611963883633,205.5008052832215,236.35690770402712,39.625691385027736,201.10781648793773,234.24255548755798,40.0938387238049,201.73539046127513,234.3225075909389,166108800,59700,127894400
2017-12-01,40.23967742919922,206.27102661132812,234.9443359375,40.385531875724745,207.8494651450611,235.69947518723873,39.639786763221515,201.9636116373638,231.65729907333548,39.98089993732028,204.45488646441243,235.21087002589914,159037200,50400,164390900
2017-12-04,39.94562911987305,202.2393798828125,234.66014099121094,40.60903521611618,208.71476503229965,237.02324252264424,39.905636872018505,201.67837329040813,234.60681246831874,40.57610021260973,207.5737304942958,236.58793862658067,130169600,52600,94040600
2017-12-05,39.907989501953125,201.2029266357422,233.81605529785156,40.35026264152424,203.0000598945711,235.55729723786746,39.61627689654401,200.04287082749914,233.6828018274712,39.771543456986585,201.87803228095754,233.81605529785156,109400800,37100,77994500
2017-12-06,39.7597770690918,208.12522888183594,233.8605194091797,40.039726381675635,209.19019249162747,234.29585033086454,39.15988978743614,200.9557023413781,233.3896722947187,39.40454929015165,200.9557023413781,233.9138208099415,114240000,35700,75898600
2017-12-07,39.83271026611328,214.13470458984375,234.59783935546875,40.096190298434365,214.1822507215571,234.91764767649664,39.73625647226495,202.86696780780875,233.593951384036,39.76448545011472,208.21082220622554,234.59783935546875,102693200,70100,77218600
2017-12-08,39.84446334838867,213.91603088378906,235.87710571289062,40.22792365235798,215.76071070740412,235.88597120217506,39.71507816157419,209.46597658127885,234.56227502840335,40.10794692671986,215.76071070740412,235.5661629098227,93420800,67800,76563900
2017-12-11,40.62079620361328,216.34068298339844,236.58792114257812,40.67255171902126,217.7479583020332,236.65011515502042,39.70802102966823,211.1869994231862,235.8505669331652,39.804474816532725,213.95400393631107,236.58792114257812,141095200,73600,83077500
2017-12-12,40.39259338378906,212.26145935058594,237.00540161132812,40.55491713769074,218.19485852491238,237.48514125691017,40.336135444793804,211.10140360327495,236.62339926002826,40.498455609050325,216.2360801509727,237.38740396262799,77636800,71500,85195800
2017-12-13,40.526702880859375,207.80194091796875,236.9786834716797,40.82546915555937,215.18065941517295,237.6982791794616,40.46318408678492,207.45962908553102,236.88983880532442,40.58080962192093,212.2329733853456,237.254082959271,95273600,66400,102905400
2017-12-14,40.51493453979492,206.1474151611328,236.01040649414062,40.72901384846992,209.19017849193477,237.39629692874988,40.380839723488826,205.38672070117232,235.9571051013936,40.55727800411516,208.9049162558196,237.2808015406002,81906000,62500,100666700
2017-12-15,40.9266357421875,215.26620483398438,237.97579956054688,40.97368524608371,215.35177915333992,238.44905339210166,40.571407859677,205.4627945584879,236.9757180485954,40.846651226599235,206.63235378346778,237.02929189743728,160677200,169300,144610300
2017-12-18,41.502986907958984,213.5736541748047,239.48486328125,41.68648242695554,218.6988127274917,239.84203136198428,41.13599586996587,212.2804780061414,239.28841674931948,41.1407018957377,216.7115096070505,239.39556444852198,117684400,41000,83653600
2017-12-19,41.060733795166016,211.41517639160156,238.5651397705078,41.26069870683818,214.41991122396024,239.7795166809956,40.95487149648861,210.39775908038305,238.4936898050806,41.17600814996672,213.80185519921392,239.73488089023672,109745600,51500,82382900
2017-12-20,41.016021728515625,211.63394165039062,238.44007873535156,41.26773848371291,212.9461249363591,239.60088161565514,40.757244139391204,210.05550292726772,238.136484555121,41.138349689150694,210.20764474591527,239.54730777503642,93902400,30800,76751500
2017-12-21,41.17129135131836,213.05062866210938,238.9311981201172,41.4088972460297,218.15676473323055,239.65449951956026,40.95721559075968,211.1584182047109,238.681177762965,40.97368130019648,212.09026105088327,239.0740707885149,83799600,79800,67032300
2017-12-22,41.17129135131836,211.06338500976562,238.86868286132812,41.26774515828738,216.2741181797106,238.9847685926627,41.05131458949008,210.68304502998927,238.32397917972088,41.09365806202476,214.2297653975924,238.94904361759708,65397600,30900,78720900
2017-12-26,40.126773834228516,207.91600036621094,238.58297729492188,40.338498346075255,212.014223356071,238.80621073845916,39.91739695099301,206.94611467548242,238.3151080627476,40.180880571318916,211.09188378421868,238.4579534864564,132742000,68300,45244400
2017-12-27,40.13383102416992,208.73379516601562,238.6990509033203,40.17617449062332,209.31382313601435,239.06515700211932,39.924457730864816,206.15694578873158,238.42224362742897,40.01620549782669,207.37405128167285,238.75262474702996,85992800,76300,57751000
2017-12-28,40.24673843383789,206.17593383789062,239.19012451171875,40.42788269508986,209.57051227107868,239.23478754283704,40.105586408771,206.1664304169491,238.8151076512857,40.227917924519296,208.7717896408038,239.20800062423467,65920800,40800,45116100
2017-12-29,39.81154251098633,204.68304443359375,238.28826904296875,40.13148414947192,208.14418991265305,239.79732914394475,39.8091912922673,204.4358249383173,238.09184979330578,40.11501843914494,207.44055961492862,239.7794802803863,103999600,38200,96007400
2018-01-02,40.52433776855469,200.89865112304688,239.9937744140625,40.53374981917436,205.50083183745718,240.02949939116968,39.818584737192324,199.8812336490827,238.77045963732996,40.03031280038836,203.48500373308792,239.16335263498945,102223600,64200,86655700
2018-01-03,40.51729202270508,198.7306671142578,241.51181030273438,41.063076244861655,201.4881681749067,241.66362104153197,40.453776816404016,197.77980267830443,240.16347152052202,40.587868063797266,200.6323959861646,240.16347152052202,118071600,42100,90070400
2018-01-04,40.705482482910156,195.4121551513672,242.5297088623047,40.80899350294978,201.10783864158682,243.02083874677197,40.48199473854038,194.93672290871567,241.57429051467628,40.59020819429411,198.7306774283293,242.16363002593266,89738400,56100,80636400
2018-01-05,41.1689338684082,192.0746307373047,244.14596557617188,41.25597560847178,195.98268444801445,244.2709621350029,40.71019503751803,190.65783739623518,242.83335183247613,40.801942803696065,195.87808877170676,243.33339256815296,94640000,53900,83524000
2018-01-08,41.016021728515625,198.68312072753906,244.5924072265625,41.312436757256776,199.1775742961112,244.7531287499794,40.91721312928912,190.88603526485483,243.75304738182058,41.016021728515625,192.07461580822255,244.04770350808494,82271200,59900,57319200
2018-01-09,41.01131820678711,195.4026336669922,245.14608764648438,41.1830504775222,203.00004542552256,245.78006310382236,40.79488765977867,195.0698253242843,244.73531842044042,41.06307372777243,198.7306590579142,245.02106381677166,86336000,65400,57254000
2018-01-10,41.00190353393555,195.09837341308594,244.77098083496094,41.00425834178662,196.70533675820855,245.03887729435496,40.698431261774694,191.91298600649,243.6994767479064,40.73607229093071,195.00329566740544,244.37808782798876,95839600,45000,69574300
2018-01-11,41.23480224609375,193.93829345703125,246.55686950683594,41.28420654422801,197.20925453640976,246.55686950683594,41.048955502846994,193.01595390416824,245.16389499833667,41.07247845319748,196.4295533372387,245.3335545955415,74670800,63000,62361500
2018-01-12,41.660606384277344,190.65785217285156,248.1641845703125,41.72412517105063,195.58333825384508,248.33381692958955,41.32184430768122,190.18241988170374,246.5211623260954,41.44652707342201,193.99539614249633,246.8247838115677,101672400,51800,90816100
2018-01-16,41.44887924194336,191.7798614501953,247.3157958984375,42.20168181441842,193.73863997958534,250.1017440957356,41.43711597260163,190.1824015611226,246.61037079393952,41.85115649005146,192.1316766688603,249.4409820169367,118263600,55500,106555100
2018-01-17,42.133460998535156,194.21409606933594,249.6731719970703,42.168747217251926,195.3931734058151,250.06606499441529,41.18539963278897,191.06673654016095,247.3158412631738,41.43946758684139,192.21727459009787,248.2623487794576,137547200,44900,113258800
2018-01-18,42.171112060546875,192.98744201660156,249.25347900390625,42.36872571814624,195.8780633638186,249.9856637894344,41.933509735245615,192.07460582277358,248.7534111562295,42.19698982584875,194.07142683543785,249.55707313452405,124773600,53700,100728000
2018-01-19,41.98290252685547,197.08566284179688,250.38760375976562,42.24638254515911,197.77978977221653,250.38760375976562,41.735888214872794,193.13956698466825,249.2535874915097,42.01818874729041,193.13956698466825,249.84289989850964,129700400,59000,140920100
2018-01-22,41.639427185058594,195.86856079101562,252.4234161376953,41.822922678702476,199.43430225117925,252.4234161376953,41.54532822049855,193.98583885354105,250.1196320565905,41.71000320330133,197.31386421636043,250.17323314584237,108434400,53600,91322400
2018-01-23,41.64884567260742,196.22039794921875,252.959228515625,42.2134503648324,196.90502154697234,253.25388468500273,41.59709374239191,195.04132075107853,252.13771741433675,41.7100132449784,196.44861065148353,252.46809856642548,130756400,43400,97084700
2018-01-24,40.985435485839844,195.4121551513672,252.8609619140625,41.710009102293014,197.7798129430263,254.21823859582332,40.74547842573588,193.97635500181426,251.6644340105242,41.69824583264799,196.9050193576324,253.61102296179513,204420400,61500,134816100
2018-01-25,40.253814697265625,194.6219482421875,252.96800231933594,41.157178033553734,196.93537041806218,253.8341487422857,40.117368632464796,192.9939979394518,252.16436776973043,41.05366697821194,196.01190745208757,253.7359391557414,166116000,56300,84587300
2018-01-26,40.347900390625,197.01153564453125,255.89691162109375,40.46317468053383,197.46850237048875,255.94157465338202,40.0067871359566,193.61280839552725,253.55742983463074,40.46317468053383,195.11700566712724,253.8163882213516,156572000,62300,107743100
2018-01-29,39.51276779174805,192.3656463623047,254.20034790039062,40.03031938191044,197.54465061103122,255.76298180607688,39.30339450160592,192.0990812489181,254.0396263815615,40.03031938191044,196.030938461434,255.3165149758808,202561600,63600,90118300
2018-01-30,39.27986526489258,193.35585021972656,251.59303283691406,39.37396424222874,194.2983435615497,254.25395808514654,38.745844414912845,191.4327599596992,251.11084096132547,38.941103203048975,191.62316162787548,252.3430939488426,184192800,32000,131796400
2018-01-31,39.388092041015625,192.8036346435547,251.71807861328125,39.62569796200374,194.3173471981072,252.96818071091653,39.16931022943139,191.35655612182046,250.6286980888744,39.256351992365275,193.26060145636595,252.45922906235992,129915600,42800,108364800
2018-02-01,39.47041320800781,193.1082763671875,251.43226623535156,39.66802319007349,196.36419218018042,252.75381795809872,39.23045617855923,191.68977187517993,250.62863133307852,39.326909951821804,192.09913465357553,250.97688856582917,188923200,80200,90102500
2018-02-02,37.75779724121094,189.6809844970703,245.95863342285156,39.2398797200102,195.12655482910205,250.2268560237462,37.66369824780796,188.52903078091632,245.9229084397398,39.05167814355773,191.84206529931706,250.09289414962169,346375200,93300,173174800
2018-02-05,36.8144416809082,177.74256896972656,235.6719970703125,38.5529469656054,189.45244672275615,246.3157793140002,36.699167362944166,176.8667101552183,235.11838250775344,37.42844712460486,188.90978701309214,244.17274377337543,290954000,65900,294681800
2018-02-06,38.35298156738281,175.70529174804688,240.31527709960938,38.51530537965572,179.2753765593343,240.82425590384224,36.22866469730355,171.73535918110076,231.0019841387644,36.42392351571542,173.3537947235419,232.10921332677114,272975200,69100,355026800
2018-02-07,37.53194046020508,178.6089324951172,239.0115966796875,38.44000940329599,179.9988916644107,243.19943103416853,37.42137580004457,175.17213086821053,238.93120865940054,38.36708217249761,176.1527128299556,239.75271972638046,206434400,40400,167376100
2018-02-08,36.49918746948242,173.82032775878906,230.04647827148438,37.87540711414637,179.56102418605903,239.45800565865164,36.47095850106512,173.82032775878906,230.0107532989051,37.70837734183893,178.60900136857856,239.31513301850424,217562000,56000,246449500
2018-02-09,36.94563674926758,173.5442352294922,233.50213623046875,37.2952268218965,178.48523603977398,235.3862130450188,35.4882203068644,169.92656009810398,225.84076431302094,37.10153633997506,175.6291675507524,232.8770718108542,282690400,52500,283565300
2018-02-12,38.43375778198242,172.28750610351562,236.93101501464844,38.71248404843291,176.73344925767597,238.42222622284237,37.20546203260146,171.82100986753835,233.64502567284933,37.43931139500737,175.2768560530099,235.58267646264224,243278000,63400,143736000
2018-02-13,38.81877517700195,174.61045837402344,237.52037048339844,38.91562220350698,176.11465573754626,238.07398503201603,38.18336929696385,171.3640580108516,235.11837658684183,38.25423306280364,172.4112886204913,235.70771611445318,130196800,58000,81223600
2018-02-14,39.53449630737305,174.9722137451172,240.72598266601562,39.57465160508769,177.04763040667527,241.09208873745249,38.47391491572783,173.9440422000531,236.00235596403715,38.51170580492431,173.9440422000531,236.01129402071234,162579600,36500,120735700
2018-02-15,40.86199951171875,179.95132446289062,243.79766845703125,40.88561836667367,181.0747042114027,243.80660651340634,39.919519614983514,176.1241893617133,239.9937624646238,40.106124067536676,176.15274887893224,242.49399298434827,204588800,31800,111200300
2018-02-16,40.72972869873047,181.54115295410156,243.86911010742188,41.29427461505424,185.50156960648835,245.84251320762618,40.57383268438632,179.82750973655834,243.11904906827243,40.71319585666641,181.9410006170768,243.1637121034465,160704400,42600,160420100
2018-02-20,40.59272384643555,176.8191375732422,242.3422088623047,41.16198768265657,181.30317000886396,244.36918586943582,40.49115158737334,176.12416520504723,241.5385739553717,40.639965165037744,181.30317000886396,242.90476147221025,135722000,35800,86369700
2018-02-21,40.40847396850586,174.71519470214844,241.1367950439453,41.12891207606295,179.18018309920245,245.3068084550897,40.39429833125114,174.30581742303514,241.03858539248665,40.8242025542854,177.02860268814436,242.78872825179087,149886400,46800,98883700
2018-02-22,40.74625778198242,174.25820922851562,241.44931030273438,41.08876183668482,176.54307217033303,243.81557958178453,40.55965331773429,173.27762711875093,240.7706990992313,40.58091136981038,174.93415166206515,242.0743749048286,123967600,44400,110511300
2018-02-23,41.45487976074219,173.42991638183594,245.29791259765625,41.49030984019293,175.17211909209826,245.29791259765625,40.991906298328445,172.79206312617302,242.20836832210637,41.02261477003957,174.55331035164122,242.69056035361058,135249600,36200,92766400
2018-02-26,42.2745361328125,176.71438598632812,248.14630126953125,42.373743975734165,177.37128373963964,248.24453815908788,41.62259733463528,174.05824999109942,245.7889701724783,41.65566661560917,174.05824999109942,246.38722056729836,152648800,52600,86491400
2018-02-27,42.13753890991211,173.45849609375,245.0477752685547,42.63121738017814,178.1234150463051,249.05706589108385,42.08321157120787,173.45849609375,244.9852633729523,42.30524974367095,176.56209873188226,248.33376456371948,155712400,61600,99099200
2018-02-28,42.073753356933594,177.65695190429688,242.56539916992188,42.66427876831782,181.66497375648038,246.61932521327557,42.05722051964099,174.6676012868501,242.2439561643669,42.343032800353555,178.20912679882056,246.16392037190266,151128400,59100,121907800
2018-03-01,41.33678436279297,176.60971069335938,239.0383758544922,42.46586881304559,180.2464440681314,243.92272455862206,40.78405336834091,173.32523556552698,237.52037757891765,42.172966872019295,178.1900717261675,242.35115243804375,195208000,42400,176855100
2018-03-02,41.62260437011719,182.02671813964844,240.2705535888672,41.64386242484766,183.58803462193657,240.8420441550887,40.73445163792579,174.4771858975812,236.46667510186415,40.81712665647574,175.94329430922375,237.34173256240703,153816000,73300,139083200
2018-03-05,41.766693115234375,177.07618713378906,243.04766845703125,41.98400608660226,181.35077343991412,243.67273305633455,41.2234088846737,177.02858310287334,238.9580161362429,41.386394514270094,180.08458175645112,239.06519108911849,113605600,45500,97307400
2018-03-06,41.73125457763672,179.7227783203125,243.6637725830078,42.10446711699398,179.93222439973985,244.11917752775534,41.603702658650036,175.61004931649245,242.14577426730017,42.02415651599194,176.94287479765907,244.0387895079489,95154000,59400,79213200
2018-03-07,41.343868255615234,176.41928100585938,243.57447814941406,41.53756233673037,180.81762015411329,243.93164621538344,41.16434981314963,175.3530204915457,241.27072096126133,41.322610204063,176.628727110701,241.467167485071,126814000,48400,87063500
2018-03-08,41.795040130615234,179.7514190673828,244.7531280517578,41.83755624344272,180.59871876192767,244.8781245973343,41.35332813847944,176.41933933182432,243.25300600379907,41.45017159690278,177.06672237719596,244.26199817582028,95096400,32100,66901200
2018-03-09,42.51311492919922,178.8469696044922,249.0124969482422,42.51784014285849,181.11278808395545,249.0124969482422,41.90133131661576,176.27651144114924,245.86044105966377,42.03597287379016,180.2464440151357,246.18191146553525,128740800,47500,113625300
2018-03-12,42.92411804199219,178.4851531982422,248.69989013671875,43.08237844425137,180.8747386887269,249.9410810888621,42.5674419357915,177.2094466849933,248.30699711950606,42.58633558011596,178.80885185039463,249.30710577706762,128828400,30900,71924800
2018-03-13,42.510746002197266,177.54266357421875,247.0926055908203,43.34456764178668,179.18965826772558,250.38753300431205,42.33831358154041,177.07616736605848,246.47647918015616,43.12961551488437,178.87548913080653,249.8785542737333,126774000,35200,91968900
2018-03-14,42.14934539794922,175.08648681640625,245.82464599609375,42.64066300838401,178.5042445999353,248.25342684184926,42.00053183011272,174.6485500112342,245.26212063399018,42.59342169290172,177.75215310777446,248.06591838781475,117473600,44300,105895100
2018-03-15,42.19895553588867,170.88807678222656,245.55677795410156,42.57453253539706,175.724353901776,246.99438819222155,42.06195677624342,170.52630350316426,245.04779918339105,42.16352544361525,175.07697090380734,246.3425640035827,90975200,53600,83433000
2018-03-16,42.050148010253906,173.68704223632812,245.82301330566406,42.30997711215575,173.92504793671188,246.8898622223837,41.955661751513226,170.42159647317106,245.76922490308235,42.19895801081184,171.21177714165094,246.09195531857256,157618800,75800,100343700
2018-03-19,41.40764236450195,170.7452392578125,242.49693298339844,41.920217986561596,173.45849463615102,246.00228967032726,41.0202578407007,169.659934201135,240.82046399384737,41.88478790376434,173.26809304364295,245.06096530100658,133787200,45400,109208400
2018-03-20,41.39347839355469,170.5072479248047,242.90940856933594,41.76196574354035,172.30656999921186,243.55489689858746,41.32261460987704,168.5175097152213,242.219078322073,41.39347839355469,170.88805114173397,242.90043471387057,78597600,26500,59757300
2018-03-21,40.455718994140625,168.03195190429688,242.44317626953125,41.35804001769255,170.45008238414223,244.98926121350982,40.45335458557391,168.03195190429688,242.22802263912274,41.34622878770306,170.20256179225532,242.86453703528935,148219600,22300,78709600
2018-03-22,39.884098052978516,167.24179077148438,236.3828582763672,40.78878004568265,168.8126366119442,241.04469493635807,39.82504549655082,166.1279261900913,236.10491494167124,40.15573837083311,167.03234465942305,240.18405279839857,165963200,47600,148785900
2018-03-23,38.960514068603516,161.45347595214844,231.34442138671875,40.136839949120564,167.1941698841476,237.16279056584452,38.960514068603516,160.4538495229521,231.1471880694718,39.77543860267086,167.00376830875524,236.83108620486496,164115200,27700,183534800
2018-03-26,40.810028076171875,165.2330780029297,237.67376708984375,40.887977857137855,165.89949107032828,237.9606568731258,39.31481741425527,162.60550025430868,232.56367620179614,39.699841106950046,163.4718445052845,235.0021846410622,150164800,44600,141956100
2018-03-27,39.76362609863281,164.27149963378906,233.6305389404297,41.372217060634476,168.7364878731972,239.16199096956146,39.428208031156146,163.57652721554385,232.05267239993523,41.02498776173841,165.74713754306705,238.62410679377217,163690400,30100,129941400
2018-03-28,39.32426452636719,165.82327270507812,232.940185546875,40.16045047073696,166.97522632619268,235.4594038637853,39.01955502058281,163.46226096361696,231.8195480262607,39.50614734997227,164.6427740977028,233.7649868001455,166674000,18600,146452300
2018-03-29,39.6313362121582,164.3857421875,235.91665649414062,40.5690907376385,169.10778072088942,237.808307265727,39.423470139725104,164.36669766783658,232.94920988521392,39.63842222787473,166.83244726596794,234.09674186063586,153594000,82500,111601600
2018-04-02,39.37151336669922,162.1294403076172,230.82443237304688,39.90535071134835,165.3282366002044,235.8986822908688,38.849490856876166,160.66331747154626,228.31420161994728,39.36206654483249,164.3571695488714,235.37869116609662,150347200,51900,186286300
2018-04-03,39.77543640136719,165.6900177001953,233.78294372558594,39.86047221960695,166.5944508504519,234.26706687083862,38.94633987674078,161.82480801680842,230.25966537580635,39.598278747057826,163.10052942417082,232.0795798996302,121112000,35500,119956900
2018-04-04,40.53602600097656,169.2315673828125,236.28419494628906,40.63050862396155,170.36447683697435,237.00139206792912,38.92034935967834,163.586079162163,230.04449243820804,38.94633262164137,163.7479212946554,230.178963478601,138422000,55800,123715300
2018-04-05,40.81711959838867,168.2414093017578,238.14891052246094,41.15489842385953,170.50722739175072,239.0454204508979,40.64704798138978,167.34650587035858,236.96551085068933,40.76515307073449,170.50722739175072,238.06820055270722,107732800,52000,82652600
2018-04-06,39.77307891845703,166.365966796875,232.84156799316406,40.74153868032574,168.22240815621845,237.67374245253924,39.730559203645306,164.51904043491305,231.2995697670115,40.38486253740354,166.84197814679453,236.158665790137,140021200,31300,179521200
2018-04-09,40.167545318603516,166.48973083496094,233.9891357421875,40.88562274228827,168.79362397608242,237.43173123780508,40.12030399935664,166.17556160752892,233.03883722638602,40.12739001702959,167.26086688106074,234.32084010118953,116070800,34700,105442900
2018-04-10,40.92341995239258,166.365966796875,237.7096710205078,41.10057761452415,168.69841950613795,238.50757822078518,40.5171380922283,165.04265582516726,235.76425923258694,40.864367398348726,167.67976277120124,236.92073767709815,113634400,45500,103529000
2018-04-11,40.732086181640625,165.72811889648438,236.46348571777344,41.08167625742983,166.6039780665428,238.14892889072183,40.55728934160527,164.0144750738857,236.13178139615752,40.68248045531927,165.47106869141606,236.20349015786616,89726400,37500,91140200
2018-04-12,41.133644104003906,164.0906219482422,238.40890502929688,41.3367850202748,167.14662099831915,239.36817732488683,40.87381144216381,163.74789321857668,237.62894568291964,40.961211667118185,165.75666155947772,237.80825863213235,91557200,22100,68890500
2018-04-13,41.27299880981445,164.39523315429688,237.7096710205078,41.53519222245192,166.5182537217252,239.8523435036008,41.06513632716664,163.08145202379964,236.6876636324142,41.2848100382592,164.69988731753165,239.73579280159896,100497200,26000,85079200
2018-04-16,41.53047561645508,166.69915771484375,239.66403198242188,41.61787222976671,167.45124915292666,240.44401874795307,41.296626240495335,164.9759846617691,238.53444786552944,41.343867555683204,165.36631740163907,239.36819568877115,86313600,20700,63405300
2018-04-17,42.10210418701172,167.0609130859375,242.22805786132812,42.26745059375099,168.66031852458767,242.83767814233812,41.66983912092676,163.15762934510875,240.93708117253283,41.688736368022866,167.38461179339194,241.45704497473167,106421600,47800,64682000
2018-04-18,42.007633209228516,165.90896606445312,242.40737915039062,42.239121867024416,168.01292766618718,243.22317926545725,41.78087337027589,165.63287140296094,241.94117638827595,42.000547189528916,167.07994967848148,242.67632123675136,83018000,67600,57303900
2018-04-19,40.81711959838867,161.22503662109375,241.06259155273438,41.42890309616677,165.75665906586494,241.95012771439644,40.784050317543404,161.21550709779115,240.01366279496733,41.04387935153299,165.75665906586494,241.74392056117674,139235200,38700,77655900
2018-04-20,39.144752502441406,161.6248779296875,239.01849365234375,40.44390853175316,162.63401954305832,241.21495387262496,39.07624952977101,160.37773067064578,238.12198374354506,40.297459369091705,161.14886663834565,240.99082639542527,261964400,58900,99953100
2018-04-23,39.0313720703125,160.46340942382812,238.98265075683594,39.42820344905831,163.58604233692483,240.16605039180143,38.75972819636213,152.32361342603218,237.88890758378798,39.406945397542934,161.91048781885473,239.60124477696286,146062000,35300,65558000
2018-04-24,38.48808670043945,159.17816162109375,235.7642059326172,39.28883905387178,161.28213777124017,240.24675586195144,38.08180490888805,158.29278765486237,234.24012801291812,39.13293947249668,161.1583701957284,240.02262836548474,134768000,23600,112885500
2018-04-25,38.655792236328125,157.76918029785156,236.346923828125,39.073885239478145,161.1298187830057,236.79517880565152,38.362893937136036,156.68387515713198,233.85462724745003,38.4124960536142,159.40666026830027,235.7014355661143,113528400,30800,103840900
2018-04-26,38.790443420410156,160.9250946044922,238.74960327148438,39.14711956245835,161.62111683677526,239.59232495680374,38.58966328753759,158.1791231530168,236.93866271330722,38.76682095620797,158.1791231530168,237.38691776467635,111852000,26100,67731900
2018-04-27,38.34162902832031,159.7046661376953,238.97369384765625,38.816410079655114,161.58298486750573,239.672970525299,37.94243334238169,158.38888572528958,238.0233954744318,38.73846030628126,161.20160640962422,239.36816042061503,142623200,49400,57053600
2018-04-30,39.03609085083008,160.5532989501953,237.13583374023438,39.50851118422438,161.4495546277061,240.16604146901565,38.22825251323955,159.22798872776096,237.06409762964114,38.29675547997915,160.30540432502315,239.60123587516105,169709600,30600,82182300
2018-05-01,39.943145751953125,161.1444091796875,237.5572052001953,39.96676460908273,161.5639342714723,237.66478201163338,39.03846026498504,157.95985350827758,234.98419878318293,39.3077397453772,160.35303494721302,236.56206497577094,214277600,29100,74203400
2018-05-02,41.707637786865234,156.79666137695312,235.9614715576172,41.98636409977902,161.15398520914053,238.18479911726828,41.053334507306936,156.4820174954215,235.56700492103704,41.391113371697195,161.15398520914053,237.36002513846782,266157600,28900,86368900
2018-05-03,41.7832145690918,154.8420867919922,235.4414825439453,41.92730290917626,158.56059405065216,236.1048912755293,41.20450040472274,154.50838411469962,232.2409348600885,41.5446436078258,156.1578678502971,235.11875203430472,136272800,28500,136311500
2018-05-04,43.422515869140625,157.1970977783203,238.4896240234375,43.521723707765354,158.80844906657933,239.17995435981337,42.0855654454377,154.48927224766422,234.12362390141533,42.104462691501624,155.18529464809038,234.45532828466762,224805200,27000,91222100
2018-05-07,43.7366828918457,157.60711669921875,239.29649353027344,44.32956921521222,160.23866399684275,240.2826327758981,43.63983584172954,156.78713960269903,238.5702951617068,43.74140450091352,157.16851820861746,239.26959932101673,169805600,41400,55304900
2018-05-08,43.946903228759766,161.00140380859375,239.29649353027344,43.9870585254927,162.23136193497263,239.664038603676,43.384721865936356,156.36758337776962,237.70965310617427,43.69652102308314,157.38779349657815,238.91994724136177,113611200,50700,67499200
2018-05-09,44.25634765625,126.9151840209961,241.60946655273438,44.265794479313854,152.4202637069294,241.94117090483377,43.750857921707315,126.49565888716165,239.44887397688137,44.06501795173964,152.31538242347077,239.9778116409475,92844800,432200,59666100
2018-05-10,44.88938522338867,131.25344848632812,243.86863708496094,44.967335022599265,134.3140502361639,244.2003687623424,44.32484298451341,127.28704712179076,242.25493005029594,44.3461046419575,128.04981885322653,242.36250687136513,111957200,219500,72063900
2018-05-11,44.718658447265625,124.7603759765625,244.6128387451172,45.0672266840872,133.34152486012295,244.88178088909916,44.448340591993805,123.94992831809553,243.4742531638402,44.932069565541354,131.40600022027934,243.99424445463583,104848800,156200,59871500
2018-05-14,44.61432647705078,120.89886474609375,244.72933959960938,44.94155470122811,125.85685932491894,245.71547883284308,44.54556296090207,120.85118878358693,244.17348034975896,44.818250735596315,124.76038493056781,245.05207010663483,83115200,191200,54790600
2018-05-15,44.20884704589844,121.2992935180664,243.0438995361328,44.35823445813676,124.14060284811632,243.5011010939981,43.89110572231908,119.89770486981094,242.08462713939576,44.28946733071471,120.75582111102135,243.4831807409132,94780800,130500,87036100
2018-05-16,44.62143325805664,120.59374237060547,244.0658721923828,44.68783047454128,122.63414091710924,244.53207489956898,44.10451115437147,119.7165527811068,243.05281152092212,44.12111136303756,121.28976478017209,243.0797330857033,76732400,88200,53942600
2018-05-17,44.339263916015625,123.72105407714844,243.85971069335938,44.79453587189695,124.75079336968746,244.9534540632543,44.189876505208666,120.3744122878883,243.07077746139373,44.57875486032688,120.59371144761205,243.7969484227903,69176000,106700,56536400
2018-05-18,44.17802810668945,123.24440002441406,243.2500457763672,44.533709728869674,124.27413995440118,243.87761371884014,44.135348048754494,122.32908534131302,242.89144724894575,44.3866958161863,124.06437730855207,243.51004133645614,73190800,50500,64368000
2018-05-21,44.49101638793945,123.2538833618164,245.07884216308594,44.87989470069456,124.54104673008509,245.62572728427855,44.32028897080995,122.48158243112371,244.36164537650612,44.578750004066194,123.67340844729328,244.75611181691613,73603200,51300,58025900
2018-05-22,44.37957763671875,122.65321350097656,244.39759826660156,44.78742614182593,123.21575195821723,245.86788792119097,44.28947047776851,121.25162476943848,244.06589391654126,44.66886561401989,123.21575195821723,245.60789233898845,60962800,39000,52966400
2018-05-23,44.664119720458984,122.76761627197266,245.06993103027344,44.69731652168954,123.68294510774942,245.0968525919811,44.047603562543,121.31835895159621,242.94520696298082,44.187507727467455,122.66273499442177,243.10659953667331,80233600,52200,64694200
2018-05-24,44.61432647705078,121.5090560913086,244.56788635253906,44.77794058913945,124.0261922163279,244.94443254336454,44.15431465491809,121.09906762457966,242.75694622924257,44.761343996212624,122.30043036244362,244.666516667,92936000,59100,76043800
2018-05-25,44.7162971496582,121.06092834472656,243.98516845703125,44.97001484337418,123.02505541752811,244.62168283753928,44.49577264679473,120.72721849366744,243.47415123807016,44.63330331798447,121.6330034143035,243.98516845703125,69844000,53800,56374800
2018-05-29,44.5550422668457,122.51020050048828,241.17913818359375,44.75659659946628,122.99646033872871,243.10665679348756,44.31080788346593,120.83210722184526,240.04955405756914,44.48390884891369,120.83210722184526,242.3356438776666,90056400,54000,115908600
2018-05-30,44.46019744873047,123.27295684814453,244.39759826660156,44.578757975260416,124.98918942644468,244.84585330383254,44.289470001072935,121.85230937808261,242.43426637410082,44.512364369858055,122.04299865374726,242.50597514195863,74762000,53800,69678400
2018-05-31,44.310821533203125,121.48045349121094,242.9004364013672,44.63330639382799,124.35989485668073,244.29001604238135,44.137724132613485,119.25888790816205,242.29081613042652,44.393815370596265,123.60666716736259,243.985205906911,109931200,62700,93519900
2018-06-01,45.10990524291992,120.765380859375,245.28512573242188,45.11464505834571,122.01441251510164,245.58993582974514,44.51947258623554,120.24097436877878,244.1465405955216,44.576382934962375,121.78558389844628,244.21827671213424,93770000,48500,71258400
2018-06-04,45.486942291259766,123.4159927368164,246.45065307617188,45.86396398220799,123.70203394323191,246.7106486996006,45.37312517323748,120.5270071042061,245.87690076438363,45.441888702118604,121.63301806873059,246.11894867351484,105064800,62900,45385200
2018-06-05,45.83787155151367,122.32903289794922,246.62997436523438,45.987258977202465,123.93084018100167,247.01546720511917,45.612607268042474,121.32789607171226,245.8051729000813,45.780964812721926,123.74968028737253,246.58513243730172,86264000,38500,51135000
2018-06-06,45.996742248535156,121.06092834472656,248.69180297851562,46.02045580182933,122.51019294693928,248.79937977267056,45.5082734433892,120.66047652345561,246.6208676131132,45.91375204836603,122.24322506609198,247.2484353914259,83734400,43100,62732200
2018-06-07,45.873435974121094,123.38739013671875,248.6649627685547,46.04890322037362,123.47319813409105,249.4807901137658,45.60785796063171,121.08954566045995,247.74155860583224,46.034676537507714,121.47093151110693,249.18495386560969,85388800,42800,72969400
2018-06-08,45.45610809326172,123.66384887695312,249.40013122558594,45.52724513742502,124.74126411478161,249.45391963945838,44.998466167929806,122.79619615531524,248.02847195320788,45.33043421645138,122.88201867459728,248.1988110502424,106627200,62300,72139700
2018-06-11,45.34465026855469,124.74127197265625,249.73179626464844,45.52012112058641,125.38008893087593,250.45796709696634,45.10278944056713,120.93695833335896,249.5076687890118,45.373107250455206,123.95942717239376,249.6242194538326,73234000,40300,58892500
2018-06-12,45.593631744384766,127.93540954589844,250.0545196533203,45.67188211912785,128.49796267884156,250.42206458660308,45.32568382040206,124.74132343702014,249.40005766515173,45.38259417062789,124.74132343702014,250.15312259656517,67644400,88600,72329000
2018-06-13,45.21897888183594,126.12380981445312,249.25668334960938,45.73590459936662,129.18442578072924,250.55663384102365,45.15732871769252,125.50406603355447,249.05047619269166,45.626827335534735,128.45025679590628,250.29663827087782,86553600,57200,79070600
2018-06-14,45.242698669433594,126.70541381835938,249.88426208496094,45.425282897504474,127.90676927122081,250.42214624042182,45.10516802137061,125.12266529015113,249.28358829894142,45.42053946324569,126.4765779731513,250.13528381061474,86440400,32600,77097600
2018-06-15,44.7779426574707,127.93540954589844,249.56549072265625,45.09094421125991,128.27865614029486,249.90769872390177,44.64041200064033,126.18104452949999,247.96253809748382,45.06011731388298,126.18104452949999,249.08820784780636,246876800,82400,120041600
2018-06-18,44.75422286987305,124.88434600830078,249.05215454101562,44.86803994702497,128.0021682585024,249.17824273225258,44.38905447083197,124.2359993647261,247.60230523480436,44.550298646795206,127.80193500171399,248.08857473256958,73939600,67300,52917600
2018-06-19,44.031005859375,124.83665466308594,248.09756469726562,44.18276317805186,126.33359557132648,248.3226986035245,43.49985343491606,124.15970543029395,246.32350841665914,43.90058856562617,124.46480541655832,246.74676125971246,134314000,57900,97531500
2018-06-20,44.22307586669922,123.59713745117188,248.52084350585938,44.38905987821971,125.7138217501894,249.19624529520217,44.04049164493663,122.19554880591276,248.1786355354453,44.18750915643772,125.7138217501894,248.79099322872884,82514800,61600,53785500
2018-06-21,43.976478576660156,125.7424545288086,246.96295166015625,44.661758376318076,125.86639457872373,248.52990278382356,43.85317459779785,123.42553649040796,246.4586537644533,44.40092373222102,123.56856438461101,248.51187447757934,102847600,45400,71061400
2018-06-22,43.84841537475586,129.108154296875,247.41311645507812,44.14007319491782,129.1272130413665,248.3586952269405,43.79624846471982,124.99873981666711,247.187982578277,44.13295985429284,126.03800878919125,248.24162121385788,108801600,75100,54898500
2018-06-25,43.19633102416992,129.651611328125,244.04519653320312,43.84841375738871,129.86137389360903,246.4045958811369,42.8548762140485,127.75423341578183,242.33418404656322,43.48798883357396,128.3453745283319,246.24250603635622,126652400,53900,137854200
2018-06-26,43.73223114013672,128.51698303222656,244.5854949951172,44.23018676537003,130.38577272089728,245.45000154870644,43.28407252469869,127.04865970793098,243.85606329643755,43.39077988594861,129.76602898080964,244.62152411714902,98276800,48200,68547400
2018-06-27,43.66820526123047,123.94038391113281,242.55926513671875,44.408021640911684,128.90790690389136,246.6296760843277,43.63737837268395,123.84503200452923,242.40616199522938,43.921922855778305,128.4121031771377,245.17982698498966,101141200,43000,105110700
2018-06-28,43.9859504699707,128.35491943359375,243.9461212158203,44.154307990992315,128.9556045391442,244.7205687017801,43.58284544805975,123.38739560562054,241.78481361873648,43.653982479733386,123.83552345441838,242.50525864515367,69460800,48400,76650500
2018-06-29,43.89348220825195,128.84115600585938,244.29733276367188,44.38669447697594,129.2988130929559,246.4406122072428,43.37181656842981,127.25840766669066,244.18025872113185,44.17328333919839,128.8316120872042,245.05377948219638,90950800,33800,97592500
2018-07-02,44.38432312011719,126.58146667480469,244.8196258544922,44.412780110786784,128.1737446675433,244.9817431693533,43.49274913971674,124.71269141629789,242.46022668252152,43.58759974498103,128.1737446675433,242.70338891372867,70925200,51600,63554800
2018-07-03,43.611305236816406,126.88656616210938,243.95516967773438,44.56690282608166,128.52651991689456,245.82829973870926,43.521198075546245,126.64820095994476,243.52293003456683,44.528962587843665,127.15353402464116,245.7292264990336,55819200,41000,42187100
2018-07-05,43.96223449707031,127.86864471435547,245.94525146484375,44.20172903656597,128.01165803306097,246.00829554921583,43.69666011951741,126.47658536809932,244.0091055240864,43.9290376998762,127.71608747529689,245.0987733293841,66416800,65300,56925900
2018-07-06,44.57164764404297,131.606201171875,248.0255584716797,44.68072130963783,131.9685209537775,248.40376808159024,43.91482126960645,127.31562730741834,245.5850868992863,43.966988194258036,127.91631230401286,245.97233814280102,69940800,61100,66493700
2018-07-09,45.190528869628906,130.36669921875,250.25888061523438,45.214238803052666,132.21641561358135,250.31291056191696,44.88701422363692,129.85183675613646,248.99813605569022,44.93443770866442,132.02572635145256,249.04315185053565,79026400,56100,50550400
2018-07-10,45.135990142822266,131.5585174560547,251.15945434570312,45.356510967098636,131.67294264544225,251.2585275843816,45.09567638315686,129.71834509057499,250.42100831982512,45.2213538595505,131.5680613752204,250.71820055368613,63756400,28900,51966800
2018-07-11,44.55030059814453,131.0245819091797,249.32232666015625,45.00082911114843,132.1019972730179,250.38497978320584,44.486276906488676,129.85182919415817,249.0161477881492,44.697314479995946,131.43457762010553,249.58348973534544,75326000,40500,77054700
2018-07-12,45.2972297668457,130.25230407714844,251.58262634277344,45.38733691545731,132.49294318270947,251.63665628023625,44.889381308533885,129.67069230178961,249.98868822328913,44.94154822423747,131.05320780262818,250.60104583597814,72164400,34500,60124700
2018-07-13,45.36836624145508,129.17491149902344,251.7808074951172,45.489296661911006,130.71952844280545,252.08698637712564,45.26640231904032,128.1642450158631,250.94331577531412,45.30908598508222,129.84233138897247,251.40259783941298,50055600,25900,48216000
2018-07-16,45.2687873840332,127.88774108886719,251.5556182861328,45.68137575792285,129.4037407354046,251.96985697878515,45.15259674938049,126.87707465784226,251.1053504734601,45.413431391180204,129.30838880661813,251.82579546303623,60172400,33000,48201000
2018-07-17,45.39683151245117,129.3942108154297,252.57322692871094,45.496421935094546,130.45255320637742,252.96946480084983,44.86330906517409,127.97354855501793,250.71812574649977,44.99372638703351,127.97354855501793,250.77215568523087,62138000,22600,52315500
2018-07-18,45.14784622192383,128.11651611328125,253.1045379638672,45.479817860987716,129.4704286302375,253.2125978406105,45.03639903958853,126.06658132358233,252.20400234811808,45.47507442692365,129.40369394314754,252.65427015599263,65573600,36100,44593500
2018-07-19,45.49878692626953,130.0711212158203,252.1499786376953,45.65765759102926,130.3380890772119,252.81636621551587,44.97949126276146,126.81981638050337,251.66368169817306,44.97949126276146,127.90676111578543,252.42914248689942,81147200,46600,61412100
2018-07-20,45.39445495605469,131.7682647705078,251.86181640625,45.62920248284196,132.30220043042866,252.58226145104868,45.09331020571511,129.62297821276152,251.69972657698347,45.47507524569516,129.62297821276152,251.94286132088328,82704800,40300,82337700
2018-07-23,45.434749603271484,132.90292358398438,252.33009338378906,45.517743390767926,133.00780487228167,252.5371989891709,44.948650886889936,131.1008829386289,251.30346957876733,45.21422521779233,131.8159786637487,251.6546916643273,63957600,46300,47047600
2018-07-24,45.76435089111328,132.10198974609375,253.59982299804688,45.92085161226454,133.53218087026946,254.4553428307273,45.539086675129646,130.24274419439664,252.71731567819353,45.63393362348723,133.34149163011065,253.76194029624736,74791600,37700,68026900
2018-07-25,46.1959228515625,131.75875854492188,255.76119995117188,46.20303619332382,132.5405888846638,256.08537967130377,45.62920009125801,129.29882778077322,253.30272714481072,45.77858750460555,132.18781302210473,253.3477429452156,66839600,39800,78882900
2018-07-26,46.05127716064453,132.1981658935547,255.15777587890625,46.46623896613925,133.38260562710576,255.85117845785388,45.90900309434585,131.45311955995888,254.93264195925428,46.14612412605712,131.47222742300798,255.03171517462846,76304000,33700,57919500
2018-07-27,45.28537368774414,133.6595916748047,253.4287567138672,46.28365482467212,134.37598343499275,255.59003679447912,45.07670963990276,132.00711876231202,252.492191935474,46.236231341898154,132.38920311276223,255.49096358147088,96096000,59100,76768700
2018-07-30,45.031646728515625,136.4965057373047,252.10491943359375,45.57465218732906,136.77351871635682,253.6718423795658,44.83246597125315,131.81608534842255,251.57357931437417,45.503515168827015,133.31573911253028,253.5097525883608,84118000,37200,63742500
2018-07-31,45.121761322021484,138.6170654296875,253.34762573242188,45.56043669535862,139.07556678399834,253.96899739070028,44.89649705659699,135.3121186404637,252.49213354531227,45.12413484806782,137.10786459890278,252.87935719259855,157492000,45300,68570500
2018-08-01,47.77989196777344,141.38710021972656,252.92445373535156,47.8415421387354,142.3613826459964,254.06815170917488,46.78635418119727,137.46127228143465,252.26708023636428,47.21791623247135,139.1232920527359,253.55483974370316,271742800,67200,53853300
2018-08-02,49.17654037475586,141.51124572753906,254.30226135253906,49.41129154525151,142.3995790841337,254.47333783299865,47.50720957243945,140.60381908480127,251.3935214700776,47.56174640745866,141.7500429795768,251.60065455172,249616000,36800,63426400
2018-08-03,49.31880569458008,142.78164672851562,255.39193725585938,49.49664647199258,144.86396631425157,255.44596720081742,48.72362957720444,141.53035147849914,254.24823929585182,49.091167907492924,141.75004086609056,254.42835743382494,133789600,39800,53935400
2018-08-06,49.57489776611328,144.9403839111328,256.3284912109375,49.61757781675616,146.80299954361013,256.64365671574126,49.1006556842327,143.24969530240998,255.03171762272072,49.321176515580795,143.24969530240998,255.4279555236852,101701600,38100,39400900
2018-08-07,49.110130310058594,145.20779418945312,257.1749267578125,49.67684935366198,146.04835035721266,257.56217792545823,49.02713651303135,141.0622640421114,256.86874797286174,49.634169310513784,145.34152002807554,257.00385028924427,102349600,91100,43196600
2018-08-08,49.143341064453125,146.4782257080078,257.06689453125,49.27612828287162,147.13729381526832,257.4721465596446,48.496001565572776,142.35180260587887,256.59862589488654,48.85879650810201,144.45321530046994,257.00387792328115,90102000,56700,42114600
2018-08-09,49.529842376708984,158.91477966308594,256.7156066894531,49.74324985847288,163.50923614344765,257.5260829697235,49.13147716105528,136.34367486803177,256.5805318897675,49.68396960040737,137.54720768829478,257.1298452358746,93970400,156500,35717000
2018-08-10,49.38230895996094,153.50843811035156,254.99571228027344,49.755896331473544,159.13450101249342,255.80618897794923,49.17766955314776,149.14321717085699,254.2752671739844,49.34185744860902,158.0837872310972,255.2568753489389,98444800,77700,77076000
2018-08-13,49.701171875,158.771484375,254.04110717773438,50.19611385289186,159.57383947340585,255.89620838030774,49.42276769322386,150.00284356377333,253.74391502928503,49.805871628324944,152.70602963163958,255.27483659591346,103563600,113400,65732900
2018-08-14,49.91056823730469,161.87591552734375,255.662109375,50.10330930247868,162.35351012922413,255.90527163078008,49.556017482403504,156.75610081218468,254.3833639227568,50.008129695017466,158.29395601324077,254.77960187527006,82992000,115500,43842000
2018-08-15,50.027164459228516,164.73187255859375,253.7528839111328,50.14614077951037,165.7348091732628,254.43729966336306,49.572674044343216,157.73988330475004,252.29402084530443,49.78445174921016,162.36299375864374,254.2932106901482,115230400,166000,102925400
2018-08-16,50.760066986083984,165.7252960205078,255.80609130859375,50.876661474483754,166.73779405612143,256.6886259210232,50.31985307967627,160.61502890110347,255.17570551654984,50.38647953901034,165.1521767748638,255.2117346286507,114001600,115400,69967900
2018-08-17,51.773746490478516,166.97657775878906,256.7066955566406,51.8617878234998,168.05594593462527,257.15696339105307,50.72199604116543,162.58271734061276,255.1847880777532,50.788622503592876,164.80829476464103,255.5990267904057,141708000,76800,65618500
2018-08-20,51.2692756652832,164.5695037841797,257.2560729980469,52.15445611552627,168.11326133092885,257.526222744044,51.185990791772994,163.5188046458777,256.7067318716241,51.8974704682464,166.74734807862814,257.16601392199067,121150800,71500,39807500
2018-08-21,51.169334411621094,165.26681518554688,257.8593444824219,51.68093476917806,166.71869206222866,258.7328650597655,50.92900355090803,163.33732920400044,257.29200269231075,51.58813338426221,164.7701127935092,257.77829958128655,104639200,67900,67272000
2018-08-22,51.171714782714844,164.0345916748047,257.70635986328125,51.483432153015364,166.01183976564377,258.2376727242944,50.8837904973463,163.4901415610402,257.17501952009457,50.94566050608134,164.76054459319266,257.4451967681482,76072400,67000,44993300
2018-08-23,51.27642059326172,161.91407775878906,257.3641357421875,51.6476261661413,165.67752464888935,258.3997464228561,51.064642868689674,161.51290013865517,257.0399285612346,51.076537597129295,164.10146867157573,257.52622559157805,75532800,83600,49204900
2018-08-24,51.43584060668945,162.00006103515625,258.9129638671875,51.611923226512666,164.19698408605305,259.0570528414118,51.18598962273418,160.8442759263999,257.89535438071476,51.540540343270244,161.46514294947463,257.9493843107786,73905600,71100,57487400
2018-08-27,51.85939407348633,160.50035095214844,260.95721435546875,52.04975689378709,164.71273648217812,261.0652742341678,51.476290213820995,160.47169645806844,259.9666196637831,51.671409472249394,162.1910389779808,260.12870948183166,82100400,43400,57072400
2018-08-28,52.27819061279297,157.70169067382812,261.08331298828125,52.478069944956275,162.38211037824976,261.5335808223322,52.09258785708863,157.26229737391097,260.615016852281,52.114002721777084,160.34755339009052,261.4254934571392,91107200,41200,46943500
2018-08-29,53.05868148803711,157.9404754638672,262.4881286621094,53.18003966468337,159.51653116936305,262.7222492320925,52.20919240585995,156.565001246331,261.0562803446201,52.38527504512028,157.60615355056828,261.29941506496766,109019200,47100,61485500
2018-08-30,53.54648208618164,161.36962890625,261.42547607421875,54.31506809383097,161.40783005250742,262.3800416203617,52.92066548347078,157.39603924422747,260.8221326067223,53.12292667905334,157.39603924422747,262.0018320549209,195175200,37800,61229500
2018-08-31,54.16516876220703,161.96185302734375,261.4345397949219,54.46022775648587,163.20360170766642,261.8848076844081,53.777304738717625,158.0073709423353,260.5160031939515,53.89865929628041,161.62754560477535,261.01128687951797,173360400,176000,66140800
2018-09-04,54.33885955810547,162.4967498779297,260.9842224121094,54.53397881525669,162.75465499189252,261.3444311589538,53.927202548893646,158.19839932867782,259.96661277770374,54.35075791508428,161.25501582372348,261.01123738106855,109560400,65700,57594400
2018-09-05,53.98431396484375,166.2315216064453,260.2817687988281,54.650582079190634,167.14850935521227,260.8311097325923,53.563140408688696,160.44307925649213,259.2551726419038,54.48877602773721,163.2131212115769,260.62397667852355,133332000,59600,72452400
2018-09-06,53.08723831176758,170.40574645996094,259.4983215332031,54.098537086543615,170.65410497853756,260.6960216955383,52.65892281039445,162.2197826425358,258.45369702090363,53.83202764631737,167.1485623839078,260.3898429133035,137160000,55200,65909900
2018-09-07,52.65892028808594,170.84510803222656,258.9940185546875,53.627385650901495,171.93402292776798,259.9846131135821,52.51852910101497,167.7693982338498,258.1925287581664,52.78979496707971,170.5012394033699,258.4356909348095,150479200,82800,73524800
2018-09-10,51.95220947265625,172.8319091796875,259.4443359375,52.78980392955111,173.7011347139018,260.2908416786441,51.509617339106846,170.0236510383971,259.24621698782437,52.57564433732862,170.9788400891746,260.0206644842675,158066000,59900,50210900
2018-09-11,53.26569747924805,173.0610809326172,260.2998046875,53.37277543617501,173.98761513367126,260.7500724883655,51.531020779729104,170.49163558358418,258.4357168783625,51.87605136576887,172.593047799626,258.78691147231154,142996000,22700,50530500
2018-09-12,52.60419464111328,178.39108276367188,260.3628234863281,53.53934682280092,178.39108276367188,260.9751810403073,52.31151026425605,171.80028484944555,259.56136116935954,53.52507024458727,173.16619804970216,260.30879355404545,197114800,41700,59810800
2018-09-13,53.8748664855957,175.75479125976562,261.90277099609375,54.3364952600401,178.41021574431846,262.0919032697531,52.96112907707652,174.86647240865125,261.15533849875084,53.187183394113916,178.41021574431846,261.44351650246955,166825600,26000,51034200
2018-09-14,53.2633171081543,175.8407440185547,261.94781494140625,53.97717501531427,177.4550158019307,262.2990095550807,52.949221517055825,174.57034086699267,261.1553391702257,53.71780751378806,175.75478050435817,262.1099047631021,127997200,22600,55079900
2018-09-17,51.84511947631836,175.63055419921875,260.5610046386719,53.05153740584597,177.64600308374474,261.9298090537365,51.69996822877128,173.11841764909244,260.2818407611401,52.86117457827898,175.90756710409576,261.8938074117236,148780400,31100,68244000
2018-09-18,51.9307975769043,175.44911193847656,261.97479248046875,52.78980695295813,176.9774201982306,262.5781358912973,51.664288088932835,172.88921236467044,260.75004987759115,51.823715959225325,175.64016140221662,260.77706484401386,126286800,38000,61930400
2018-09-19,51.96171188354492,174.57989501953125,262.2540588378906,52.2591526552021,176.68130787333223,262.67731179878444,51.23119923640665,173.78708641229647,261.902836654901,51.99264688567528,175.13390638031078,262.0289248689508,108495200,34300,49080600
2018-09-20,52.35672378540039,175.82162475585938,264.3791809082031,52.89211727342797,176.20369447919262,264.70338795551805,52.14732428153805,174.8855291561493,262.27193128821773,52.40669544186553,174.8855291561493,263.53270288291304,106435200,24600,100360600
2018-09-21,51.79277801513672,173.09934997558594,264.1376953125,52.67320215081981,176.22282205464757,265.2503782057628,51.704733059959736,172.88920723173302,263.97487174955586,52.535189169202745,175.27717970730944,265.13277420811244,384986800,52200,105479700
2018-09-24,52.53756332397461,170.01409912109375,263.26025390625,52.64940135851377,175.04793476852225,263.6944777359148,51.54768307209561,167.1676253440535,262.6722614497664,51.59289465595645,173.57695008896698,263.5497364593599,110773600,34600,53409600
2018-09-25,52.87070083618164,168.9634246826172,263.0160217285156,53.02061217025842,170.73053061292586,263.8301672632818,52.27819741990285,168.3998665270167,262.7717863500586,52.29009577879089,170.16695788229418,263.7216182061898,98217600,19400,44370000
2018-09-26,52.449520111083984,170.56809997558594,262.2289733886719,53.24190283251918,171.52328893778324,264.3638448028031,52.292470498359364,168.08460284386217,261.80380457564445,52.5875330770357,169.1066474543993,263.16072279510576,95938800,31300,79739700
2018-09-27,53.52745056152344,171.99130249023438,262.9617614746094,53.882001334823016,172.65993177213906,264.0653896259144,53.19193643687781,170.56808042768552,262.42804351055054,53.25856652260138,170.56808042768552,262.708471125453,120724800,15600,59249500
2018-09-28,53.71541976928711,174.1118621826172,262.9888916015625,53.739212850118484,174.78049161534042,263.49547228612414,53.306141017955845,171.2654028404362,262.2923500619344,53.489361900744285,171.9531401355311,262.3285146775625,91717600,55300,70091400
2018-10-01,54.07711410522461,167.83624267578125,263.9024658203125,54.59109266426254,174.11182596949237,264.9879836445337,53.86057996850789,167.26312352406106,263.2240068277116,54.241302003045256,174.11182596949237,264.24619518704725,94403200,47000,62078900
2018-10-02,54.55778884887695,164.57904052734375,263.7487487792969,54.72911506476667,169.96630501766595,264.472427545935,53.92721571460903,163.20356626172529,263.3688270891132,54.07474521073141,167.82667676281224,263.7487487792969,99152800,38200,47258200
2018-10-03,55.221675872802734,161.20729064941406,263.8934631347656,55.554808146408234,167.16766212477663,265.2413264329312,54.67676224492081,160.50044537123256,263.53162378835697,54.741010480140964,164.7414878902596,264.8161576090936,114619200,52400,64694600
2018-10-04,54.25082778930664,159.57386779785156,261.8309020996094,55.28830152313024,161.9045312283645,263.4591926732204,53.95100511655437,158.96254743698154,260.22069382781444,54.91471410735777,161.34097323123981,263.40491816120453,128168000,18900,111545900
2018-10-05,53.370391845703125,156.94712829589844,260.3655090332031,54.3507591146687,161.57980154448097,262.5817925210217,52.48758965376971,155.24689275982752,258.9181238862463,54.243681161233575,159.40197142917594,262.0571295536198,134322000,30300,105951700
2018-10-08,53.24666976928711,160.45263671875,260.3655090332031,53.49176072793593,161.84721900726865,260.72734841829845,52.397176997971975,156.99485736266615,258.2668019504445,52.87546418651294,156.99485736266615,259.66893992015474,118655600,29800,87742200
2018-10-09,53.98431396484375,160.9111328125,259.985595703125,54.079497198818515,163.33730627040555,261.3063220644021,52.88497393623633,160.71053672512124,259.41568547963044,53.215727958701756,160.71053672512124,259.97656835168715,107564000,25000,74339000
2018-10-10,51.48342514038086,161.5511016845703,251.75363159179688,53.860572942693715,164.71277457953988,259.54235907363807,51.409660414661964,160.30935321214346,251.3737098258032,53.648795272039756,160.9493280196577,259.46997461858535,167962400,33300,214731000
2018-10-11,51.0289421081543,155.88685607910156,246.2082977294922,52.23060364716727,162.9934652181905,252.2963197496095,50.52210546202698,155.45702390496916,244.57092436177845,51.04560053550586,161.0162313871699,250.64991903298505,212497600,30000,274840500
2018-10-12,52.8516731262207,154.75973510742188,249.6277313232422,53.03489771764868,159.51657253062046,250.65897480844785,51.597661409429456,153.31739030322868,246.38920439914966,52.449532491533965,156.41220809514434,250.36949229778352,161351600,28100,183186500
2018-10-15,51.72139358520508,154.99851989746094,248.22560119628906,52.78504233296517,159.4592506859744,250.61379083860595,51.69997871586298,154.1579489308795,248.13513444803604,52.62561447641346,155.69580377199665,249.2658997847598,123164000,27800,102263700
2018-10-16,52.861167907714844,157.59666442871094,253.65325927734375,53.06105084841483,158.08380565229032,254.03320855410587,51.57860355665998,154.77884475252839,249.73630053772345,52.094960255825605,155.69583275724062,250.21574390686737,116736000,21200,118255800
2018-10-17,52.63274383544922,156.10653686523438,253.69850158691406,52.9777744294935,157.99782164699405,254.33171356060953,52.192530009030236,154.20572001517064,251.0841590875043,52.896871405126795,157.37694002973953,253.6894466308443,91541600,19500,110626000
2018-10-18,51.402530670166016,153.89048767089844,250.03480529785156,52.28771478764742,156.001461599671,253.35474420200268,50.68391267567968,153.01171561243547,248.7412164839523,51.84036265942995,156.001461599671,252.7486418841667,130325200,19200,134557500
2018-10-19,52.185386657714844,155.4856719970703,249.8990936279297,52.64939352406025,156.68920494999549,252.65814950137454,51.73803458612609,153.92870918552592,249.1934972913607,51.88794589327949,153.92870918552592,250.69515669617581,132314800,28400,139901600
2018-10-22,52.504241943359375,157.7494354248047,248.77737426757812,53.14909511403185,158.418079291173,250.90319054735895,52.09734501355199,153.92867995995903,248.23460150412726,52.29960255352772,155.67667733412895,250.57754345323013,115168400,23900,82415800
2018-10-23,52.99919128417969,158.25572204589844,247.51092529296875,53.12292767547591,159.086746468425,248.65074547375383,51.08843184683703,154.63556179384085,242.98786439343795,51.357319495941546,155.79134701021374,245.1046811882025,155071200,20100,146352700
2018-10-24,51.18123245239258,161.36962890625,240.01171875,53.35611943617145,165.64887146341346,247.6466480289696,51.05035777425403,155.8486377578261,239.45086359552633,52.96825910206703,158.37988272941195,247.2576437967542,163702000,41000,177806700
2018-10-25,52.3019905090332,159.9155731201172,244.3175811767578,52.677956112421384,161.8479183045038,245.88256977496263,51.57623423764682,157.65798590768696,240.83484728490708,51.804670367492854,161.8479183045038,241.87514549701442,119423200,31900,138061500
2018-10-26,51.46916580200195,158.70069885253906,240.020751953125,52.39480158901391,159.73383358223256,245.14991546792606,50.60539640514787,155.14212853802624,237.27075063789374,51.373982550755485,158.30850205614274,240.554497465088,189033600,16800,201574600
2018-10-29,50.50307846069336,160.94873046875,238.69094848632812,52.275825212818376,161.05395756287703,244.47143337207112,49.039667290018656,158.05021958108466,235.0634725397517,52.15684887199294,160.0973529241326,243.15973471282996,183742000,19200,160749100
2018-10-30,50.755313873291016,166.7553253173828,242.22799682617188,51.20266250001694,166.86053781342088,242.54461661483384,49.796364740493495,158.15544447966928,238.02155565272946,50.24371336721942,161.9053328598954,238.5191089225049,146640000,43400,157116000
2018-10-31,52.07831573486328,165.13868713378906,244.81521606445312,52.456659566861006,167.50150209798176,247.16721342068382,51.54530050597038,162.7184782185035,244.35385498580803,51.607170517076135,166.9179726008202,244.83329837097017,153435600,43400,128296300
2018-11-01,52.877838134765625,165.6552276611328,247.4204559326172,52.911151360506466,168.7641928144005,247.6194716921455,51.59051342779925,164.335108555901,244.58901573837932,52.123528670522056,165.6456668692937,245.69264356729636,233292800,35000,99495000
2018-11-02,49.37041091918945,166.9083709716797,245.9550018310547,50.83857821841909,168.94594349493397,248.97640299013665,48.88260729891281,165.28214602764075,243.87437739726116,49.86297460873481,166.2100536821143,248.5421792354544,365314800,37200,122634100
2018-11-05,47.968875885009766,168.1423797607422,247.31195068359375,48.63514405955893,168.90766629239582,247.87280584885323,47.15507822305573,165.2629908275159,245.46653400550252,48.613729191555535,167.1570782775996,246.4525580229062,264654800,40900,65622500
2018-11-06,48.487613677978516,172.0261993408203,248.87689208984375,48.71366797476321,175.75695127672307,249.0397156524434,47.99267171832279,168.2763112267104,247.18527177416814,48.04739981250091,168.2763112267104,247.2486012507032,127531600,52100,60085900
2018-11-07,49.95816421508789,172.14100646972656,254.20510864257812,49.98433915500493,174.40816945046083,254.28652043595162,48.57328151177009,169.00334433767307,250.64996135914504,49.01111356959175,172.0931733171724,251.08418519704654,133697600,28900,102752100
2018-11-08,49.78385925292969,174.47509765625,253.7438201904297,50.17307298926286,176.83791198617698,254.39514233047598,49.36837560244916,166.87009464866642,252.58591723107898,50.13964352153721,174.2168103490354,253.3910080448869,101450400,55300,65584900
2018-11-09,48.823944091796875,184.0507049560547,251.26512145996094,49.1916681865541,185.89695928140338,252.60392999669963,48.293845716307864,174.8290379096653,249.83581856526635,49.081830083402735,175.48909736803796,252.41396914340658,137463200,82000,98812600
2018-11-12,46.36446762084961,181.439208984375,246.57015991210938,47.720756164146685,185.61000599787496,250.9936993211225,46.27372896785959,180.17649838950334,246.04546936380407,47.51778927515447,184.05073568926906,250.7494639596126,204542000,37200,99673600
2018-11-13,45.901241302490234,181.6400909423828,246.10882568359375,47.08321606926855,184.17508736104864,249.0668980329832,45.71499090983611,179.47815514713068,245.37609191258375,45.75797373158463,183.0845586719547,247.0405752693582,187531600,40200,98176600
2018-11-14,44.604652404785156,181.4200439453125,244.4262237548828,46.43850357276187,184.9403562189488,248.41553920225707,44.39690877643929,179.40160779569914,242.84315242902625,46.300009035044084,182.77843522795666,248.0084802824092,243204000,29000,125335900
2018-11-15,45.705440521240234,185.10296630859375,246.97727966308594,45.83915837619377,185.4664806807919,247.44769580244548,44.62852719827272,181.0947912143067,241.5405776440265,44.984315067982756,181.52526030965265,243.1417317324487,185915200,25700,135101400
2018-11-16,46.21165466308594,185.55259704589844,247.61953735351562,46.55550262441494,186.49964086293323,248.5422319705984,45.23981014804708,182.67322242960503,245.3398966659583,45.48814276259696,184.0507208044357,245.8645872650151,147713200,31900,126668000
2018-11-19,44.38018798828125,190.0486297607422,243.43118286132812,45.53589629901401,191.24438548324898,247.3029225189203,44.172448040348,185.52389419383223,242.49943326822884,45.368749005071294,185.5525911634422,247.00438499114998,167701200,49700,103061700
2018-11-20,42.25979995727539,186.84400939941406,238.9262237548828,43.33193657457024,190.44083728510444,241.53151189575496,41.90878877508788,186.16481374026563,238.0487486186388,42.5917080687306,190.34517099058982,240.0479343018662,271300800,33600,136021300
2018-11-21,42.21204376220703,189.58946228027344,239.7403106689453,43.04539745394287,190.6895516983788,241.66713903473132,42.15712471150537,186.84401183215886,239.7312833195899,42.91645263842295,186.84401183215886,240.50018158946025,124496800,19000,75563700
2018-11-23,41.13991165161133,191.11041259765625,238.13917541503906,42.169069196646255,191.62698711190623,239.55942327671056,41.094545953007874,188.4032205819907,237.9763518352051,41.772688636765956,189.4841881498714,238.0758459318008,94496000,14000,42807900
2018-11-26,41.696266174316406,190.7852325439453,241.9837188720703,41.77506496351826,194.20987892122452,242.20987188036196,40.65517265093497,187.25535907195592,240.02975356764222,41.6055311557057,191.32092880915036,240.427785070761,179994000,40200,79981400
2018-11-27,41.60552978515625,196.2378692626953,242.79788208007812,41.73208441843763,196.2378692626953,242.79788208007812,40.80321917298395,190.03907547217628,240.31925376057478,40.95364990783419,190.77565051287152,240.93438336290006,165549600,41800,75502400
2018-11-28,43.205387115478516,204.71336364746094,248.38833618164062,43.28895896100328,212.2035786577459,248.38833618164062,41.77029926874478,196.43874053494073,242.7345115146827,42.20010930307051,196.8405126746163,243.88338635521063,184250000,83900,127629600
2018-11-29,42.873470306396484,199.00247192382812,247.8456268310547,43.64951472927306,208.31023144385202,249.26584681115932,42.43172048519005,198.30415458918145,246.4434615475579,43.616085269106044,203.75679838726123,247.60136390202436,167080000,42000,82346400
2018-11-30,42.641845703125,203.29759216308594,249.3564453125,43.059715728969586,204.043742504387,249.92635563931336,42.27173152295516,198.06496438715007,247.36631425506698,43.05016237371215,198.63891832842907,247.69196152376927,158126000,34400,98204200
2018-12-03,44.13185119628906,207.4971466064453,252.65821838378906,44.16050397437661,207.7171616190787,253.65329749038597,43.269844901293794,198.13197762379014,251.03898215356756,44.04588921848902,205.4404375687565,253.54474842540776,163210000,43800,103176300
2018-12-04,42.1905517578125,203.10629272460938,244.47146606445312,43.55161357761713,207.46840730171076,252.25113711085353,42.090263375673,200.78173599016893,244.15484624851243,43.20776561397429,207.46840730171076,251.8169132827141,165377200,47300,177986000
2018-12-06,41.720149993896484,205.71783447265625,244.10057067871094,41.734476385416116,206.24396995349946,244.2181746904076,40.69338276037902,195.30997113026223,237.40644542794962,41.01335098277762,200.59043292563905,240.55450605372573,172393600,35600,204185400
2018-12-07,40.23253631591797,208.68328857421875,238.4286651611328,41.66523386488506,209.72599868626713,245.34894357879776,40.187166977234554,204.33074930227258,237.57832740977778,41.42645094005721,204.3498708847851,243.75681713258822,169126400,32200,161018900
2018-12-10,40.497589111328125,209.4485626220703,238.88096618652344,40.61459042303899,210.3477732316065,239.86699023739337,39.000419019262125,205.09600901439896,233.95081832559833,39.39918610197873,208.05192815772318,238.24772656172698,248104000,22500,151445900
2018-12-11,40.265968322753906,203.87155151367188,238.9352264404297,41.02051964377646,210.45299531067158,242.3184672575109,39.87675096477023,203.86199072321608,237.44262182151584,40.9894803391945,210.45299531067158,242.1285064240497,189126800,37800,121504400
2018-12-12,40.37820053100586,206.99012756347656,240.1383514404297,41.05156659253078,208.87463997114745,243.3406864190565,40.359097456726865,204.65600978362252,240.05693965367314,40.68861546830763,204.65600978362252,241.9566308310475,142510800,28200,97976700
2018-12-13,40.8199348449707,205.66041564941406,240.0569610595703,41.20676560938166,208.31019972002372,241.97473471392945,40.48564025206029,203.1923741805383,238.92619568727585,40.710096754530625,207.21967112648576,241.09725968076592,127594400,30600,96662700
2018-12-14,39.513790130615234,201.03045654296875,235.6243438720703,40.37340995969393,207.22926503604285,238.84476113700927,39.46603428311922,199.0120201959572,235.06348871790073,40.354306891988,204.84731425981852,237.8768194449688,162814800,23700,116961100
2018-12-17,39.14606475830078,193.3297882080078,231.00177001953125,40.199098102026504,200.29386826565576,235.7871624442154,38.85713587899353,193.119334036214,229.3463280509292,39.5066255846336,200.29386826565576,234.6563972036364,177151600,26600,165492300
2018-12-18,39.6546745300293,190.6512908935547,230.7484893798828,40.003295493564984,195.5395407576421,233.34473586728797,39.25351739800612,189.4172628424402,229.12018460455437,39.48991376028072,194.3437850628715,232.66627669450838,135366000,28500,134515100
2018-12-19,38.41778564453125,181.21914672851562,227.29283142089844,39.98420108980918,190.84258502119187,234.65637336743478,37.98797563978099,179.02851439551557,225.56503279929993,39.637966568371446,190.84258502119187,230.82986804692902,196189200,34800,214992800
2018-12-20,37.448326110839844,180.61648559570312,223.59300231933594,38.70909964806742,182.54883069023114,227.61852396573437,37.08298853150335,176.97182494182087,221.31337564412772,38.30077924811226,180.47300076548163,226.0264114166215,259092000,30200,252053400
2018-12-21,35.99174499511719,172.5618896484375,219.01165771484375,37.765903812026735,187.7431987864124,227.20981807967658,35.729085994901155,170.08428743234379,218.35653240158163,37.45548531764611,179.2294243541639,224.50742963344334,382978400,183300,255345600
2018-12-24,35.06049728393555,164.83255004882812,213.22476196289062,36.187552980420826,169.2807705680901,219.13907865836583,35.0031880703125,164.83255004882812,213.1610765411796,35.3756888500166,168.85986217349716,217.50126510437852,148676800,21500,147311600
2018-12-26,37.529502868652344,168.19979858398438,223.99789428710938,37.54382925774434,169.02247917283077,223.99789428710938,35.034222630595096,159.43729642308614,212.6970025832191,35.41149999867971,162.00100449397232,214.70787619193916,234330000,45400,218485400
2018-12-27,37.28594970703125,168.9268035888672,225.7175750732422,37.433997587915734,170.60086164657773,225.9177391253539,35.83415282958017,165.72218692208378,217.4284341615123,37.21192758835802,166.70748849689173,220.71315444096356,212468400,18600,186267300
2018-12-28,37.305057525634766,171.75836181640625,225.42642211914062,37.85187249611899,175.22126585730612,228.74753237077,36.903903937165346,168.4580788087203,224.2435561788713,37.60831287824056,169.45294118739005,227.09153116150648,169165600,31800,153100200
2018-12-31,37.665618896484375,169.68251037597656,227.40090942382812,38.052446058733935,173.0880200503822,227.64658491020688,37.364750087145225,166.2195921705757,225.17166991439416,37.854255799045845,171.89226442894054,227.07334673662075,140014000,28800,144299400
2019-01-02,37.708587646484375,172.2940673828125,227.63748168945312,37.930657594048284,173.14544495369202,228.574686136647,36.827478337398325,165.01430527354626,223.7886304496899,36.98507589456792,168.20936136231848,223.81592618385258,148158800,39900,126925200
2019-01-03,33.952537536621094,170.17039489746094,222.20542907714844,34.79544079283063,194.75513065861247,226.1725712079577,33.90716820746201,169.7494865301168,221.71407807952005,34.37995727917837,172.28449752557475,225.8631964049017,365248800,27200,144140700
2019-01-04,35.401954650878906,173.99681091308594,229.64837646484375,35.471203738536325,175.9865502418634,230.3035019127103,34.33698486073971,170.4286798256757,224.89872390975864,34.511295373347224,171.07916395029616,225.2808781070317,234428400,29100,142628800
2019-01-07,35.323158264160156,177.42141723632812,231.458984375,35.53806509445111,180.21470030125502,232.88751162543608,34.83842919157571,172.2174870235124,229.011365768573,35.50702214658344,174.29331679652446,229.92126033548925,219111200,34500,103139100
2019-01-08,35.99652862548828,183.1610565185547,233.6337127685547,36.25202812317135,185.8012795646431,234.12506380907726,35.46404368325892,178.11018615417865,231.1133137917186,35.71237634060284,179.20071465110925,233.67922417603796,164101200,27200,102512600
2019-01-09,36.607810974121094,184.9307861328125,234.7255859375,36.89912644465085,187.91538745648384,235.58088935571797,35.7290915272066,183.744591316074,233.10597414364247,36.1254684279678,183.82112142650482,234.35252570038037,180396400,41500,95006600
2019-01-10,36.72480392456055,190.94781494140625,235.55355834960938,36.765396572793136,194.4107183811734,235.80832777000856,36.02278174604317,185.0359918472804,232.47810963835823,36.414385483534446,185.82997529276233,233.1696385370635,143122800,55100,96823900
2019-01-11,36.364253997802734,199.6050567626953,235.6445770263672,36.700938833098775,199.6050567626953,235.67187276101404,36.17800358754081,190.2016347410874,233.8702709709613,36.505138707955666,190.93822413922126,234.46169706683423,108092800,31100,73858100
2019-01-14,35.81743621826172,191.95225524902344,234.20693969726562,36.12069153176698,198.30410830610495,235.02583954668285,35.6311858414098,190.36428833559663,233.30615263968554,36.02040314758041,198.30410830610495,233.71558868049993,129756800,47900,70908200
2019-01-15,36.550506591796875,192.60281372070312,236.89112854003906,36.62691523841069,194.74561380305337,237.20959728946843,35.82938108852284,191.4357546558178,234.5799878578735,35.881913627117946,192.43063185701416,234.58909569201884,114843600,26800,85208300
2019-01-16,36.99702072143555,190.46957397460938,237.46432495117188,37.22147721591675,194.28643221432452,238.36511180387234,36.53378134236373,189.33121197697693,237.1185605279343,36.552884410355496,192.765419555463,237.32781853415966,122278800,28400,77636700
2019-01-17,37.216697692871094,196.33352661132812,239.26596069335938,37.64650758098338,196.33352661132812,240.1394798104817,36.59586078298253,189.88600657412613,236.53627592987817,36.82031726030436,190.9287020491008,236.5817873366098,119284800,38600,96118400
2019-01-18,37.44593811035156,198.44760131835938,242.45057678222656,37.699047414792304,200.7721578519532,242.92373988112593,37.24535769463832,192.04791485491597,239.30234833950857,37.608308742053886,195.87433286865777,241.10395015991293,135004000,18200,127900300
2019-01-22,36.60541915893555,199.07896423339844,239.1749267578125,37.42444275391004,200.40864391224468,241.17670636599152,36.443044892915836,195.40560643528556,237.5371272731459,37.348034120841504,198.97373715392314,240.9583405061119,121576000,22300,115531200
2019-01-23,36.75346755981445,204.53164672851562,239.6754608154297,37.04478302123247,205.12473696624994,240.93112043965527,36.22336917222025,196.83097604358008,237.1732494032621,36.808386612644256,198.61026135341223,240.22140340437042,92522400,20900,86030300
2019-01-24,36.462154388427734,204.72315979003906,239.80282592773438,36.8871877322328,207.48141070214442,240.3942799161013,36.23292480528311,201.93619292912322,238.46527911244578,36.79883920993108,203.1141898337872,239.4934649472463,101766000,17300,59204100
2019-01-25,37.67039108276367,202.67364501953125,241.8318328857422,37.75874323827236,208.73604258914523,242.6689482989801,36.84898092175312,202.27140250102755,239.90286040002852,37.12596633203503,204.1964380133783,241.67713855572103,134142000,26600,96883400
2019-01-28,37.3217658996582,202.42465209960938,239.99386596679688,37.3289290947723,204.15813111664878,240.05753750050897,36.691379224853904,195.1938291591773,238.20137206548117,37.19998429564318,203.03759519867938,239.65720932714336,104768400,17300,85613700
2019-01-29,36.934940338134766,201.55307006835938,239.6754608154297,37.75874432744338,203.01838703504941,240.71272674340287,36.798835968295656,200.42296244226907,238.829265074858,37.30983127165065,202.721494848999,240.13951618119833,166348800,14200,66136300
2019-01-30,39.45887756347656,202.7981719970703,243.46966552734375,39.6737807342436,204.59869881444902,244.32496895618317,38.260186283868904,200.22189063799195,240.43972772315337,38.9813117230714,201.12215404668132,241.21314394299185,244439200,13800,92473700
2019-01-31,39.7430305480957,206.67694091796875,245.60794067382812,40.354314252024146,206.7344020472428,246.09929172878049,39.294117483975256,198.80444470567988,243.1876167403546,39.66423174576361,202.491675100016,243.40601041355043,162958400,19600,104012100
2019-02-01,39.76213073730469,207.81661987304688,245.72618103027344,40.34953464878564,207.82619185597403,246.76347440364074,39.62124605293177,203.67924350907316,244.92546918440078,39.86719579946564,207.4909824752367,245.80806822799428,130672400,14500,85782500
2019-02-04,40.89157485961914,210.6993865966797,247.4549560546875,40.989476730812505,211.28359911679183,247.51865534826877,39.94360638014959,206.53327924348625,245.08922426948976,39.974649325537285,207.3952400477931,245.7716452978478,125982000,39700,60744800
2019-02-05,41.591209411621094,207.95071411132812,248.49227905273438,41.80611623687875,211.39851335657372,248.80163995710578,41.1542398516945,206.15018747234683,247.38220626985523,41.27601783553029,210.4120583440379,247.8917451438536,144406400,15200,79552800
2019-02-06,41.60552978515625,208.78390502929688,248.16473388671875,41.92311144867628,209.4543091410519,248.710676397318,41.27362173198739,206.38002220939188,247.41864114894904,41.703427995602425,208.08477035658905,248.21024529381262,112958400,11000,58347800
2019-02-07,40.81755447387695,211.17819213867188,245.7989959716797,41.533903261011226,212.83505096021076,247.0819232111849,40.674283259034766,207.98896870783017,244.11568502873254,41.166175509900825,207.98896870783017,246.5269007086259,126966800,32100,95482000
2019-02-08,40.86552047729492,211.43682861328125,246.09927368164062,40.92547224010094,212.61482558209858,246.19934879168238,40.388303128059526,208.78392782386257,243.69713782717594,40.524994903656555,209.8661611169531,244.53425334949233,95280000,13400,75788900
2019-02-11,40.63050079345703,215.1144561767578,246.2357635498047,41.057360646571766,215.1144561767578,247.0273677026039,40.58733728715776,211.4751009043852,245.69892886880052,41.01899064597376,211.4751009043852,246.76351816353073,83973600,28000,68021400
2019-02-12,40.980621337890625,215.373046875,249.40216064453125,41.007000256351944,216.9916032923281,249.78430089587874,40.695250399763104,212.61479619393373,247.80073697241144,40.791175402879134,215.48796911547336,247.87354410357213,89134000,21600,72270200
2019-02-13,40.81035232543945,216.37867736816406,250.21194458007812,41.361909141349344,217.4034495413786,251.06724785338568,40.74800382453859,214.5494347802087,249.82069650784567,41.10052039709488,215.4880006467409,250.24834814449946,89960800,14100,65277200
2019-02-14,40.95903015136719,216.90541076660156,249.65699768066406,41.069339305590134,217.30765324750436,250.80347428076695,40.618504701850114,212.250869753706,248.2830473277022,40.6976414390086,214.86546780014544,249.11105512024403,87342800,21300,83234400
2019-02-15,40.8679084777832,215.66038513183594,252.37753295898438,41.17486114487642,219.79776177992377,252.41393652837695,40.70723822697382,215.66038513183594,251.2492722179025,41.06694872677035,217.585420633536,251.45853026438786,98507200,39100,97088700
2019-02-19,40.99021530151367,214.5302734375,252.8143310546875,41.11251923291614,218.03554837685078,253.47853663264692,40.644896240049384,214.1088723479105,251.5586715130769,40.697654081210246,215.52630041985373,251.5677793487613,75891200,26200,59120800
2019-02-20,41.253997802734375,215.62205505371094,253.3238067626953,41.56335088100761,218.36114722183157,253.7878619820296,41.00460013345912,214.69306128459115,252.26832549521598,41.05256080149309,215.2102406064277,252.7778643460288,104457600,21000,76610800
2019-02-21,41.02138137817383,217.19273376464844,252.4230194091797,41.33552793623831,218.1696167242564,253.04174118875144,40.83912939082912,213.66831506022527,251.44942534063355,41.198839860520806,214.63561142325446,252.67778883416716,68998800,18700,64214700
2019-02-22,41.47941207885742,217.25021362304688,253.9879913330078,41.48660599525643,220.27662643263042,254.18814148743547,41.09811987305414,216.4648871627235,252.40475585090422,41.14608053543551,217.1352913639058,253.05077324029932,75652800,34100,78114600
2019-02-25,41.78157043457031,209.5500946044922,254.3337860107422,42.174853747958,218.1696139149846,255.96250548739934,41.71442477076004,209.0808044033172,254.25189881038992,41.764785848199864,217.4034314979758,255.4347787180895,87493600,34500,69030700
2019-02-26,41.8055534362793,202.999267578125,254.15187072753906,42.0381665117077,209.8086885569127,255.04355003041178,41.52737644681543,201.12212134883487,253.76970262074292,41.65687427188089,208.7839164478381,253.9789884611064,68280800,47000,56844100
2019-02-27,41.9350471496582,219.47210693359375,254.04261779785156,41.96622322927537,220.60221460762648,254.39746230061496,41.421860337678204,202.33841956956243,252.47759776340072,41.53697032741964,205.75748776564842,253.4238682826253,111341600,66400,56921600
2019-02-28,41.5225830078125,237.3815460205078,253.5695037841797,41.944645694291225,239.87163505058714,254.270140627781,41.46742841916208,219.79772725551786,253.24195494908454,41.80316043423967,220.611798757505,253.82427324518326,112861600,51900,69268300
2019-03-01,41.95903396606445,237.70718383789062,255.15269470214844,42.00219747263163,241.28907821439887,255.57123850673818,41.460234932688365,229.4707630890302,253.69685756748152,41.79356653922759,236.5770761047798,255.17088260051017,103544800,55900,78880500
2019-03-04,42.17006301879883,234.49884033203125,254.2245635986328,42.62569486167129,242.04569915416548,256.47200452969446,41.71922468139676,233.4070350300589,251.89523547993505,42.131693020048765,239.4215434814456,256.22634296678626,109744800,47700,106494600
2019-03-05,42.09332275390625,237.91790771484375,253.87881469726562,42.2060323375408,240.29306027497128,254.55215567194406,41.85591250470838,226.2145136880662,253.32379224677805,42.19164450289204,233.598575677243,254.3519777228964,78949600,44900,59114600
2019-03-06,41.85112380981445,239.91952514648438,252.34117126464844,42.08373692114546,241.91159357709878,254.0062946852821,41.71203529361494,234.35514893026118,252.01362238912242,41.88709340057084,238.76068684981226,253.99718684947567,83241600,48600,75039800
2019-03-07,41.36671447753906,237.4965057373047,250.2301788330078,41.83194072147751,242.5341457123154,252.03175277281974,41.25160812268952,237.4965057373047,249.3748754961692,41.69524895202207,239.90997545044286,251.88616627210405,99185600,17100,94885100
2019-03-08,41.46503448486328,238.0902862548828,249.72967529296875,41.50340448790853,239.19166344427566,249.90255749611134,40.64729163339019,229.8538507572619,247.87351021888097,40.84393515462344,236.39511001370803,248.34664543560868,95997600,18800,85795800
2019-03-11,42.90147018432617,245.18702697753906,253.35113525390625,42.954228016257524,245.80954197677073,253.5149096697471,42.05015827459579,236.7686215245272,250.4303804335908,42.083731107718975,236.7686215245272,250.45767616956428,128044000,33800,65098900
2019-03-12,43.38348388671875,244.133544921875,254.3064422607422,43.8055428761743,248.10809557425284,254.83419669819054,43.014179069176365,243.77917693534133,253.7241241344805,43.16525864536773,245.2827967341964,253.9151942325591,129870400,32900,79667500
2019-03-13,43.57533264160156,247.1120147705078,255.9897918701172,43.956624902691026,248.74015778074445,256.93609020815353,43.385883057854166,243.84618599534303,255.04349353208084,43.70482681472391,243.84618599534303,255.20729569458786,124130000,22900,80639200
2019-03-14,44.059730529785156,245.4072723388672,255.8259735107422,44.14846159078691,247.70583410693095,256.44469518521964,43.77915683336752,244.42083206430033,255.3801340346893,44.10049727276922,247.51427755044998,256.017043605082,94318000,17600,67518400
2019-03-15,44.63288497924805,246.85348510742188,257.0899353027344,44.923053106805476,248.73061690748705,257.91244205552704,44.0621467140017,243.65468884649334,256.19430072430606,44.32833267396545,245.52223404896537,256.3862403490295,156171600,45600,81309000
2019-03-18,45.0885124206543,247.61004638671875,258.0221252441406,45.17723983825777,250.6364586536664,258.32372873983087,44.55374018487907,244.43996670788877,257.08080662170295,44.5561405967047,247.30356759900678,257.30928228627613,104879200,32500,62199800
2019-03-19,44.73120880126953,248.01229858398438,258.0860595703125,45.321135755060574,250.4449267058397,259.87730065517604,44.58492635421487,244.72731095764553,257.18130502312727,45.16765938922988,248.8072261909844,259.1005058448122,126585600,32400,90268100
2019-03-20,45.12208938598633,247.65794372558594,257.30926513671875,45.4410331590325,251.20153561981985,259.0913863576502,44.29954941146415,247.65794372558594,256.18518279159963,44.65925993847138,247.78245257127833,257.8667602239703,124140800,30300,84609200
2019-03-21,46.78395080566406,249.6309051513672,260.2154846191406,47.08131282872989,255.27191693910657,260.6267240349829,45.517770028681724,247.3323720120375,256.4319146528358,45.568131113077904,247.38983314846314,256.47762651465786,204136800,32900,79550400
2019-03-22,45.815128326416016,248.29010009765625,255.20726013183594,47.407446668549994,251.8815673121836,259.3655051390941,45.75037941150431,246.58535149559134,255.14328026647146,46.843898751875734,249.07544127648396,258.8354539877202,169630800,26000,122659300
2019-03-25,45.26118087768555,251.85275268554688,255.015380859375,46.0381533253487,252.9828603106173,256.06636323651577,44.7479939717091,245.73288056538334,253.7359228398083,45.92544372672708,248.30916119227666,254.8600051508844,175381200,21700,85575200
2019-03-26,44.793556213378906,269.130126953125,256.9162292480469,46.25398389473828,270.44220462651947,257.88496352698894,44.26358469438813,249.0179157520741,255.49054378507228,45.9614190078375,253.79695087040417,256.7974174777845,199202000,60900,68125900
2019-03-27,45.19643020629883,265.9217224121094,255.57290649414062,45.505779657912726,268.16279368057747,257.501255860115,44.736001158296965,258.6908866889102,254.0009925991191,45.26357588043463,268.16279368057747,256.9071967418602,119393600,62700,72224700
2019-03-28,45.256378173828125,271.9649963378906,256.5416564941406,45.45781517937239,274.79029498082167,256.99860791073314,44.97100725305817,262.6559140931845,255.04287035056979,45.311532760287136,265.12683016059225,256.2126648614426,83121600,42200,56238500
2019-03-29,45.55134582519531,275.66180419921875,258.1592712402344,45.58252191085521,280.68029998461907,258.48826285876356,45.2132170257248,272.644978151793,256.9346448433203,45.522570151764626,272.8652652880707,258.07702333560206,94256000,46200,82186800
2019-04-01,45.86068344116211,268.9289855957031,261.22076416015625,45.96619542777883,277.6634562124634,261.5223676323066,45.17483540275284,266.31441682763636,259.9138901544208,45.95660475960049,277.1079597225032,260.18807766456604,111448000,65400,77617900
2019-04-02,46.5273551940918,271.6681213378906,261.3487243652344,46.632870859625065,271.6681213378906,261.58634796308917,45.81512811090667,262.2345296479731,260.54448562488926,45.82471878088041,267.89468466192363,261.41270424005586,91062800,42600,40070400
2019-04-03,46.8463020324707,273.7080078125,261.760009765625,47.12207863716483,280.5078554906752,262.9846359720638,46.31872367001549,271.5722723206418,261.14768271735784,46.34270583527788,271.5722723206418,262.5825165741173,93087200,52400,68243200
2019-04-04,46.927833557128906,282.212646484375,262.4545593261719,47.09090056469709,282.250934414547,262.710450955486,46.31632496041921,275.0584444357395,261.3853088319326,46.71200505637957,277.06008481576214,262.08900384002254,76457200,43100,48997500
2019-04-05,47.241981506347656,284.2526550292969,263.7248840332031,47.26596367128576,287.2024632211166,263.77971595883923,46.98538624633548,279.6555885522884,262.8383973819602,47.110086917517314,280.1344508614533,263.1308529120824,74106400,66100,58621700
2019-04-08,47.98537826538086,278.9085693359375,263.9259338378906,48.01655068461663,284.53999486536287,264.0355976850551,47.08370167676694,277.8359224212729,262.6281799028931,47.1028866743081,283.3332524726471,263.29533882660155,103526800,47800,53566300
2019-04-09,47.84150695800781,279.2916259765625,262.5733642578125,48.64486204728456,281.5806016587741,263.27705924747306,47.776758029287855,277.73053029830663,262.0158970368012,48.038150497392415,278.2668537030845,262.9480676855835,143072800,50400,66142300
2019-04-10,48.110076904296875,282.24139404296875,263.46905517578125,48.138856231173904,286.3595972963933,263.56045103697693,47.524947266375406,277.9124610237695,262.57342036022527,47.644850760730975,278.86062806003827,262.99380785360415,86781200,60000,52601500
2019-04-11,47.709598541259766,281.245361328125,263.3958435058594,48.20120358829662,284.46330140329,263.9716065690462,47.587298297215426,280.0577923804946,262.82008044267263,48.165234004508335,282.91179249366184,263.96245861880755,83603200,36100,55093100
2019-04-12,47.69042205810547,278.22857666015625,265.177978515625,47.99497800548994,283.4864752434809,265.4612860869483,47.05253815033316,277.7401277723293,263.44156917490665,47.76955881573284,282.25100235350163,265.03175075460433,111042800,37800,69727800
2019-04-15,47.77675247192383,285.5455322265625,265.0043029785156,47.92543531536256,286.3691904325134,265.3515903829858,47.484187609267856,278.22853279839495,264.19091638487856,47.62087936964728,278.22853279839495,265.2510466074385,70146400,34300,49596700
2019-04-16,47.78154373168945,283.1703186035156,265.177978515625,48.28993338992213,289.2326997481038,265.95480129413136,47.61607631974955,280.93880491691056,264.57479946019987,47.83190481064852,286.66600598346355,265.8999693700103,102785600,39300,52153200
2019-04-17,48.712005615234375,282.2701416015625,264.5290832519531,48.77195737573787,285.01880613495433,266.3385923076328,47.62807676076493,276.78236990475904,264.10866803146433,47.851095553438704,283.7258722639615,266.31117634891314,115627200,39600,58268300
2019-04-18,48.88705825805664,289.3189392089844,265.0500183105469,48.956600682422255,289.9127236169222,265.3242058207747,48.56571773593405,280.80478511747293,263.80712417914714,48.7095997495347,282.55740778049676,265.1231461359784,96783200,34500,68708500
2019-04-22,49.0477180480957,291.12908935546875,265.27850341796875,49.14603978152282,295.2089756451395,265.4338791349817,48.522540211534704,289.02208387071425,264.18183700822806,48.64004694117911,289.3764372414614,264.2732328482301,77758000,49300,40160100
2019-04-23,49.755149841308594,296.3103942871094,267.6638488769531,49.81989874872485,296.8945921974273,267.9014725229942,48.896640437008266,290.1905207607112,265.41565586243144,49.0237378402406,291.7899335206835,265.6532516183732,93292000,40100,52246600
2019-04-24,49.67842483520508,306.8548889160156,267.0697326660156,49.99496820963209,311.16464867390187,267.91965528164275,49.65204591573909,293.4371900777814,266.9235049219146,49.72638550900737,296.23372893109405,267.58151582532383,70162400,54000,50392900
2019-04-25,49.22758483886719,318.6920471191406,266.9053039550781,49.82230522469842,320.79110384469755,267.57246304544105,49.18921483741621,306.1839950150173,265.69897344483746,49.599286452198484,306.8645021736818,266.9692838452705,74172800,50500,57770900
2019-04-26,48.9925651550293,317.80059814453125,268.1481628417969,49.16042930374587,328.70801521711684,268.22126277750914,48.46978405283882,315.1935528877265,266.1649819456912,49.136447142858934,320.12967830495415,266.95095267759035,74596400,56500,50916400
2019-04-29,49.066917419433594,314.37890625,268.56854248046875,49.39305513234812,325.3534255005965,269.0986215869491,48.88706214376378,313.9955231899895,268.1481551095344,49.01655633221347,316.6121337809941,268.2395509441096,88818800,42600,57197700
2019-04-30,48.122074127197266,311.5322265625,268.70562744140625,48.77674626536594,315.9412046537881,268.99808296161933,47.74797576252946,308.53220381396534,266.78645432897974,48.69521275699777,314.6568553805011,268.22126018796916,186139600,62100,81111700
2019-05-01,50.48417282104492,314.5802307128906,266.6860046386719,51.63284679007926,317.8390311523187,269.5556731493628,50.17481972869853,307.4108755962005,266.6768566847833,50.330696480855615,312.01153159889213,269.34546544064807,259309200,70100,71671900
2019-05-02,50.1556282043457,314.858154296875,266.11016845703125,50.99495263101574,320.69524716330716,267.4993183426462,49.9110277203143,308.6951843545952,264.5930867025335,50.32109560535548,314.886907296207,266.5671197846476,127985200,44100,65030200
2019-05-03,50.77914047241211,320.0338439941406,268.7148132324219,50.800722227707276,322.7271483868616,268.9981208418694,50.41463274882316,314.11049314646414,266.2198487887963,50.57290627265106,316.2958084713472,267.60899876038155,83569600,73600,56543700
2019-05-06,49.994972229003906,325.20013427734375,267.60894775390625,50.081302912454575,325.7560354428061,268.05675107250124,48.800734157240626,307.95719455955725,264.02643753487035,48.990180114697985,315.46205041997956,264.34630900104906,129772400,49500,107198100
2019-05-07,48.64724349975586,325.4876403808594,263.1399841308594,49.74076272939093,331.92857611003444,265.77202823337643,48.1604356291873,310.4396411782026,261.20251496931087,49.371461594849436,323.25441254816656,265.16884913570834,155054800,108400,144729900
2019-05-08,48.65685272216797,343.7560729980469,262.77435302734375,49.24198255462033,351.97018735319233,264.510761989971,48.3810760571318,314.5801748260566,262.1711741032566,48.41704565373113,317.35973855263927,262.77435302734375,105358000,114000,91568300
2019-05-09,48.134063720703125,354.1842346191406,261.97930908203125,48.36427640299208,356.0245141325956,262.5916081738376,47.16044783786756,337.71768907010596,258.9085820023662,48.05732372049707,343.40142225579274,260.672435125401,139634400,83100,103471100
2019-05-10,47.46724319458008,370.7467041015625,263.2953796386719,47.86926640411952,374.6285055942121,264.06305457790995,46.405624370149546,354.51977350352723,257.9947271199837,47.525019842998894,354.51977350352723,261.0288908489468,164834800,112000,112429300
2019-05-13,44.70846939086914,383.25469970703125,256.6786804199219,45.61361476139357,387.4624069231387,259.08224880996244,44.01757402146713,361.58365618244665,255.8287576638521,45.187524415066875,366.3568585158205,258.1043941879711,229722400,103600,127290500
2019-05-14,45.416221618652344,349.3631591796875,259.00006103515625,45.66657974781634,396.22288474873915,260.55370702973744,44.63384741428745,348.8360111059925,257.5835227795863,44.87457793870742,385.4783890262675,257.7114546752016,146118800,210700,77003200
2019-05-15,45.96027374267578,312.6728515625,260.5170593261719,46.160080529434914,347.9254634678248,261.16592232907584,44.78069557915318,297.32769986049044,257.1356087266412,44.840878213481,347.9254634678248,257.3458163541025,106178800,248900,73956400
2019-05-16,45.7580451965332,311.4460144042969,262.9298095703125,46.33339083541016,336.18418394640537,264.3097836380869,45.459538110813675,303.6440352684544,261.1568361575835,45.71712146009069,311.9923506755327,261.22993609961213,132125600,200400,76749600
2019-05-17,45.498069763183594,300.0497131347656,261.2299499511719,45.95545629679137,323.96360643406695,263.7523303813993,44.95883205843284,297.13597868145615,260.57193887763856,44.999755807376154,308.3309270553307,260.59023478168797,131516400,230300,100353000
2019-05-20,44.07534408569336,300.8548889160156,259.502685546875,44.378666850902036,301.612060984483,261.3396110279042,43.39889200337199,282.55762668727465,258.7441306794527,44.17886010543694,299.04336220102226,259.60320145768424,154449200,176900,62877600
2019-05-21,44.92031478881836,297.653564453125,261.8422546386719,45.2573360346677,309.95078058224755,262.22607812949855,44.46292461430158,295.7749669138116,260.9648880223061,44.58810550844108,302.3980140922329,261.22077964622235,113459200,122200,46847100
2019-05-22,44.00071716308594,305.4938659667969,261.0381164550781,44.70605938474936,306.8836331572831,262.00685139682844,43.94535018079164,293.4171099567287,260.55374898420297,44.453291644245326,298.84206631641774,260.87362060989926,118994400,79300,49482500
2019-05-23,43.249637603759766,291.75897216796875,257.8485412597656,43.46147792190682,305.7814270727257,258.8263960284975,42.80428475999452,288.83564325389517,256.4137072153236,43.28333972300513,304.6983486569414,258.78071204597614,146118800,123000,98733800
2019-05-24,43.08354187011719,294.5767822265625,258.4333801269531,43.84665718502143,298.2669052923525,259.73113411075406,42.99928471800924,290.85790617065965,257.80278509194983,43.37963938403598,293.63746913246774,259.3107188273556,94858800,66400,55268100
2019-05-28,42.90538787841797,292.96661376953125,256.0298156738281,43.47351189798664,300.9602683422214,259.6854261860801,42.82835604306818,291.37554642049463,256.011547661701,43.0714924797492,294.28931007476956,258.7166916315409,111792800,89400,70029400
2019-05-29,42.700782775878906,293.4842529296875,254.31161499023438,43.17502221593888,295.46826851577424,255.30776527580753,42.36857346756617,285.54810283457374,252.88592945399313,42.469679849823,292.3340743795673,254.8965259230966,113924800,59300,104972900
2019-05-30,42.92224884033203,298.7845764160156,255.0062255859375,43.14612644193802,299.8676255296036,255.92927607966126,42.5298569502953,288.97939439452813,253.89126336731306,42.83799169611666,293.2829256010523,255.07932551777367,84873600,63800,62523800
2019-05-31,42.14468765258789,289.46826171875,251.57000732421875,42.84762022600365,296.7622227140543,253.26073303928447,42.12542877305183,287.8292528385151,251.5425913565193,42.42393222272161,296.7622227140543,252.41995810310112,108174400,61400,86862800
2019-06-03,41.71859359741211,286.065673828125,250.93023681640625,42.830767257665364,291.38521337520024,252.739746066004,40.98918052500502,281.9155010682081,249.57765096440653,42.272274445071616,289.3628213338046,251.6065157973595,161584400,75500,96428000
2019-06-04,43.24482727050781,283.6982727050781,256.377197265625,43.29056665364912,287.5417568821528,256.5142771321453,42.01228827462216,279.13596338605817,252.80383333110123,42.23375989586686,286.5832843592123,253.26078481290574,123872000,85500,77231900
2019-06-05,43.94293975830078,295.9666748046875,258.597900390625,44.532732366937054,299.04336275060825,258.62531635604313,43.60591855901341,284.4937600060723,256.18521176353624,44.36181211163416,285.222179076446,258.0221372267467,119093600,83300,71169700
2019-06-06,44.588104248046875,298.1328125,260.2794494628906,44.64828687405134,301.0945177990679,260.9648764132565,43.8490598375492,296.95391023072045,258.241464513463,44.072941116378914,297.01141623164847,258.89947550141795,90105200,33700,69430400
2019-06-07,45.77490234375,297.6343688964844,262.8841247558594,46.20099635016909,304.2861682553479,263.9808192298224,44.72050526911502,297.50019799960603,261.1385671280195,44.89864348526603,300.8931685023519,261.3122108845653,122737600,40700,74272200
2019-06-10,46.35987854003906,299.4555358886719,264.0904846191406,47.031514995760524,301.6791989582432,265.78121032202307,46.12877565173632,295.2095100210926,263.9990887641012,46.174515032887804,297.8932211393632,264.45604014919917,104883600,54200,60799100
2019-06-11,46.89671325683594,304.4011535644531,264.0264892578125,47.18318317095201,310.5449632927121,266.3112460493998,46.605431376936764,299.0432979855746,263.3684781862314,46.908750517806325,300.6918711829409,265.9365425887678,107731600,56900,58641300
2019-06-12,46.74745559692383,297.9410705566406,263.56048583984375,47.17595558586052,307.69830992137463,264.355576946045,46.554870465509886,297.5768464634161,263.03955446333094,46.689678955522886,304.4011634198921,263.78896157795236,73012800,37000,47096300
2019-06-13,46.73783493041992,301.0849304199219,264.64794921875,47.37336343708361,305.1488439106888,265.0135326351739,46.6054360661932,299.04337959075184,263.77061037755027,46.87023746790333,299.3500977693677,264.4834534154186,86698400,35100,48945200
2019-06-14,46.398399353027344,294.2318420410156,264.35546875,46.60301808051534,304.90920842913664,264.9677678590692,45.81101632681516,290.97301276701904,263.5786459803496,46.11192946128812,301.8229264021808,264.35546875,75046000,57300,52324700
2019-06-17,46.67523956298828,297.4523010253906,264.4560546875,46.93282297806528,300.0018409473056,265.2328776628918,46.26118278193887,291.0976247623447,264.2824109204089,46.43691502996663,294.7494020197979,264.59313453254543,58676400,59800,39205700
2019-06-18,47.77296829223633,291.2796630859375,267.22509765625,48.2159115427258,302.8771812562417,268.2943759018444,46.99300380186487,290.49370894996014,265.9364917254433,47.19521654579407,299.4075169611306,266.30207505425346,106204000,62100,85434800
2019-06-19,47.633338928222656,287.3499450683594,267.8282775878906,48.11720954417102,292.33401205597073,268.3674767425921,47.49853044706979,283.0847614590038,266.3751758882526,48.06906050954018,290.81963889641344,267.36217836514345,84496800,82800,78674400
2019-06-20,48.016109466552734,289.218994140625,270.3871765136719,48.292948085628254,292.410693782489,270.7984437890058,47.67186292482436,284.6662510679888,267.8922405729239,48.235171440464136,287.82919771308826,270.5517001578598,86056000,47000,116570000
2019-06-21,47.852413177490234,289.8611755371094,269.99420166015625,48.3507271244026,289.8994933649217,271.3900799604234,47.70075177221147,285.86433359378526,269.7738071984681,47.857228816473004,288.2796730072202,270.1135913354858,191202400,53100,83309500
2019-06-24,47.804264068603516,285.19342041015625,269.66363525390625,48.184618706855936,291.1359603545311,270.5268563183772,47.70556368008582,283.70780004918913,269.5075038117398,47.79463279139126,290.0432878953012,270.205457040193,72881600,35400,47582700
2019-06-25,47.07966995239258,287.6470031738281,267.018798828125,47.9679624930692,291.95056212397316,269.74629274693956,47.0122620268344,286.27639530395953,266.9086015830414,47.76815571901128,286.4010013376281,269.71874343566867,84281200,36400,82028700
2019-06-26,48.097957611083984,280.1997985839844,266.75238037109375,48.38442751153247,288.9602497560052,268.44213628717364,47.50816858423742,280.1997985839844,266.6421831630924,47.60927495970345,288.9602497560052,267.9278639660076,104270000,41500,51584900
2019-06-27,48.083518981933594,289.3914489746094,267.6982727050781,48.52405630725925,289.73651411073956,268.2125450177869,48.04259523126485,279.5096048227102,267.1380942317036,48.215917839226854,280.09428796300915,267.5237844533656,83598800,56000,40355200
2019-06-28,47.645381927490234,286.82281494140625,269.0757751464844,48.02573657271651,288.7876713135861,269.58085498168634,47.43594755998348,285.2605005258456,268.166620232826,47.828335792061736,288.43304126838547,268.69005692587154,124442400,75000,59350900
2019-07-01,48.51923370361328,298.20947265625,271.5186462402344,49.22698197145703,298.4586847986845,272.6757731480828,48.302574046560885,287.46500703790167,270.29722827622913,48.90921594374924,287.56083086168286,272.45535067350835,109012000,44800,78705600
2019-07-02,48.80329513549805,299.8868103027344,272.22576904296875,48.89958954319856,300.7110824197198,272.2808676562415,48.47349551310694,295.32447291029604,270.6186607624438,48.48553277322651,298.5545197993827,271.4727172939156,67740800,58800,61504500
2019-07-03,49.20772933959961,301.91876220703125,274.4022216796875,49.21495096175955,303.36606468118373,274.42060656615473,48.79367252723319,297.8069080173792,272.76756425137256,48.93570266072053,298.6983094502773,272.9145032144026,45448000,25000,40898900
2019-07-05,49.164398193359375,305.1776428222656,274.09002685546875,49.36902062598078,308.18726055846787,274.2553507290704,48.844226127610995,295.38205255228326,271.84009196877327,48.95255781150268,301.9188421224248,273.15332235853896,69062000,65600,51677300
2019-07-08,48.15091323852539,297.5960693359375,272.58392333984375,48.48311881415324,305.76227244364947,273.90634603848855,47.763337005913115,296.42673190386046,272.03290921111795,48.34108870781387,304.75585893024237,272.7584116143693,101354400,63400,45841800
2019-07-09,48.444610595703125,296.05291748046875,272.9237976074219,48.50960519059195,301.7941569797333,273.2268400641746,47.85963352891048,292.97622970417905,271.3534306436537,47.953518283672736,301.7941569797333,271.4085292721542,82312000,62400,41101300
2019-07-10,48.92365646362305,298.6791076660156,274.227783203125,49.04402170864626,304.0273990185294,275.19206506826407,48.521636986036214,295.0177367759794,273.4655669713644,48.591450885172904,296.96343420702993,274.00738873143456,71588400,107200,58448500
2019-07-11,48.56737518310547,293.1487731933594,274.87066650390625,49.2029035144077,300.38522771343725,275.11861031046817,48.55774757997081,291.3947524181268,273.85131394006874,48.942914150703736,298.97627219327285,274.8798589497695,80767200,91700,50826100
2019-07-12,48.94051742553711,291.9985046386719,276.1011657714844,49.109028061685734,293.56081876265216,276.17464926470245,48.675712373549,289.84194252280247,275.05426421192664,48.73589500597754,293.4362127159182,275.36649899375055,70380800,54000,40326000
2019-07-15,49.400299072265625,291.9123840332031,276.19293212890625,49.55917838341789,294.48108332874443,276.5419085638432,49.109013600851775,290.7717994112539,275.6786599171256,49.130678460564994,292.0657431441658,276.5419085638432,67789600,35600,33900000
2019-07-16,49.22938919067383,290.35955810546875,275.30218505859375,49.61696545788272,292.5448734573616,276.3123728133098,48.98865868118398,288.88350279095596,274.98995030272494,49.25105405494646,291.7205721907249,276.1011428200432,67467200,24400,36650100
2019-07-17,48.952545166015625,287.7908935546875,273.4288024902344,49.37141385536943,291.59602964194465,275.43998595448124,48.933286286593344,287.129545347438,273.4288024902344,49.12105576939105,290.6471222031396,275.2746901144527,56430000,28200,36036300
2019-07-18,49.508636474609375,284.85797119140625,274.4298095703125,49.56159747950003,290.4170986738408,274.81552790571874,49.036803069198804,283.333974537351,272.473752662685,49.10902295525479,287.84840000266087,272.92373403253765,74162400,32600,51392600
2019-07-19,48.76958465576172,279.1741943359375,272.9053955078125,49.71084166770983,287.0432723602755,275.56859820502126,48.714217676604605,278.6853933915503,272.7309072045637,49.53992141910904,283.39149552448083,275.5410488953371,83717200,45800,58678600
2019-07-22,49.88418197631836,280.6982116699219,273.57574462890625,49.88658795930664,284.09121213962743,274.12675879444606,49.01514459420968,277.95699465926725,272.7859791447035,49.02477219941925,280.2765107261918,273.3094159775089,89111600,41800,43638100
2019-07-23,50.2741584777832,277.7365417480469,275.5317687988281,50.29101137652911,284.84841995240356,275.5317687988281,49.901025455222516,276.0784031867771,273.8695622499165,50.18268338243241,281.8292376888609,274.7144541877017,73420800,46600,44564500
2019-07-24,50.23323059082031,278.22540283203125,276.82666015625,50.34878019678023,278.4554268774892,276.82666015625,49.8721348580968,275.0816141263124,274.66853802344025,49.99250010233797,277.42028942266836,274.76037837444625,59966400,35100,47213200
2019-07-25,49.836029052734375,277.8896179199219,275.5042724609375,50.370451055675005,278.96402769297015,276.4226200358073,49.76621515083122,276.6137636332947,274.68692966694636,50.286193911517664,278.5899164534665,276.3675214233746,55638400,38500,55394100
2019-07-26,50.009361267089844,281.07452392578125,277.35015869140625,50.488412667481356,283.952420075192,277.5521962779143,49.864921480819795,278.67627713460564,276.07364211625463,49.94676897885319,278.67627713460564,276.20222422846143,70475600,64200,45084100
2019-07-29,50.47637176513672,280.805908203125,276.8450927734375,50.70747467184616,286.24514455000656,277.3502008293207,50.17786828248813,278.28294801380747,276.2849141227693,50.1826839212181,281.15124167252844,277.23081114291654,86693600,82900,38126500
2019-07-30,50.259708404541016,282.4654235839844,276.1654052734375,50.5919176363282,284.9020204243446,276.57867277486173,49.90583431153003,280.12473316257194,275.0358279884175,50.25489276651721,280.12473316257194,275.42154619146254,135742800,66300,45849000
2019-07-31,51.285221099853516,281.58282470703125,273.14410400390625,53.290506488189244,284.52787747104117,276.6062921903647,50.86635240527158,278.20610527961526,271.0962069118773,52.09889131763655,282.4941697888781,276.4134190270827,277125600,70000,104245200
2019-08-01,50.175453186035156,276.5945129394531,270.7655029296875,52.486467309524926,284.1537895115268,276.3031357896154,49.768621752239014,275.9997525765024,269.9573528563093,51.49224923181286,282.4078885583226,273.3001503369676,216071600,85600,142646600
2019-08-02,49.11383056640625,280.690673828125,268.726806640625,49.69398819619243,282.7243814342184,270.10432771467026,48.538484901182905,271.92267377018504,267.147248021357,49.477332246691994,275.7310889940159,269.85638401060777,163448400,65200,116749700
2019-08-05,46.54283142089844,268.8721923828125,260.6454162597656,47.821109717661685,279.57796755299995,264.67694755295776,46.35987757336316,266.33965947211084,258.71688074121914,47.66223038810071,279.57796755299995,264.5667503277398,209572000,90600,178745400
2019-08-06,47.423912048339844,281.4965515136719,264.3003845214844,47.68149546577553,286.8014709973667,264.5208069666722,46.711348098791966,270.4742212213043,261.0678115913767,47.25780740319066,270.4742212213043,262.564722416853,143299200,88200,120711700
2019-08-07,47.91499328613281,311.57061767578125,264.45660400390625,48.04017416467067,345.3475150476114,265.2372052004387,46.65838355564884,288.7392921712395,259.0108085454993,47.04114413857091,289.0942279887408,261.1780957939195,133457600,368000,140572300
2019-08-08,48.9718017578125,322.851806640625,269.6451721191406,48.99587627608545,324.38668965917327,269.6451721191406,47.99925219563113,310.42891216417394,265.41160385314885,48.1942433045724,312.82715773207474,265.9717823418331,108038000,167300,87713900
2019-08-09,48.568260192871094,320.1754150390625,267.8084411621094,48.99596945504862,325.1253978583916,269.29615933743503,48.15746048668889,314.6882275052755,265.9992958194111,48.64316959967465,321.84458473930954,268.69004674272156,98478800,66400,93730000
2019-08-12,48.44501495361328,332.3969421386719,264.54840087890625,48.82439958010952,336.58907204953493,267.79933121691346,48.123626486100825,319.12025393686736,263.5841190797389,48.23719999293651,320.14671039469215,266.2840632762159,89927600,76500,65527600
2019-08-13,50.496585845947266,337.7978210449219,268.66259765625,51.2626005070688,341.62541309465627,270.13195952250504,48.445017253738975,331.3992864952209,263.8963710422286,48.57550769584503,333.64404170844284,264.24534763836067,188874000,59300,94299800
2019-08-14,48.99354934692383,333.385009765625,260.7188720703125,49.88522045273545,338.85302297881555,265.1636709895382,48.95488524179316,329.4135291603705,260.59031798264067,49.092624733616674,332.07077549196026,264.5483938060311,146189600,75500,135622100
2019-08-15,48.74949264526367,342.40240478515625,261.4076843261719,49.57108465942778,346.220423334323,262.31686766624614,48.249285427657234,332.79024440467924,259.33223744570586,49.165122587641925,335.5338240480824,261.61891440027995,108909600,63900,99556600
2019-08-16,49.89972686767578,349.9616394042969,265.2646789550781,50.059213562450225,351.10320681768104,265.7054678152385,49.25694984004249,340.72359132772476,261.462706881747,49.36327430322545,342.6038372294535,263.08819988081234,110481600,43600,83018300
2019-08-19,50.83005905151367,353.89483642578125,268.4605712890625,51.40517200431087,366.94130273901675,269.1493320652924,50.7527308332347,352.2064615865776,267.6432564079918,50.89530058757261,352.2064615865776,268.33201718422174,97654400,112000,53571800
2019-08-20,50.83246612548828,350.9305725097656,266.40350341796875,51.55498634085857,360.6866215328377,268.4881427836713,50.82280194334008,348.3404549365705,266.27494930250583,50.95812261668568,354.0195147470392,267.946320958024,107537200,78400,51596400
2019-08-21,51.3834228515625,335.3706970214844,268.57080078125,51.6274831176059,356.0243885873436,268.9472986821891,51.132113526235486,330.27682530718965,267.90039685923387,51.468000126154266,355.1610259583118,268.5983500917028,86141600,104300,49524700
2019-08-22,51.33992004394531,341.21282958984375,268.4881286621094,51.818376313958105,346.0860522857409,269.9299413231629,50.926705296744515,329.02015586080256,266.6881749600497,51.516319936160095,334.9390102363685,269.2871147281587,89014800,65900,51666400
2019-08-23,48.966976165771484,325.3652648925781,261.59130859375,51.24085805695881,343.90849086321725,268.85544117095134,48.57067824203147,325.3652648925781,260.3239844742992,50.607745216350146,340.2343907179055,267.1656850202648,187272000,64500,149161500
2019-08-26,49.89730453491211,324.9143981933594,264.48419189453125,50.06645538953352,333.8358621084862,264.48419189453125,49.55175007948856,323.86873711572485,262.26177767297486,49.74506692214679,327.80186663359035,263.81378784663843,104174400,73100,72423800
2019-08-27,49.33428192138672,325.98883056640625,263.4463806152344,50.39510413748578,329.95073814384057,266.2749070152189,49.18204427472228,320.2809926539217,262.67497196771467,50.22836836965576,325.54753216822814,265.89838112314163,103493200,84300,66668900
2019-08-28,49.66532897949219,331.83099365234375,265.30145263671875,49.711242149420634,335.5146968899879,265.46674847917575,49.131295245680974,325.7106636897605,261.95865390750475,49.31977817375699,326.6411845347845,262.77599672700575,63755200,88800,59696700
2019-08-29,50.50625228881836,332.4928894042969,268.69000244140625,50.58116538378517,337.9416982424644,269.22265949396814,49.93838838948559,331.83097105057743,266.88085739699784,50.38301458772687,334.64170882769383,267.9002373282213,83962000,56000,57899400
2019-08-30,50.44101333618164,322.9094543457031,268.57080078125,50.85422450567726,336.69459839545436,270.21462301451504,50.06887771527508,320.5400151528552,267.6249037547057,50.78414902983031,334.69924111925917,270.1962661494626,84573600,53600,62901200
2019-09-03,49.70640182495117,320.1274719238281,267.0003967285156,50.015707292151475,327.3222101723289,267.7718054201321,49.34876806985307,318.8132377545097,265.6504245117499,49.88280173502353,321.48968858008215,266.8442933166245,80092000,57600,69101400
2019-09-04,50.549739837646484,300.0685119628906,270.0309753417969,50.61981529535285,321.96930967254696,270.049332207193,50.0978646735933,298.7638802600122,268.44222367394747,50.35642301722622,321.96930967254696,269.20446798699174,76752400,104100,46887300
2019-09-05,51.53807830810547,293.3822021484375,273.5022888183594,51.7048140548305,303.83857760694326,274.4298008363789,51.11036535179507,290.0150848398018,269.9941942619741,51.22877280501446,302.1789809186048,272.5563919118727,95654800,80400,83258100
2019-09-06,51.533241271972656,286.3601989746094,273.7135314941406,51.813550519537316,297.3729268018504,274.36557856521506,51.35200741682154,283.3096075552153,273.13499596211153,51.72414299757068,293.9962066873894,273.82375676408543,77449200,104200,49584300
2019-09-09,51.75314712524414,280.54681396484375,273.8512878417969,52.30168270955568,288.2595516149344,274.8063492450725,51.00404928873257,274.8581525041054,272.8961984127743,51.915048951398695,288.2595516149344,274.714536898188,109237600,124800,51260300
2019-09-10,52.364501953125,277.4962463378906,273.7870178222656,52.383834007105214,279.8657146312736,273.85130889062384,51.158695044708594,270.7715842501565,271.8033833290969,51.678230629282474,279.8657146312736,273.0798721218229,127111600,98500,57947100
2019-09-11,54.02943801879883,282.63812255859375,275.7338562011719,54.05843794400406,285.87095382889277,275.8165041188757,52.613397297152915,278.7145951952734,273.4379872902545,52.69555945015334,278.7145951952734,274.09919865762845,177158400,69900,68821100
2019-09-12,53.908607482910156,287.95257568359375,276.6889343261719,54.71328615328767,288.66244703794973,277.7633852386146,53.85303013922743,283.6069556749645,275.88078401809116,54.321822249346326,284.0002422047574,276.6521925778748,128906800,81500,72908700
2019-09-13,52.8598747253418,279.11749267578125,276.5052795410156,53.352829191835596,289.6026478799792,277.49711065785283,52.441829662790525,277.44832259823784,276.128753656452,53.16193115234375,287.3099103362566,277.138941636288,159053200,61200,62104800
2019-09-16,53.137760162353516,275.2994689941406,275.6512451171875,53.19334119448381,285.72703805529443,276.55123593979545,52.57231146915278,274.1195214074454,274.99922610656955,52.61339069689349,277.46746349935626,275.3573671311424,84632400,156200,58191200
2019-09-17,53.33108139038086,274.41693115234375,276.3490905761719,53.36008131433825,277.6209846828143,276.4409028884835,52.9492816286496,268.92014011634683,275.27461186990945,53.15226634750256,275.4817677283756,275.4491001044797,73274800,121900,41475500
2019-09-18,53.8312873840332,285.89971923828125,276.51446533203125,53.850619437164944,286.39854389896874,276.6246625588627,53.02660864758349,273.40006145908285,273.88797664765485,53.41807258366795,282.36950792695643,275.95425872797864,101360000,111200,73375800
2019-09-19,53.39391326904297,289.1134338378906,276.4960632324219,54.07051673043656,301.6898251748955,277.9195187257066,53.25133983012359,285.9093798375962,276.15627912892745,53.647637723459404,285.9093798375962,276.9093308330593,88242400,99100,76560500
2019-09-20,52.61338424682617,282.12969970703125,275.189697265625,53.780530470299006,290.3796728083902,277.3946973000074,52.55055785102106,280.15354710403295,274.3870497736671,53.495391034862614,288.1732686539922,277.10866896161815,221652400,77300,89565000
2019-09-23,52.852622985839844,282.86834716796875,275.1251525878906,53.12326435080107,289.6601970180329,275.8540055025996,52.59406092757634,282.79161616831783,274.25791700714103,52.90820033317037,283.85642346297783,274.51624070214064,76662000,42600,43476800
2019-09-24,52.601314544677734,283.61663818359375,272.96630859375,53.76363081481805,287.991037657272,276.62898678421266,52.482910780852876,280.6236310990214,271.98836684412066,53.41082727302514,285.4680775400095,276.2322804085497,124763200,55600,94869400
2019-09-25,53.41082763671875,284.6334533691406,274.5808410644531,53.52440115310414,287.2811266310683,275.03290051232415,52.47082814318885,283.2424880916753,271.5455163947575,52.811548692345006,284.671833506761,273.04934046237634,87613600,42800,71854000
2019-09-26,53.135345458984375,287.7895812988281,274.00872802734375,53.38907357323697,289.0654355613794,274.80214045934304,52.87920222092036,284.1058781712595,272.5787274091307,53.16192656975773,284.44163853786887,274.589963167379,75334000,68600,56179700
2019-09-27,52.87679672241211,288.90228271484375,272.53265380859375,53.39391722750773,292.99847596167734,274.88527151947085,52.5046611038443,285.2185807154311,270.9550352612969,53.29242301356189,287.9909376096477,274.77453724241053,101408000,59500,84746600
2019-09-30,54.12125015258789,291.5020446777344,273.7966003417969,54.26865380238979,292.4037876535958,274.5162183016587,53.35281686252196,286.09161609803385,273.01242257983154,53.37939796944399,289.00786260142536,273.0585407463582,103909600,43100,51662400
2019-10-01,54.27109146118164,289.92877197265625,270.5397644042969,55.148264666631384,293.5261410471213,275.3556761062119,54.176849986091305,285.98604024380097,270.31835223805297,54.387083805302765,292.5860180564939,274.6914114523216,139223200,39200,88242400
2019-10-02,52.91062545776367,281.41973876953125,265.76080322265625,54.02702490865355,291.08948214921105,268.9437443565848,52.66172755260138,280.1247094686384,264.4507435060557,53.901368393979745,287.9813649863303,268.9345094632462,138449200,40200,122539500
2019-10-03,53.36008071899414,281.4773254394531,267.9381408691406,53.393910890556825,285.1993783231048,267.965817395487,51.98511930474637,277.15088065573156,262.77164009489155,52.78254530403984,282.26392781111593,265.53017045634914,114426000,50600,85278800
2019-10-04,54.85585403442383,294.696533203125,271.5638427734375,54.971846339776455,295.2049602755674,271.8221663436806,54.101922485690196,282.4846518351635,268.54696133488864,54.524801420024296,282.5134296213218,268.6023425297298,138478800,73200,65091200
2019-10-07,54.86794662475586,289.5259704589844,270.3922424316406,55.56146701846818,292.8547384886879,272.40350688780325,54.57313924970336,287.01261226993284,270.1062422308189,54.677048580523014,292.8547384886879,270.75206548406254,122306000,38500,59610500
2019-10-08,54.225162506103516,282.935546875,266.1944885253906,55.109584514788445,289.3244794129075,269.25748944491363,54.20824926534909,282.2064705310403,266.1575770978192,54.568301815257264,288.6050054236225,268.5101949288186,111820000,33500,95708100
2019-10-09,54.86069869995117,282.8299865722656,268.72235107421875,55.04434768853121,284.40325029075177,269.67261613418424,54.524812085324754,279.76024869118453,267.6060268360459,54.86069869995117,284.2018057867156,268.24261517434167,74770400,25700,62359400
2019-10-10,55.600135803222656,281.8994445800781,270.5397644042969,55.68471308688191,285.9956679320441,271.43467611641074,54.92594740708195,279.9328943553428,268.4731757722642,55.07818135557089,282.8299653007917,268.63923489694713,113013600,42300,55296300
2019-10-11,57.079002380371094,280.4989318847656,273.3445129394531,57.42455317426148,285.0364252403159,275.6140727102578,56.13658408508279,279.77945786525504,273.2153651933121,56.29123683325967,283.59747720129474,273.33527804502666,166795600,30300,98720400
2019-10-14,56.99684143066406,279.09832763671875,273.04010009765625,57.54296183982879,281.3622582043309,273.7043649980195,56.706867982611634,273.9276943044416,272.6895119342466,56.76244533574534,280.6907667722029,273.0216303068438,96427600,31500,40394800
2019-10-15,56.863929748535156,276.1148681640625,275.7432556152344,57.42695961695513,282.46544868263226,276.4997849431065,56.757605308884614,275.6639967081838,273.98110820014193,57.12248810203824,280.2494715395062,274.1010492100688,87360000,43200,46754500
2019-10-16,56.63437271118164,279.3381652832031,275.3004150390625,56.84460649930377,279.3381652832031,276.00159133996715,56.35164832771986,273.4001045304858,274.8575905586325,56.39272756081645,276.2012693598648,275.27273850903566,73903200,29300,48928200
2019-10-17,56.854270935058594,280.0096435546875,276.1122741699219,57.064501036900594,283.2808255643951,276.9979512112426,56.4289767959264,279.38607613083195,275.41109792816167,56.80835776633163,280.057596767846,276.48130392420836,67585200,33500,45736600
2019-10-18,57.1273307800293,275.6064758300781,274.9037170410156,57.41005516298264,281.21837849029066,276.2230119374925,56.61504055487197,275.32830031465846,274.03648153371097,56.687534837293626,280.16314417611454,275.56798193692623,97433600,34700,64304000
2019-10-21,58.118072509765625,278.8200378417969,276.7673034667969,58.23406483418485,282.15840637877835,276.9702740544683,57.347227594298715,273.53432425256796,275.79859684459933,57.395555885867246,277.4002951307443,276.2414494418366,87247200,64400,39048600
2019-10-22,57.985172271728516,269.8314208984375,275.8631591796875,58.52645505216327,278.973532399212,277.6068365687723,57.9030101178019,268.1046956926482,275.770894711101,58.275145716563195,278.973532399212,277.3116015313606,82293600,47300,48594700
2019-10-23,58.763267517089844,260.1521301269531,276.6658630371094,58.77776932377022,270.52214327720907,276.72121609852786,58.28964507414683,255.1829715425113,275.39268631414666,58.50229399224266,270.52214327720907,275.6048918196966,75828800,86900,34352200
2019-10-24,58.859920501708984,265.75006103515625,277.1178894042969,59.15472785174908,269.12031556590586,277.763712584119,58.43220759432098,259.5088663056107,276.27833053259417,59.084648700051076,261.82291279086337,277.61609505286924,69275200,30700,35453100
2019-10-25,59.58485794067383,261.2467041015625,278.2527160644531,59.621103236105824,268.8513700327194,278.8062748329539,58.69077167696705,260.0752791028924,276.48133363628455,58.758432019914885,265.6251676575142,276.53668669761777,73477200,29500,45205400
2019-10-28,60.18171691894531,260.9395446777344,279.821044921875,60.230045204736435,266.105337929272,280.32848542493383,59.618683355809736,260.3154017996812,279.46125009367836,59.78783419968458,262.4662333204315,279.48892661892427,96572800,40400,42147000
2019-10-29,58.789852142333984,260.3633728027344,279.738037109375,60.3508815723446,264.20410697129074,280.67909535127455,58.61587101111787,259.5856264777998,279.4151255196088,60.16239863358216,261.04509491295977,279.5443014175814,142839600,30100,44284900
2019-10-30,58.782596588134766,264.79949951171875,280.5960693359375,59.275554748294226,265.45241749349964,280.9743058301447,58.28722699113637,258.2894542169377,278.61248161151525,59.14506430528225,260.04657775959504,279.94101125389005,124522000,29500,49643900
2019-10-31,60.11164093017578,263.43603515625,279.84881591796875,60.21071631794316,265.3948184754372,280.5869037656267,57.332721948176754,259.2496475061589,278.3726965329979,59.744342989086846,265.3948184754372,280.5869037656267,139162000,35300,69053800
2019-11-01,61.817665100097656,262.1300964355469,282.4412841796875,61.84424252732832,265.4139369103559,282.48740234707446,60.208307488642674,259.8448550089948,281.14963763082056,60.30013013990866,262.73501673110184,281.3157249747862,151125200,26800,71141500
2019-11-04,62.223628997802734,251.66412353515625,283.5760192871094,62.30820627909253,263.7144158081255,284.1572545398584,61.711342436058935,250.44467162839692,283.1977546280954,62.18254607565909,262.1301187530804,284.0188718975768,103272000,44800,60606900
2019-11-05,62.13422393798828,254.6406707763672,283.2623291015625,62.39036722904217,256.58984206988816,284.083446331974,61.938491939624946,246.28706277414898,282.9670940419652,62.1148881946491,252.32662507182192,283.7789763782753,79897600,60100,42933200
2019-11-06,62.16079330444336,256.0810546875,283.3269348144531,62.22120458929822,265.25079909822676,283.6037001032006,61.708918073636895,252.47075389130393,282.36743488818405,62.04721979393924,255.40891424480841,283.26234686202315,75864400,128900,46487100
2019-11-07,62.878204345703125,254.30458068847656,284.32330322265625,63.10118855702432,261.1410818440502,285.6795093773217,62.55827337159336,251.49125034426794,283.8435673620541,62.710968036353194,257.7996330455798,284.6831262344818,94940400,43000,54272300
2019-11-08,63.050315856933594,261.31390380859375,285.0245056152344,63.123024106471696,262.32211394988764,285.07985867518505,62.252914203021675,253.96850673332278,283.2623581263566,62.6988753921774,254.9286901236189,283.97274116583566,69986400,54100,49032100
2019-11-11,63.54957962036133,261.6116027832031,284.4801940917969,63.61501702509881,267.382315316559,284.6554881742981,62.59948353401183,258.3661776839609,283.4837826591405,62.60432828365612,261.8324555494008,283.6221934701871,81821200,51300,35797300
2019-11-12,63.49142074584961,265.106689453125,285.079833984375,63.692592550692,266.45094059020175,285.9931875496235,63.23936056622541,259.56641150240284,284.29562816277,63.39204788026914,261.74604695919453,284.8491868695009,87388800,45700,46484600
2019-11-13,64.09973907470703,263.2342834472656,285.17205810546875,64.17487335280262,265.49072038517494,285.5779992226139,63.27568069147145,259.07670205728755,283.8435286593865,63.290222332614974,264.38651529289217,284.07417574162076,102734400,40200,53917700
2019-11-14,63.65623474121094,264.3481140136719,285.5872802734375,64.199142661652,266.92139873161045,285.6703380211964,63.525352511616866,261.890046626018,284.2403088461374,63.92526262789053,262.7734283289911,284.8861321065084,89182800,32600,51219900
2019-11-15,64.41243743896484,264.0504455566406,287.6539001464844,64.41728219003835,265.27947918567804,287.7000183132412,63.745918036315175,260.6801923111081,286.2423407506653,63.90830225779257,265.27947918567804,286.9434889232809,100206400,34000,62023600
2019-11-18,64.73719787597656,261.8901062011719,287.86602783203125,64.81717693077634,266.28773468810346,288.1059098301834,64.04159533925312,260.69948778075434,286.95267430855057,64.42211161356873,264.0121039898945,287.4139685172037,86703200,35300,49228000
2019-11-19,64.54087829589844,262.1781005859375,287.7830505371094,64.9553300096232,265.56754726750427,288.48422687130335,64.32274620428355,261.80364424732414,287.12802052526297,64.93109146687381,262.1781005859375,288.4749919758,76167200,28400,67804700
2019-11-20,63.78953170776367,260.1233215332031,286.7127990722656,64.48997903722267,265.97083566750206,287.7092103533477,63.11331552595468,257.4252081798355,285.1351807249112,64.35910421227787,262.25493012473123,287.18332818584133,106234400,43200,79406200
2019-11-21,63.50352096557617,272.9225769042969,286.2515563964844,63.98826214796368,273.6235214807192,286.93429110984056,63.30234923280982,259.2495718262534,285.43970207425974,63.91070178360645,260.286557220468,286.8235849820449,121395200,70300,54664700
2019-11-22,63.44778060913086,260.9587097167969,286.8880615234375,63.78709799782545,273.60434120730764,287.1463851317111,63.21995163460071,260.9587097167969,285.86400198336906,63.644100219610024,273.51789889312516,287.0080025121291,65325200,55500,44850200
2019-11-25,64.56027221679688,261.0835266113281,289.1116027832031,64.57723993835555,264.9722584765782,289.1116027832031,63.62714368642337,260.4786062539608,287.82921919135447,63.67319470404511,260.4786062539608,287.82921919135447,84020400,43300,48647200
2019-11-26,64.05614471435547,262.6487121582031,289.7666015625,64.75174733500772,265.1355849424076,289.9511305359471,63.62229915574079,261.083607713118,288.8255713703238,64.69842549318601,262.8791469173612,289.1484829962721,105207600,30200,37569000
2019-11-27,64.9165267944336,264.0120849609375,291.0582275390625,64.95046222155867,264.48259486935234,291.0582275390625,64.30332960285763,261.2179470574128,290.03413967244234,64.36876698816181,262.9942926486201,290.2555519008288,65235600,18200,44444600
2019-11-29,64.77355194091797,259.4032287597656,289.97882080078125,64.95532991643037,264.06970741993484,290.7353502105104,64.4463501056827,259.28801140556106,289.74817365063234,64.61601250812018,264.06970741993484,290.48623326904095,46617600,11100,36592700
2019-12-02,64.02464294433594,258.9039001464844,287.5155029296875,65.01593818792641,260.209735677315,290.30171015371013,63.852561823898604,252.43224325229494,287.0818851944924,64.77841224678717,259.2495521508304,290.23712219938653,94487200,44300,75767800
2019-12-03,62.883052825927734,259.27838134765625,285.5872802734375,62.902439218729796,260.9778958036151,285.6703380211964,62.11716087038608,257.7901084598797,283.3546317033398,62.606746801695124,258.13576049737156,284.7569561923667,114430400,28800,73941700
2019-12-04,63.43808364868164,265.07794189453125,287.3493957519531,63.81860729687788,265.6828623614015,287.9583075181649,63.18117138346281,259.9313416213433,286.29765954134416,63.27569947551949,259.9313416213433,286.64824766326905,67181600,28100,49080000
2019-12-05,64.36878967285156,263.0038757324219,287.86602783203125,64.44393137417234,266.93102287642904,288.0782333038708,63.678039283744006,260.9490689012062,286.53749825869716,63.934951563857744,265.18348180917616,288.0597916713837,74424400,30300,40709000
2019-12-06,65.61215209960938,267.3726806640625,290.4954528808594,65.68244165433664,268.22725801695094,290.9013940961772,64.78566735209066,261.5923867276055,289.7942765716434,64.82929968749382,265.67316647224465,289.80351146681784,106075600,32300,48927000
2019-12-09,64.69358825683594,263.3783264160156,289.5821228027344,65.63398032713496,270.7045313230969,290.78147675599456,64.20642079981508,262.6005801131449,289.5082999456648,65.44008673248014,264.6938024455077,290.0987701815391,128042400,27700,34838500
2019-12-10,65.07168579101562,266.5566101074219,289.2592468261719,65.4570543021684,266.5566101074219,290.2002772060858,64.43666836739611,262.08217939476276,288.5949818064756,65.10076909048881,262.9367277377226,289.5268054444982,90420400,27400,52649800
2019-12-11,65.62667846679688,262.9559020996094,290.080322265625,65.7066648992764,268.69781135099873,290.33864594943554,65.07649991980922,262.1301581574184,289.17617529470306,65.15163420694876,267.34394877608565,289.72049919433357,78756800,33800,53429100
2019-12-12,65.79391479492188,262.1876525878906,292.5804748535156,66.06052390907038,266.75813452557117,293.37388739302037,64.79050445184313,261.02583898613716,289.84962096976176,64.90199284628233,262.4756958602364,290.0894748173147,137310400,43800,96389600
2019-12-13,66.68828582763672,265.989990234375,292.7557678222656,66.72463994743697,267.4206834008579,294.0012678357446,65.66548134338474,261.1890733189309,291.5563859682929,65.79393749772268,261.6691650104753,292.3405917660511,133587600,26400,81503900
2019-12-16,67.82984924316406,264.53057861328125,294.7670593261719,68.05525957797475,269.54273811700045,295.36673628844625,67.13182795665314,262.58140710086144,292.69123496471997,67.13667270708139,266.0092695441618,294.5087356429535,128186000,36000,82749700
2019-12-17,67.96315002441406,267.0270690917969,294.8316345214844,68.29277053463888,268.37132029179674,295.4589879885443,67.57292945943043,263.8200593351977,294.7486049292413,67.75955958046966,265.87483703323784,295.1545461503198,114158400,25200,61097700
2019-12-18,67.8007583618164,263.6376953125,294.85009765625,68.32427981555142,268.0545470268326,295.45900953226715,67.65048975313191,262.9751660902258,294.7947445907185,67.81530000803977,267.1039450586859,295.2283623741624,116028400,26100,48133000
2019-12-19,67.86862182617188,261.97650146484375,296.0586242675781,68.1497726473614,264.53059346981536,296.1324471095464,67.60929087087668,261.890088453329,294.7854477176907,67.74259176007921,263.4648036919873,295.04377135425017,98369200,42800,85310500
2019-12-20,67.72805786132812,271.3959045410156,297.35662841796875,68.50606560934011,273.4314892035872,298.50625365643975,67.51477049695418,263.2823702283136,296.1142850778422,68.4042740741579,263.3015633525432,297.1062867141395,275978000,190100,147142100
2019-12-23,68.8332748413086,273.46026611328125,297.8109130859375,68.89386751282383,274.6028868936549,298.2095698037883,67.95346806745674,267.8432157303663,297.66256978063643,67.99224826481446,271.674338757221,298.15394460099947,98572000,31800,52990000
2019-12-24,68.89869689941406,275.03497314453125,297.8201904296875,69.04897290437611,276.55205023141855,298.08903614263556,68.57150246344902,270.7717559198923,297.5142235237918,69.00049581934775,273.22982341666915,298.0426912386355,48478800,23900,20270000
2019-12-26,70.26565551757812,280.98822021484375,299.40557861328125,70.28262323330067,283.2542400702121,299.4148589119314,69.00290687073006,275.04467974849365,298.20032811968645,69.03199015678982,275.04467974849365,298.2095801247432,93121200,90500,30911200
2019-12-27,70.23899841308594,281.95794677734375,299.33135986328125,71.24968709103864,283.79190122004474,300.2028590326644,69.83181757161367,279.7015091487597,298.79364017903583,70.55892938705581,281.4778549117932,300.1472338340731,146266000,34600,42528800
2019-12-30,70.6558837890625,277.4930114746094,297.68115234375,70.93946068223316,281.5065711823753,299.5539621324848,69.12895177016881,273.67147087150136,297.18977744042394,70.1566008802019,281.5065711823753,299.41489910203353,144114400,35600,49729100
2019-12-31,71.17212677001953,272.740234375,298.4042663574219,71.17939759231628,279.17347844538153,298.65460807056405,70.1711349866383,271.8568815662687,296.8188914464254,70.27050782240313,277.0898664182318,297.17120326966756,100805600,41900,57077300
2020-01-02,72.79601287841797,271.1557922363281,301.1949768066406,72.85660552982391,274.8909198092934,301.21353740731524,71.54537966581154,266.2876552591494,299.02550854760875,71.79986584309097,274.36280134624735,299.96191348652025,135480400,42300,59151200
2020-01-03,72.08829498291016,274.38201904296875,298.9141540527344,72.85176099103282,275.91828904817015,300.054527146862,71.86289207131898,266.43170162591605,297.69962346252174,72.0204315021118,268.63050052441116,297.75524865798275,146322800,37500,77709700
2020-01-06,72.66272735595703,270.78143310546875,300.0545654296875,72.70150755258545,275.0926488360879,300.1380032335245,70.95401700998774,270.4261698006048,297.0135701240249,71.20608458978934,272.74018688944574,297.1341008274313,118387200,29300,55653900
2020-01-07,72.32097625732422,268.0447998046875,299.2108154296875,72.9293215125039,271.3094174840288,299.9617837987654,72.10041809515171,264.41530774720434,298.75650531355893,72.67240923493256,270.11879945217385,299.47966108724825,108872000,42400,40496400
2020-01-08,73.48435974121094,266.2205810546875,300.8055725097656,73.78732306103302,270.48379965168095,302.03863571595645,72.02286498225183,264.78030529360825,299.15529193732596,72.02286498225183,267.46880832662873,299.4056053809176,132079200,24800,68296000
2020-01-09,75.04521942138672,265.45233154296875,302.8451843261719,75.2391129669444,271.12701974388096,302.9193701237404,74.21388993487531,265.01065532212516,301.7975292108521,74.46595006478736,267.0270466035496,302.39090241703354,170108400,38500,48473300
2020-01-10,75.21488189697266,264.0696716308594,301.97369384765625,75.78203573703135,267.00783097479314,303.5961616198992,74.71075419050038,264.05047850858676,301.5008796222455,75.28032670743771,267.00783097479314,303.43856630929315,140644800,36400,53029300
2020-01-13,76.82180786132812,269.513916015625,304.0504455566406,76.8484724820647,270.80055842301493,304.05969756061086,75.41363481692566,265.01065293852236,302.16838423524933,75.53240147855318,265.01065293852236,302.6041338167335,121532000,33500,47086800
2020-01-14,75.78445434570312,266.3836975097656,303.58685302734375,76.96965039455488,270.3876755397958,304.67157257704264,75.66085034178165,264.78020749740267,303.02129251091276,76.758789108947,267.8911926155005,303.6053853270217,161954400,36800,62832800
2020-01-15,75.45967864990234,267.12310791015625,304.2729187011719,76.46794145974869,270.9254270272055,305.0424194018251,75.02583310750762,266.01887325099915,303.4106999141106,75.58329005054169,266.3837477328966,303.4941377038016,121923600,37400,72056600
2020-01-16,76.4049301147461,274.9486083984375,306.80401611328125,76.51642595207916,275.09263009296376,306.80401611328125,75.64146395886965,268.28493117519827,305.44114212590415,76.00501997562664,268.851436041989,305.672923223801,108829200,46800,54050300
2020-01-17,77.25077819824219,268.1793212890625,307.7590026855469,77.25319687439719,278.05962070991797,307.97222322206403,76.34673326538457,267.4207971914411,306.73916003178357,76.65454124150132,275.55355507888305,307.52722155030955,137816400,43800,95846000
2020-01-21,76.72725677490234,269.6098937988281,307.15631103515625,77.3210602617499,270.29161577958394,307.9721850570609,76.58910376824649,266.93097402033516,306.71130941854796,76.87752535201018,268.17920066706785,306.78546692345196,110843200,23500,77742400
2020-01-22,77.0011215209961,270.6181640625,307.1933288574219,77.55614471768706,272.49053395400966,308.68601353123415,76.90659346249626,268.8418183992053,307.03573358791954,77.21440137755656,269.60998292244426,308.0277349782285,101832400,21400,48914900
2020-01-23,77.37198638916016,267.244873046875,307.54571533203125,77.45196545033632,271.78096405635904,307.9629326406357,76.50429530744599,267.244873046875,305.4040601741914,77.05448142476102,270.4355195468703,306.5351531042118,104472000,26000,51963000
2020-01-24,77.14897918701172,265.4573669433594,304.8106994628906,78.36567684308679,268.19632542814793,308.2966964971266,76.95750435663503,262.02646136060827,303.50345057505217,77.61917870673385,268.19632542814793,308.213258690702,146537600,35900,87578400
2020-01-27,74.88041687011719,265.65924072265625,299.9248046875,75.56389649627694,269.090147137499,301.4267419954356,73.8939665284428,261.8055053445304,299.1460234275925,75.14944474699271,261.8055053445304,299.489054998714,161940000,45600,84062500
2020-01-28,76.99873352050781,264.29449462890625,303.0677490234375,77.17081461349557,267.7446100216188,303.9577806436605,75.66569492593983,264.29449462890625,300.0175014193628,75.76506778148637,266.47603558333503,301.37109530126787,162234000,24600,63834000
2020-01-29,78.61051940917969,263.36236572265625,302.8174133300781,79.46124301379989,265.91872550750577,304.680942713135,77.89310414014818,263.36236572265625,302.6134447991287,78.63718403492442,265.07300896773637,304.449161577674,216229200,50400,53888900
2020-01-30,78.49657440185547,266.2839050292969,303.8001403808594,78.54989623607841,266.9278122063049,304.01338919524386,77.25563796528307,262.2667806369128,299.9618597770934,77.6894834620713,262.2667806369128,300.7220803414687,126743200,29300,75491800
2020-01-31,75.01614379882812,260.2581787109375,298.2838439941406,78.20816118322392,266.9854312769451,303.3274046945725,74.72045130385416,259.72962059786295,297.3567192814671,77.78401253695766,266.32231403487344,303.1697810442337,199588400,32100,113845600
2020-02-03,74.81013488769531,265.707275390625,300.4995422363281,75.98078201621831,267.1680397258319,302.3908838478988,73.24926711862054,261.6228719056078,299.66513597326724,73.75339487793374,261.6228719056078,299.78566666672083,173788400,48000,69083000
2020-02-04,77.27986907958984,266.8701477050781,305.07952880859375,77.47134392906342,269.33039805827804,305.96030823676443,76.01469422241806,265.8130020075709,303.8371856055245,76.42187506467558,266.63950839962115,304.1616847787236,136616400,37500,62573200
2020-02-05,77.91004943847656,263.8236999511719,308.6026611328125,78.71229570893303,270.8681131332356,308.8159099629345,77.30412280540882,262.00735641989087,306.57228441815363,78.411751069267,268.1291535484912,308.05566104886026,118826800,34100,65951100
2020-02-06,78.82135009765625,266.0147399902344,309.64111328125,78.82377617084421,267.0622949878046,309.83580154339455,77.62161992339047,264.76540498305326,308.5470846469901,78.18149548402742,265.12098359301297,309.57620776266845,105425600,29700,50359700
2020-02-07,77.74994659423828,268.4750061035156,307.99072265625,78.56867278048205,270.6373371294595,309.6502548835903,77.25676690083851,264.76542117668345,307.4344423834342,78.31843889494655,264.76542117668345,308.56553523051,117684000,21300,64139400
2020-02-10,78.11924743652344,269.186279296875,310.28997802734375,78.11924743652344,270.8969227746007,310.35488352384476,76.24856854462318,265.73616242494234,307.0543230230456,76.32873742556914,268.1195137300652,307.09141592013054,109348800,24200,42070000
2020-02-11,77.64791107177734,271.12750244140625,310.8277282714844,78.69015073030005,271.80982986697603,312.45944793843125,77.42926131350245,267.6485564185785,310.2899802874024,78.61726994891447,269.18622005903404,311.6621345536354,94323200,34000,54864500
2020-02-12,79.49188995361328,270.03192138671875,312.8303527832031,79.49674620182785,272.59787123051126,313.0435733045393,78.09980747878139,269.0997152399026,311.9124803133696,78.09980747878139,272.59787123051126,312.2833244446266,113730400,23200,43992700
2020-02-13,78.9258041381836,276.2978515625,312.4965515136719,79.25378246463075,277.7394055706522,313.47930112523284,78.55652917592683,268.6095635190217,311.10586489803745,78.7606027667096,268.79216270633367,311.3839909037277,94747600,33300,54501900
2020-02-14,78.94525146484375,270.060791015625,312.9972229003906,79.19548537647773,280.62256943207615,313.11775360699056,78.43506373229454,270.060791015625,311.6992543169933,78.89422750170591,276.11530732334285,312.9137850943429,80113600,37000,64582200
2020-02-18,77.49974822998047,266.6875915527344,312.19061279296875,77.68195766939265,280.0459911738195,313.06211200193417,76.43321208584305,266.034093862725,310.78136558174384,76.61542152525524,270.01276916696077,311.98664429100677,152531200,42500,57226200
2020-02-19,78.62213897705078,265.8033447265625,313.6833190917969,78.8529405124876,271.0121731577486,314.3693822097454,77.74267613948199,265.6399850177642,312.8860055540293,77.74267613948199,269.2534900449854,313.17341190309395,93984000,29800,48814700
2020-02-20,77.81555938720703,263.2950744628906,312.3945617675781,78.87237540713653,268.06180554177274,313.9614041861647,77.3078034073495,262.3628682268203,309.3628470282161,78.38162741760964,265.31325623802684,313.126969634376,100566000,31800,74163400
2020-02-21,76.05419158935547,263.0163269042969,309.1774597167969,77.85199672111999,264.7557997276941,311.3376471518898,75.43468266835458,260.7002266119937,308.3430251094574,77.40740168585418,263.0259466494676,311.02242824641144,129554000,24100,113788200
2020-02-24,72.44158935546875,254.90521240234375,298.9234313964844,73.8992644068107,260.1044213578594,309.25158145980305,70.26722851902157,253.761577067348,297.82940321152034,72.21808333283613,259.3644340998895,299.5909620290097,222195200,29300,161088400
2020-02-25,69.9878158569336,246.00601196289062,289.8655090332031,73.49838528422858,259.54702149200807,300.9539116522251,69.51407604241301,243.2286182747552,288.97547731330525,73.11453422052959,255.76053698574975,300.3327539964207,230673600,70100,218913200
2020-02-26,71.09809875488281,201.8175506591797,288.79925537109375,72.36870817005541,235.35769964112635,294.92753417541184,69.60398331830831,195.55159212320135,288.05756715627723,69.61127139696013,230.6582344052038,291.28394201367996,198054800,195000,194773800
2020-02-27,66.4505615234375,193.18746948242188,275.82879638671875,69.48252909864357,201.8175690431346,288.8548832240512,66.31451240924113,192.7069514608906,275.82879638671875,68.29209564236507,199.41497893547822,283.1994185799881,320605600,87400,284353500
2020-02-28,66.41166687011719,188.728271484375,274.669921875,67.6385477294233,194.29266397662522,276.18113938347227,62.28401969410227,183.0100950345168,264.73114579745976,62.5002450361747,190.84254794322536,267.6608627028327,426510000,104800,384975800
2020-03-02,72.59465026855469,212.408203125,286.5647888183594,73.23359905284,217.19415880144982,286.6296942967578,67.47092308130068,194.69630016016353,273.00095851221243,68.57875558588971,194.69630016016353,276.4776739374962,341397200,154700,238703600
2020-03-03,70.28907775878906,203.70120239257812,278.3598327636719,73.85552017744328,226.52580799543884,290.9687308042171,69.43390383275212,197.97342122902356,275.88442635371035,73.77535132893588,216.09856125432827,286.9450141305417,319475600,102600,300139100
2020-03-04,73.54942321777344,207.57418823242188,290.0601806640625,73.70976836620322,213.3307849674494,290.28270980148613,71.21471719102264,197.99265734010842,281.22468460487516,72.01886735003644,209.0061226067391,283.81137008875044,219178400,95900,176613400
2020-03-05,71.1636962890625,198.41551208496094,280.4180603027344,72.7744209254937,206.48820915113586,285.9900874418258,70.79684571065036,194.77317719300657,278.1466223190575,71.79534952023471,203.49938640764617,282.75443208360537,187572800,56100,186366800
2020-03-06,70.21863555908203,198.021484375,275.782470703125,70.65351068690394,200.56822408475247,277.00628194388554,68.32366098027373,193.26435878011992,269.07937807189853,68.51072660724627,195.8687583075654,271.7865660114753,226176800,45300,228667200
2020-03-09,64.6648941040039,190.86175537109375,254.24534606933594,67.56080421303677,192.69732298535726,263.47949759504263,63.8947525693777,185.96046590782493,253.52219013588166,64.0769619398227,192.21680498559542,255.23734771974637,286744800,79300,309417300
2020-03-10,69.3221664428711,209.6404266357422,267.4012145996094,69.58940835488747,209.99600532116145,267.4939043987404,65.44232100611896,192.20723133979288,253.56850699723532,67.33001496463376,197.31995073227043,263.89668572605297,285290000,102200,276444100
2020-03-11,66.91458129882812,197.97341918945312,254.36585998535156,68.32124000631373,205.38301332109356,261.39347942224254,66.04726273626676,191.50565091124284,251.13948488720615,67.39076055716758,205.38301332109356,260.2438541154178,255598800,91700,255316300
2020-03-12,60.30643844604492,195.5996856689453,230.0288543701172,65.59536986136158,197.01240997704247,247.22701623405294,60.25056194673212,181.4532324233076,229.63018348899212,62.179552305414184,187.40204851474772,237.3438659219169,418474000,104200,392220700
2020-03-13,67.53166198730469,208.24688720703125,249.6931610107422,68.00540938687315,208.24688720703125,251.69575319668994,61.4531554433298,190.6695310597401,230.40896982633384,64.35393335429514,202.52872610406195,243.91716556293562,370732000,96000,329566100
2020-03-16,58.84391403198242,193.21630859375,222.37081909179688,62.942405493904495,205.7962674772215,238.17828064921406,58.30700208996455,187.40203732343008,220.06227397206484,58.78074574053364,188.2861887654515,223.6038822393048,322423600,62100,297240000
2020-03-17,61.4312858581543,207.77597045898438,234.37705993652344,62.585274902506356,207.77597045898438,237.50147890148386,57.91828734590941,192.17836102126594,219.79339653886174,60.13152411847769,195.67653130956327,227.1825652688413,324056000,91900,262070500
2020-03-18,59.927452087402344,198.28099060058594,222.50987243652344,60.73646220887165,207.74718812271942,230.26989971077225,57.60731848961155,190.69840110461473,211.40292526517004,58.25112721326127,195.5804666317425,219.03315567970276,300233600,78200,327597100
2020-03-19,59.468292236328125,193.1682586669922,222.98269653320312,61.42643543687088,201.95212815115022,229.3520511289964,58.941100121340455,192.19761747222242,215.2968410618975,60.10238113169301,196.73370909764182,221.81452481822967,271857200,109800,289322000
2020-03-20,55.69290542602539,185.06675720214844,213.37347412109375,61.18105103531312,204.21059749080072,227.98694398203023,55.391651251345145,183.9903866333622,213.09369836695612,60.05135066055668,195.0615283094892,226.1777435659244,401693200,99900,347158800
2020-03-23,54.5097541809082,185.85476684570312,207.91783142089844,55.51312163568075,192.52435958435024,214.19406437131502,51.65271258137682,180.75166760934977,203.5440473871526,55.41108483288239,184.8072410383672,212.8045351378094,336752800,68300,326025200
2020-03-24,59.97847366333008,195.09031677246094,226.7559051513672,60.175259212076874,198.74225666952375,227.6418639558816,56.92221437304566,186.38333256722066,218.0363259189055,57.42268223950284,192.63967192941575,218.61451862923366,287531200,82000,235494500
2020-03-25,59.64806365966797,210.13050842285156,230.1504669189453,62.74076316410799,234.99251887313315,239.06590706452997,59.3516694383783,196.29159635690033,223.5851369380366,60.91866936456952,200.8372923770715,228.3599223786975,303602000,170100,299430300
2020-03-26,62.78693771362305,211.37986755371094,243.58885192871094,62.84524235592004,229.4954022153704,245.08095069547352,59.852150856395546,201.84639209029393,232.25804548636455,59.89102308930032,212.31207365693456,232.69635732558996,252087200,125900,257632800
2020-03-27,60.18740463256836,193.28355407714844,236.33346557617188,62.16255182038572,211.4279183041743,243.2252033197618,60.01977140734215,193.16823445063199,234.1232644732971,61.40456197455526,208.0450675053188,236.19358483421166,204216800,84000,224341200
2020-03-30,61.905033111572266,199.56874084472656,244.00857543945312,62.07752630082117,205.18118760932856,244.73598379191057,60.59069513800199,194.1196684416965,236.43606067798095,60.91624540312953,195.65731725520962,238.4597494769956,167976400,47100,171369500
2020-03-31,61.77870178222656,200.40484619140625,240.37149047851562,63.7708571145467,204.49885448237762,245.57525260936177,61.22235738786374,196.33966780877475,238.94465017973812,62.096963976228515,199.29004085477678,242.99202705038826,197002000,52800,194881100
2020-04-01,58.52809143066406,186.52745056152344,229.55364990234375,60.42549811462956,197.97339141982607,240.2876121921091,58.0956480712456,185.04746175754542,227.4553532332913,59.88615797745644,196.73366158601772,231.2602662341046,176218400,86300,189554600
2020-04-02,59.504722595214844,191.236572265625,234.8506622314453,59.55817097638504,193.86980170428222,235.64334345021692,57.55386780368069,186.21996282237365,228.09880553341145,58.38960208336811,187.18099888944485,228.65835693606002,165934000,60100,177660400
2020-04-03,58.64956283569336,198.94407653808594,231.45608520507812,59.691798977456195,202.04823367993689,236.24020557889955,58.05677432512775,188.49761888895557,228.68633280233766,58.98725744365528,192.2072187983333,233.8527985965166,129880000,53900,135561200
2020-04-06,63.765995025634766,212.8406982421875,247.00210571289062,63.92147650814731,215.09913928245834,248.99783233697417,60.58583486452881,194.13892647198008,231.43742170463756,60.95510987284994,205.1812382003958,240.45543137793305,201820400,75900,188061200
2020-04-07,63.027435302734375,214.31103515625,247.25393676757812,66.00838540103557,221.46114558128497,256.4864356164454,62.92297037455114,207.99702138657526,247.03012758286806,65.78972822133507,216.2331072204316,255.72171628872943,202887200,73600,201427200
2020-04-08,64.64060974121094,221.04788208007812,255.55384826660156,64.95643640817995,224.85359104068252,257.39102447097054,63.464752614085576,211.91804020401858,247.36583058306135,63.8315958380623,217.76114076440615,249.89310405019953,168895200,52900,153774500
2020-04-09,65.10704803466797,243.30552673339844,259.44268798828125,65.61237949299203,245.54474278148734,262.2404163485001,64.3077616237392,221.04792539472544,256.8967449348948,65.27954490531218,226.34324410558207,258.86446688746577,161834800,86700,189999200
2020-04-13,66.38494873046875,228.90919494628906,257.0738830566406,66.49427732074086,240.25902913641366,258.7991542109289,64.58228739111088,226.8045235047745,253.11043537298633,65.1847957247921,240.25902913641366,258.454105672063,131022800,76100,114839100
2020-04-14,69.73760223388672,232.5419158935547,264.65576171875,70.02914021517418,239.92266640752308,265.6909074598585,67.55108961658726,229.44737835061807,256.93403326466927,68.02483698264969,236.03048177318306,262.0352253295003,194994800,52200,134143400
2020-04-15,69.10108947753906,225.27647399902344,259.0323486328125,69.56268513070003,231.9460668283389,264.79566214468906,68.17789817121714,225.27647399902344,256.88740651035886,68.60790967618321,227.76555395958442,258.8551568956544,131154400,45000,121775000
2020-04-16,69.6501235961914,227.534912109375,260.2820129394531,70.01697408247138,233.1858093270416,261.149301941165,68.59573984103106,222.34532279895515,257.1672119683842,69.81775677110633,227.76556606299837,260.3286303636444,157125200,36000,131798300
2020-04-17,68.70507049560547,233.51255798339844,267.31365966796875,69.71330151482101,234.49281895551331,267.92913492449776,67.26197182482458,229.7452980615278,263.35951716744296,69.16424162454373,233.51255798339844,266.1386045310239,215250000,31800,146684800
2020-04-20,67.27899169921875,225.74737548828125,262.6041259765625,68.43298447365049,231.5520417819031,267.4535335494662,67.25955929365115,224.44998554341592,262.38031679810956,67.52680120844859,230.64866549576516,263.55534344495436,130015200,41200,100109300
2020-04-21,65.19937896728516,215.0030059814453,254.63063049316406,67.35673938059448,223.09492850425806,259.2935118022099,64.48511754898358,213.86897571311766,253.6793844917386,67.12108160089471,223.09492850425806,258.0718391760374,180991600,63200,126385700
2020-04-22,67.07735443115234,218.92840576171875,260.2820129394531,67.51465402003916,220.95846097413485,262.0539019582094,66.12986704581802,214.5507968802734,258.23966886447624,66.4724141891117,217.3024354902689,259.5825808167889,116862400,41400,92951600
2020-04-23,66.81739044189453,217.56222534179688,260.2633972167969,68.44998669440024,221.10278775499538,264.7957331114833,66.77851821991604,216.56162140369966,259.95565954134184,67.02146404669297,219.64037451966638,261.57833329550306,124814400,27900,104709700
2020-04-24,68.74638366699219,219.21702575683594,263.89111328125,68.75610357640764,220.58322179299017,264.57190421689205,67.29599672618441,215.54175421172957,259.7224961366366,67.34458885914316,217.5044691283714,261.80215150389427,126161200,29200,85063200
2020-04-27,68.79498291015625,229.0305938720703,267.6959228515625,69.12781755437949,230.7527666092867,268.8336666820611,68.01269693902715,220.46779464431333,265.42977005752385,68.46214085181369,222.22846005401848,265.8960580460895,117087600,58900,77896600
2020-04-28,67.67984771728516,228.58802795410156,266.4649963378906,69.44120502793687,233.79305378602808,271.75268722543615,67.58753452748297,228.30902212717794,266.1572302676305,69.2589956509729,232.9463911156604,271.3983037311806,112004800,52100,105270000
2020-04-29,69.90282440185547,233.3408203125,273.44061279296875,70.37414002699974,237.63184257964673,274.99802730256994,68.96991306323223,229.45389765473396,270.8294112642531,69.17398672348229,234.3606558012908,271.87389187573933,137280800,46300,118745600
2020-04-30,71.37749481201172,226.54833984375,270.8946838378906,71.554847969106,235.4382531820585,273.5431962344626,70.0534442472492,223.68125239602597,269.1321015558982,70.44458354559235,231.0798756627271,272.0417340912882,183064000,41000,122901700
2020-05-01,70.22836303710938,223.34449768066406,263.7232360839844,72.64081369930636,229.6944375951756,271.0626063501023,69.44607705455206,218.6397744093135,262.5388460753186,69.54325391781421,222.78647141224255,266.0733179026497,240616800,31500,125180000
2020-05-04,71.22200775146484,224.0564727783203,264.45062255859375,71.35076875806811,226.34628757232133,264.7583601620697,69.5602589927265,216.47503142440348,260.3099822247622,70.25265616239726,221.80512129421052,261.8114161477234,133568000,39300,80873200
2020-05-05,72.29096221923828,224.78765869140625,266.8940734863281,73.12669648649918,231.85918183681346,269.74775532812663,71.53782864635428,222.01677375595662,264.5812734975603,71.68359763047998,226.09613050196285,267.3137442995241,147751200,42500,79569900
2020-05-06,73.03680419921875,230.8008575439453,265.0848083496094,73.67088924059446,234.7166572147521,269.0109465308684,72.60921717678971,226.2885536208395,264.6464963583546,72.99550014695852,230.89707453719123,268.619280429729,142333600,51600,73632600
2020-05-07,73.79235076904297,221.76663208007812,268.2834777832031,74.13976887823173,234.26446188016797,270.24189322800635,73.36233939631117,221.52610427955744,267.7705723271666,73.66602162923061,234.26446188016797,268.34876493868796,115215200,54200,75250400
2020-05-08,75.54875946044922,231.83029174804688,272.72259521484375,75.60235253123315,233.51398613406522,273.1982181997466,74.12611582186314,224.06604830409597,270.31653260177217,74.45498205466502,226.09610326532123,271.4636116112568,133838400,51000,76452400
2020-05-11,76.73754119873047,228.49180603027344,272.7785339355469,77.23448698795877,233.67758508015555,274.17739821213945,74.84473723882499,228.0203662327741,270.3351888860266,75.05424011538071,231.86881123248338,270.76416596205763,145946400,32600,79514200
2020-05-12,75.86056518554688,223.28677368164062,267.3416442871094,77.87760182453242,232.42683027091866,274.4012248219,75.73876343818256,223.28677368164062,267.20173508258847,77.42449545855905,231.91691249881112,273.9815825882423,162301200,38500,95870800
2020-05-13,74.94461822509766,218.93801879882812,262.6134338378906,76.96653181484587,224.9127357141393,267.82653078965365,73.86301804797671,218.7648458323286,260.1514192882402,76.04083401805624,222.94040484975775,266.7727152495365,200622400,45700,144721100
2020-05-14,75.405029296875,220.87188720703125,265.7562561035156,75.4659301717339,220.87188720703125,265.8868019798245,73.45376288745526,212.77089754479832,254.58398234077737,74.17970399208137,216.47503173790804,260.14215730292403,158929200,30400,121977900
2020-05-15,74.9592514038086,218.40887451171875,266.97796630859375,75.00553667620213,226.0865330302409,267.0245837438458,73.13222465414051,216.74442612219858,262.37103669077266,73.16633272187927,220.2946190638083,263.33158922874094,166348400,25000,111146300
2020-05-18,76.725341796875,227.77984619140625,275.10992431640625,77.10049319763979,229.94459657759703,276.74193234201203,75.59502563599513,222.02642483113544,272.96501086673743,76.2892969667924,223.20981759833685,273.29138970388954,135178400,33700,119703800
2020-05-19,76.28199005126953,224.1045379638672,272.2843017578125,77.59257040448834,229.94455955664154,276.23841613805683,76.250320412407,224.1045379638672,272.26566047751754,76.7423967189678,228.5783635167697,274.5038378916187,101729600,28900,95189300
2020-05-20,77.76555633544922,229.02093505859375,276.9097595214844,77.83619600542188,229.4635126535967,277.78638315809906,77.1053854269129,224.59523251182083,275.64146993827234,77.1443628832028,228.02996173395485,275.87461391694734,111504800,27700,85861700
2020-05-21,77.1857681274414,225.8460235595703,274.9980773925781,78.16992831924948,229.0787182824463,277.5999729875924,76.94703402835367,224.75883303637875,273.8883094257428,77.62668985437112,229.0787182824463,276.7793013690956,102688800,17900,78293900
2020-05-22,77.68270874023438,227.6259002685547,275.5203552246094,77.76553302219949,228.93437217391343,275.6975470054014,76.82035043454619,223.07511810357326,273.45003461848734,76.92265972172005,225.13403561987937,274.7090183651781,81803200,19800,63958200
2020-05-26,77.15653228759766,232.31138610839844,278.9149169921875,78.98598935270707,234.97642366898174,281.81524418534843,77.10050081133224,228.83816395017686,275.53899522224816,78.80572515787038,230.90669724069713,281.57276523171595,125522000,36100,88951400
2020-05-27,77.49270629882812,241.04733276367188,283.06488037109375,77.63886988657548,241.98058179893053,283.1021913915124,76.26981939752606,233.88923779191376,276.85391885998195,77.01281453766303,234.93793547296877,281.7499443860414,112945200,35600,104817400
2020-05-28,77.52680969238281,237.5644989013672,282.5425720214844,78.79111238390804,246.36782530682171,286.15163684544433,76.88856974628645,237.5644989013672,281.8617812473152,77.16627385552594,244.37624804962556,284.10929298289966,133560800,31300,90405200
2020-05-29,77.45128631591797,234.20675659179688,283.80157470703125,78.2332513575919,239.03655963211472,284.3984086310391,77.09318892472729,229.4635547294287,279.2785747846173,77.77040626057638,235.9578062783748,282.06696830607984,153532400,40400,119090800
2020-06-01,78.40377807617188,234.3125457763672,284.9486999511719,78.5255798108143,243.41412382225096,285.564203773769,77.2734544102799,233.79301220872324,282.62659388498867,77.40500236526634,233.79301220872324,283.14883437810636,80791200,35600,55758300
2020-06-02,78.76675415039062,233.80262756347656,287.30810546875,78.79111598702812,240.52778985279517,287.35475136159704,77.69246183211925,233.7930117369169,284.52904619801865,78.1358219826799,237.13153863452578,285.88126481110095,87642800,32500,74267200
2020-06-03,79.20038604736328,234.2933349609375,291.1316833496094,79.46348204803387,241.47067664180742,292.10157073984817,78.5134222429562,233.79303300195554,289.0427213952231,79.08833049443568,237.198900356571,289.32248292126695,104491200,46500,92567600
2020-06-04,78.51826477050781,233.26388549804688,290.3668518066406,79.32215317141346,236.19832794634192,291.8962901185222,78.14311338079781,231.39738719714268,288.240579649607,79.02252568967691,234.97644246512,290.1337078049485,87560400,41400,75794400
2020-06-05,80.75457763671875,233.74488830566406,297.8088684082031,80.81547852483091,237.1700014653864,299.60873357198415,78.73997893427719,232.4460471318504,295.7758592037261,78.76921017110055,236.53501929804767,295.8411463655128,137250400,52300,150524700
2020-06-08,81.23200988769531,234.48570251464844,301.4086608886719,81.26611794142813,238.45922578514214,301.60449393595724,79.73628846860731,233.79298139532148,298.0793567849757,80.4500448415124,238.45922578514214,298.6295733673282,95654400,41000,73641200
2020-06-09,83.79716491699219,233.60061645507812,299.1611022949219,84.19180139437105,235.71725828724118,301.48320773267557,80.87879976817435,231.63790126694946,297.82749681022113,80.9104694123917,233.79303577061063,298.7041206421371,147712400,46000,77479200
2020-06-10,85.95305633544922,230.90670776367188,297.49176025390625,86.423209296877,235.71726417541504,300.65320672741785,84.30873274320918,229.69445283294772,296.7643520725616,84.74965447468956,233.14842881322258,299.74860681959524,166651600,34300,95000800
2020-06-11,81.82642364501953,213.136474609375,280.34161376953125,85.51945402506203,229.17486517070688,291.1035470919193,81.72411432630992,211.66444577457656,279.7820910251775,85.09314785066266,222.77683211387196,290.46006747595607,201662400,66100,209243600
2020-06-12,82.53286743164062,223.03659057617188,283.698974609375,84.72529905397784,225.11473928611846,288.24061577799773,81.41716661042786,217.16770730105767,278.4672362164336,83.9750035031546,222.632491016348,287.4572552493203,200146000,57900,194678900
2020-06-15,83.5535659790039,228.3955841064453,286.3474426269531,84.2088600192706,228.5880034161497,287.49452132534276,81.01765253374747,218.312662535282,276.7325865717103,81.18087015739522,218.3896331952942,277.92628268501034,138808800,36700,135782700
2020-06-16,85.7679214477539,232.23440551757812,291.8589782714844,86.04076362659309,235.52482405088546,294.3583035920183,83.97500316337461,228.02035377531436,286.92567170101574,85.61688845940762,232.82129393519634,294.20908801616844,165428800,46900,137627500
2020-06-17,85.64854431152344,230.93556213378906,290.6466979980469,86.57667295034399,232.97523328572183,293.1926412353925,85.52674257483635,230.4256443458059,289.90061997210125,86.51577208200045,232.61925682107577,292.8942100250143,114406400,20000,83398900
2020-06-18,85.68266296386719,234.59156799316406,290.758544921875,86.1016612872621,234.59156799316406,291.2434741975904,85.071215791131,229.02093610600124,288.64160764177996,85.60470805854047,229.02093610600124,289.10789564303127,96820400,21600,80828700
2020-06-19,85.19300842285156,231.1664581298828,289.0969543457031,86.85925531634406,238.0744093794974,294.47348887128004,84.07973874680876,231.1664581298828,287.12054450757995,86.39154080283116,235.71723991646311,294.276794057839,264476000,59200,135549600
2020-06-22,87.4219741821289,226.00953674316406,290.9515380859375,87.56569933419068,232.61923573281075,291.3543036269551,85.5413551373912,224.31621170127053,287.32659104636923,85.58764039041641,230.29092848085844,288.4880651033334,135445200,29900,74649400
2020-06-23,89.2879867553711,224.89349365234375,292.2909851074219,90.71306865652282,228.88624927166472,294.58586256145816,88.25023351062259,224.68182801327762,291.87884361702186,88.67167022398402,228.79966278677,293.63980660596644,212155600,28100,68471200
2020-06-24,87.71187591552734,221.70889282226562,284.83502197265625,89.83853715411549,225.134006122056,290.8485202388786,87.33672444267022,220.09253847770728,282.9710378924179,88.91527780438203,224.0564463461177,290.22093205212803,192623200,35300,132813500
2020-06-25,88.87629699707031,223.20018005371094,287.88873291015625,88.915274447835,223.20018005371094,288.1603782359174,87.10530228917064,218.37999360050057,282.2030758982083,87.86778240746746,219.71732756617962,284.2544083055818,137522400,29400,89468000
2020-06-26,86.14550018310547,212.8863525390625,281.0509033203125,88.99322547098194,223.2098017598741,286.9894813816254,85.99689819390446,211.85688649285353,280.4608187623357,88.77154541114977,222.53632684586697,286.77403462904726,205256800,50800,127961000
2020-06-29,88.13088989257812,223.02699279785156,285.18157958984375,88.22589884319429,226.09612984550978,285.3220758702378,85.57305267937001,216.14790365566375,280.00174042781555,86.05295195864429,216.60009708980692,282.3247170760809,130646000,36300,79773300
2020-06-30,88.8665542602539,220.5062713623047,288.834716796875,89.15401204164107,224.17191273669133,290.55823366334533,87.69726042821986,219.7461952825044,284.5822089162015,87.71674543727191,221.86285169664288,284.7414285557385,140223200,19700,113394800
2020-07-01,88.69847869873047,220.91033935546875,290.85791015625,89.49019017978897,225.12439084481446,292.1411859745126,88.6497624527177,220.32345097307427,289.49974108862006,88.94452064563093,221.52608989759977,289.96808116405305,110737200,27500,72396500
2020-07-02,88.69847869873047,221.295166015625,292.4596252441406,90.24780103205751,224.1911297854639,295.7099061937447,88.58399217521502,221.295166015625,291.7852144579482,89.60956096602841,223.05583106794344,294.34233272563904,114041600,25400,69344200
2020-07-06,91.07117462158203,225.40341186523438,296.9743957519531,91.54132761643254,226.086517280066,297.5645087517877,90.10162996566636,222.9404095300786,295.57875163725043,90.133299611757,224.27774351740075,296.3374601841216,118655600,33400,61713800
2020-07-07,90.78857421875,222.5459442138672,293.91143798828125,92.23314095420048,225.5669728610326,297.41461190670697,90.67651870857861,222.18996775985266,293.5273957727805,91.4511759281686,223.45994693782336,295.41013164786364,112424400,25200,82910000
2020-07-08,92.90306091308594,221.76663208007812,296.1595153808594,92.93473055595655,223.61388382639882,296.27191242234693,91.68260506078956,219.3613540748712,292.89988683688415,91.77030618213804,223.61388382639882,294.6889207225762,117092000,21500,54638600
2020-07-09,93.30257415771484,214.55079650878906,294.47344970703125,93.85311298440196,220.12141386896994,297.02122033565746,92.25020530715545,213.93504593114687,291.007722429087,93.79951991976638,219.9963493964493,296.77767439936406,125642800,36300,83354200
2020-07-10,93.46578216552734,217.3024444580078,297.4803161621094,93.52425205644036,220.15030017746793,297.75196147407723,92.28187281172208,214.59891423241075,292.95616253905996,92.89575090989648,216.0998054124111,294.4080056827879,90257200,41300,57550400
2020-07-13,93.03460693359375,217.11001586914062,294.9043273925781,97.39754619914325,219.56340235344857,302.2759944095166,92.82023467943165,215.51290776148036,294.2392925972862,94.77637034737839,219.18817957448277,299.8593725900978,191649200,39600,102997500
2020-07-14,94.57418823242188,219.3228759765625,298.7259826660156,94.76662964226465,220.27535667053078,299.5127903949357,91.47555145597293,215.72457479753825,292.2441448250976,92.41341897123698,217.39865357335952,293.4618173277874,170989200,35200,93657000
2020-07-15,95.224609375,220.33311462402344,301.470458984375,96.70815384014621,223.49846918159778,302.5851104536929,94.02120745599402,219.3613874471221,299.0538086145982,96.45724252536823,220.94886529980676,301.9949974893241,153198000,29200,87196500
2020-07-16,94.0528793334961,218.8803253173828,300.47760009765625,94.91279943602586,221.20863295028929,300.93656417314014,93.4511783597131,217.43715833726822,298.8852325846452,94.0918567876338,221.20863295028929,299.5409200512278,110577600,24200,54622500
2020-07-17,93.86284637451172,221.6511688232422,301.34869384765625,94.6618654071879,224.7876458502528,302.1448775728989,93.3878166649876,218.35111998368586,299.49405713787746,94.50596306222513,218.35111998368586,301.49856607942473,92186800,39400,62774900
2020-07-20,95.8409194946289,218.39926147460938,303.78411865234375,95.9797752684357,224.56639832859275,304.542827300873,93.60464123577772,218.39926147460938,300.3183906000122,93.9505614633719,221.7570351409061,301.07709924854146,90318000,43600,56308800
2020-07-21,94.51814270019531,218.0721435546875,304.43035888671875,96.71057384530293,222.58444775105926,306.22876837821946,94.26723143317828,217.4467624220199,303.42810448243677,96.63505736726202,218.9957621509139,305.779180297946,103433200,40200,57292200
2020-07-22,94.78368377685547,218.96685791015625,306.1632995605469,95.46820900884369,219.82313618700962,306.48179600757305,94.13082818895455,217.04263574368574,303.952747842594,94.2185218794836,217.04263574368574,304.06514490144406,89001600,47200,57792900
2020-07-23,90.4694595336914,220.1226806640625,302.5102233886719,94.59366457206063,220.21900346197677,306.509866057885,89.65582482110416,217.67623738307287,301.1239550146999,94.51570967602892,220.21900346197677,305.79797997273573,197004400,52000,75738000
2020-07-24,90.24534606933594,221.79856872558594,300.5619201660156,90.59126629328685,224.89997425725386,301.6016213737728,86.86412846693426,219.56402416116552,299.0351270034531,88.65949241794259,220.5946074072923,300.6274946345792,185438800,43100,73766600
2020-07-27,92.38419342041016,225.75721740722656,302.75372314453125,92.47676394434872,227.30792033296308,302.93169463863757,91.08822838783793,221.25921922188036,300.4588456164485,91.31233945550993,222.23201477652694,301.2644053137518,121214000,50300,48293000
2020-07-28,90.86654663085938,222.06826782226562,300.8335876464844,92.13084942839727,226.54701300531423,303.14718884724687,90.8616698028327,222.06826782226562,300.53384312678145,91.95301619177205,225.58384389456756,302.0137852418472,103625600,31600,57495000
2020-07-29,92.6082992553711,222.713623046875,304.53338623046875,92.79344027792474,227.92437225133793,305.1047758745193,91.31476537959648,222.11646281086954,301.6858711275575,91.35130441452465,222.66546164469472,301.72334633008643,90329200,34900,48454200
2020-07-30,93.7288818359375,218.63943481445312,303.4468688964844,93.83362955315262,223.667179821613,303.86838636404417,91.36836340686854,217.95557813324436,299.4004326998644,91.77761548867781,221.71194728513942,301.51731023005146,158130000,32600,61861700
2020-07-31,103.54122161865234,221.10511779785156,305.8447570800781,103.6922545815279,222.1935036899216,305.9478067490246,98.24527709244623,217.67623781909123,300.983385374377,100.25257475306186,219.99747910359653,305.26402002756305,374336800,51700,84986800
2020-08-03,106.15020751953125,220.3827362060547,307.9710998535156,108.78112190950725,223.6864141130286,308.74853186446853,105.1319468426195,218.80313934960864,306.97822109966637,105.43157434004412,223.6864141130286,307.53085900339664,308151200,51500,53077900
2020-08-04,106.85910034179688,219.83370971679688,309.1606750488281,107.95531597012776,222.9832619351094,309.1606750488281,105.61428272918116,218.72605648893358,307.09996710459836,106.34022375491685,219.8240686203292,307.09996710459836,173071600,43400,41917900
2020-08-05,107.24644470214844,259.0924987792969,311.08074951171875,107.56800311782875,269.6873593241752,311.34304732689856,106.11125145953578,223.74419426438,310.2096440605647,106.57897346726979,223.7634617622914,310.4812892368565,121776800,142600,42697700
2020-08-06,110.98818969726562,248.5265655517578,313.1602783203125,111.48514293061744,256.3282425171438,313.28205131980314,106.98822429560298,245.608163839526,310.16291883496336,107.58017903042834,256.3282425171438,310.4907626216201,202428800,57100,43679400
2020-08-07,108.46478271484375,253.5254669189453,313.3850402832031,110.96622042952936,256.7520904947996,313.6754088017818,107.66432294404805,246.0416360854132,311.25875834916513,110.50741895463568,246.6965989617942,312.1767150568948,198045600,42000,57308300
2020-08-10,110.04130554199219,264.78485107421875,314.3216857910156,111.06384515107565,266.00806538934535,314.50900462280714,107.37879853018043,250.75146862868473,311.87693634969577,109.91684136955703,253.5061478542217,313.8439698873227,212403600,75800,44282100
2020-08-11,106.76869201660156,261.13446044921875,311.72711181640625,109.8021412960738,272.0953319765963,316.1669947285276,106.50756451384724,259.5067019524553,310.9871551520584,109.30185668966175,265.8058375140846,315.52068320179865,187902400,42500,69601100
2020-08-12,110.31707763671875,262.74298095703125,316.0733337402344,110.57576233443505,268.5508910886768,316.86014159029884,107.66921252952778,262.1554323560248,314.17187428960983,107.86444373428206,262.1554323560248,314.199973549069,165598000,40800,53774400
2020-08-13,112.26942443847656,264.2165222167969,315.501953125,113.27732214847798,267.2793925253295,316.83205147661397,111.2127152013319,261.01879414185333,314.56527300237883,111.70324349302591,261.01879414185333,315.295882354615,210082000,36800,41816100
2020-08-14,112.16934204101562,266.2970275878906,315.5113220214844,112.25963664409292,270.73722343411225,316.0546124881785,110.3512210337213,263.0896577325483,314.3685711540199,112.09368940343238,263.16672772797256,315.10855643820963,165565200,29700,47260400
2020-08-17,111.87650299072266,262.7333068847656,316.513671875,113.32123917843857,265.2760878141306,316.9164375795246,111.24687604641355,260.99961399190244,315.5207929551308,113.29683341677854,265.2760878141306,316.5417711431013,119561600,23600,35481000
2020-08-18,112.80875396728516,262.65631103515625,317.1972961425781,113.23582875245064,264.04327734322607,317.6281608941963,111.29080786153608,258.3316603773339,315.29580849727586,111.62758802659577,261.98208068771197,316.91627502049505,105633600,33100,38733900
2020-08-19,112.95028686523438,262.7333068847656,315.8765869140625,114.3706172584675,264.9774783044735,318.10586116291836,112.85511407883027,260.7106455806967,315.3051972855298,113.21873534210548,261.8279254381214,317.58132268257543,145538000,31900,68054200
2020-08-20,115.45660400390625,260.58538818359375,316.860107421875,115.57130437194682,263.81201054651933,317.34717072838095,112.97468644336531,258.553115492015,313.9938689252878,112.99177121995677,261.2018305163648,314.1249892602219,126907200,23000,42207800
2020-08-21,121.40637969970703,257.541748046875,317.9841613769531,121.8920223479699,261.0669203787084,318.2089554471391,116.40838192059897,254.69074691993555,316.17634711185,116.42058107803142,261.0669203787084,316.5229427503298,338054800,90700,55106600
2020-08-24,122.8584213256836,267.240966796875,321.20635986328125,125.71616685968111,268.5605041388325,321.2812816955143,120.98417507562561,258.11975163170393,317.9560786980553,125.63074297294527,258.12939273141353,320.456998614907,345937600,29200,48588700
2020-08-25,121.85052490234375,264.4765930175781,322.3303527832031,122.19706883538618,267.54910472110976,322.4146505623299,120.1202629427022,262.531002066,320.5974888739316,121.72606818176882,265.8346649417939,321.7777149521224,211495600,23700,38463400
2020-08-26,123.50758361816406,263.7542419433594,325.56195068359375,123.96638513952726,265.19899569812816,325.83356736583914,122.1018951182586,262.68513827375386,322.3772436550059,123.17324627161129,265.19899569812816,322.92988155416924,163022400,22500,50790200
2020-08-27,122.03111267089844,265.07379150390625,326.2737731933594,124.44713388915774,269.50437577286084,327.744367840277,120.88166620220456,263.8216832814936,324.58776041365843,124.11279658484769,263.8216832814936,326.44239733949644,155552400,20700,58034100
2020-08-28,121.83345794677734,268.2330017089844,328.38128662109375,123.42949208020818,268.9939136656468,328.51243555189626,121.60893535239866,266.3548392608498,326.1051609096553,123.0097382757906,268.9939136656468,327.3134862047626,187630000,18500,48588900
2020-08-31,125.96509552001953,263.2341003417969,327.191650390625,127.87839717669817,268.30037915733874,329.0556342261783,122.99754232262572,262.6176874093257,326.9574804179092,124.53989424393505,267.9054763035049,328.16580548097926,225702700,39600,66099200
2020-09-01,130.9825897216797,264.30328369140625,330.2734069824219,131.58782574144868,266.27776894332186,330.3764280718998,127.41957228893138,261.6738209948181,327.1261470011209,129.59642898445324,261.6738209948181,328.034727836042,151948100,30800,54908700
2020-09-02,128.26882934570312,272.39385986328125,335.05047607421875,134.69203460571913,275.4085839493475,336.0339787242066,123.97368404550697,264.4669673254081,331.0508338377978,134.3113286127253,264.4669673254081,332.2123365750226,200119000,41000,69540000
2020-09-03,117.9995346069336,266.6148986816406,323.51995849609375,125.76985400452799,272.2301923105924,333.81406380807414,117.62859234953736,263.1378715249704,320.8972370241413,123.8858513348428,272.2301923105924,333.336347802371,257599600,31400,148011100
2020-09-04,118.07763671875,265.15081787109375,320.8785400390625,120.75234302510827,269.07089359306116,325.80545840804757,108.24759559174068,261.2788594509436,313.66609113095734,117.20884517273298,268.0306839449173,324.21311923374094,332607200,27600,139156300
2020-09-08,110.13159942626953,259.7571105957031,312.11114501953125,116.15457202546442,263.5712524958214,320.94405943361454,109.99493609758322,257.7248082466454,311.802053186897,111.23466984997847,263.5712524958214,315.38952512691657,231366600,26900,114465300
2020-09-09,114.52436065673828,265.1701354980469,318.2746276855469,116.30099125669896,265.8347246611874,320.7755482402618,112.51345114458287,259.8341693887718,315.29596241451065,114.46579279058768,260.3350362326424,316.1764442401631,176940500,31200,91462300
2020-09-10,110.7856216430664,261.0189208984375,312.74810791015625,117.62858101393304,269.09992669126865,320.84100847846224,109.81921463956404,261.0189208984375,311.7739526782989,117.49191769818896,266.82683150504624,320.17597366320473,182274400,19500,90569500
2020-09-11,109.33113861083984,259.1888122558594,312.9073486328125,112.48417383164686,264.6981407169141,315.6330911254098,107.37879684993199,256.65567280456906,310.0411098437324,111.83989747570273,260.9802926837689,314.55591473876467,180860300,27100,84680200
2020-09-14,112.6110610961914,255.6251220703125,317.02874755859375,113.16747813952576,261.22113325832714,318.8271859786665,110.11206629772022,255.39397084812475,313.05723297016124,111.98631239657361,259.33332969207487,316.1201666926315,140150100,29500,65605700
2020-09-15,112.78679656982422,250.7129364013672,318.6304931640625,115.99840000615629,258.34124956281397,320.36332854055274,110.90278626971434,250.08688228660412,317.0381255051584,115.51031451335678,256.5979156247607,319.520322138572,184642000,28300,52920900
2020-09-16,109.45802307128906,245.34808349609375,317.365966796875,113.23580653956088,251.01150833583714,321.337481379407,109.37017127899034,244.240444807023,317.08494560826387,112.48415834205763,250.7129282386161,319.8856386198141,154679000,23100,82096000
2020-09-17,107.710693359375,240.3011016845703,314.5746765136719,109.52637182628673,243.12318053508864,316.31691655870964,106.11953747604608,239.11639292433554,311.90513221325625,107.1054721687997,242.2370665879253,312.43904679038167,178011000,21700,91523300
2020-09-18,104.2940902709961,235.61041259765625,310.9530334472656,108.23782140747392,244.9050029174538,315.504709149434,103.56196213186861,233.84781144045033,308.43268907244754,107.76926356908416,242.05401601095835,315.3918621922978,287104900,71800,105877900
2020-09-21,107.45687866210938,227.5968780517578,307.4923095703125,107.56425804113088,232.46088530477581,307.6427817708754,100.64320350485177,224.9770567308355,302.5644669753392,102.04889177743026,232.46088530477581,306.2979741466193,195713800,34600,99450800
2020-09-22,109.14566802978516,230.49600219726562,310.62396240234375,110.17065047339322,232.21044207328245,311.18822604214876,106.55882105346654,227.68355010068979,306.4484516472839,109.9949394101345,227.68355010068979,308.99703715880236,183055400,19100,63612100
2020-09-23,104.56742858886719,221.7600555419922,303.4201965332031,109.43851925260384,234.6954093061243,311.4702709927594,104.2257628187344,221.7600555419922,302.9123565524483,108.96019760104794,231.07389883539824,311.188124914726,150718700,26500,93112200
2020-09-24,105.64120483398438,230.90054321289062,304.2289733886719,107.62283036011137,234.4642662365465,307.33237956626084,102.49793367629653,221.52891121444318,300.74937241411027,102.66388092435032,223.3107800746688,302.0847950642425,167743300,38500,76681300
2020-09-25,109.60444641113281,231.31471252441406,309.1474304199219,109.76063729998137,231.97930160644782,309.9467726142163,105.10429883056716,227.65466672117552,302.47978804991413,105.84619065741477,229.24388998072087,303.36376546361737,149981400,15400,71069400
2020-09-28,112.22061157226562,232.22972106933594,314.2821350097656,112.57203371024211,240.79229447292118,315.00625538854115,110.09255860233831,232.22972106933594,312.36365080541356,112.26942309882642,234.01158992715366,313.3699172522697,137672400,27000,64584600
2020-09-29,111.37134552001953,230.17816162109375,312.5705871582031,112.56227532847853,234.7628562262404,314.82761249869975,110.86373987830592,228.95494737022707,311.8652649455708,111.820390732712,232.8172504089572,314.075280285079,99382200,14200,51304000
2020-09-30,113.05034637451172,231.8155517578125,314.9404602050781,114.46579860836158,232.83652343643044,318.13791487859936,110.91253722784417,227.91472832665934,313.0501876591284,111.07848448876676,230.3033837838287,313.2476698252386,142675200,26800,104081100
2020-10-01,114.00698852539062,230.49600219726562,316.96240234375,114.91482766649547,232.37417906180153,318.5611154536733,113.0698654519263,225.39120286783364,315.0533313921479,114.83673221514206,232.14302787650146,317.5736758475334,116120400,29700,88698700
2020-10-02,110.32682800292969,233.6648406982422,313.9530334472656,112.62083549619844,233.73225489612884,316.93420808967863,109.54589577865308,227.1538078653356,311.4609005945683,110.19992847147782,227.1538078653356,311.94052890382466,144712000,24900,89431100
2020-10-05,113.7238998413086,233.6648406982422,319.5203857421875,113.87032695294033,235.74527488403743,319.70845445162604,110.84419891878447,230.96796415008407,315.9937745693195,111.1956210076637,235.49485619692365,316.0407845717703,106243800,13700,45713100
2020-10-06,110.46348571777344,233.68408203125,314.97802734375,113.35295024597009,235.54300603413463,321.7867560460061,109.5751667598429,228.45408087959942,314.460802628494,112.94295287052965,234.67614502719988,319.6613763149551,161498200,40300,90128900
2020-10-07,112.3377456665039,230.8909454345703,320.4607849121094,112.79654716767007,234.75324903108316,321.27895403446433,111.41037887013174,230.69831451421106,317.9498253679829,111.88870795937754,233.32776258426802,317.97803710669746,96849000,26300,56999600
2020-10-08,112.23037719726562,231.47845458984375,323.3008728027344,113.62630197710448,233.50110108294302,323.3667097598083,111.85942746357831,230.18781139470482,321.4952354207353,113.47987484262757,231.459187090825,322.4262802003496,83477200,16800,45242500
2020-10-09,114.1827163696289,233.36627197265625,326.1880187988281,114.21200030629765,234.93624255889486,326.6582336079083,112.18156295787443,231.6422054754172,324.34478478313156,112.53298509308588,233.19290856148208,324.9748565555037,100506900,25000,59528600
2020-10-12,121.43566131591797,236.77587890625,331.4356384277344,122.1970734254654,237.85462367404702,332.9309182344997,116.43766363228319,233.5588974045731,328.2663948719201,117.19907574183063,235.29259015373393,328.7648214741752,240226800,21000,80388500
2020-10-13,118.21429443359375,239.35716247558594,329.27264404296875,122.40206848593539,239.35716247558594,331.47324602075696,116.79884960843181,232.374186070988,328.29458915296203,122.28492529686822,237.15151156748206,331.2945620879778,262330500,27000,73255500
2020-10-14,118.30213928222656,240.7923126220703,327.2035827636719,120.09828994365729,241.50506315827838,330.9653002315715,116.76955145461308,237.22858933462297,326.4606642274929,118.11666445068612,239.35718514799606,329.85560046645156,150712000,24900,57727900
2020-10-15,117.8335952758789,244.31748962402344,326.79925537109375,118.31191695928028,245.10728068309896,327.2882683853934,115.33460001024662,236.5832425408486,322.68958299620977,115.89101715759735,237.25745800513133,323.23501948525046,112559200,25800,60357700
2020-10-16,116.18383026123047,244.71240234375,326.601806640625,118.65354832069869,246.9469619115788,329.85568504882997,115.97883531354488,243.46990586257758,326.42312271911106,118.38997806825206,244.43307504937368,328.1723080143938,115393800,21000,89501900
2020-10-19,113.21630859375,241.33163452148438,321.63629150390625,117.55050249133377,248.62283127553167,328.5202133972915,112.90393419169357,241.33163452148438,320.724073772048,117.10146475385224,246.57127649856582,327.8807282470236,120639300,19700,68425600
2020-10-20,114.7098388671875,240.98492431640625,322.9246520996094,116.14481121078373,244.51975342021152,326.2161550009922,112.87463289955475,240.39739053258714,322.2287435271979,113.43104998711324,244.51975342021152,322.9998738238048,124423700,13600,60051900
2020-10-21,114.08509826660156,239.81951904296875,322.3134460449219,115.8812491871557,242.660865417111,325.0783113554999,113.6751008194376,239.19345020666165,322.00308820618125,113.88985961376322,241.77475146261764,322.87768084329804,89946000,12300,63575000
2020-10-22,112.99176788330078,241.16929626464844,324.0814208984375,115.2271998651566,243.01080198215777,324.67389612049624,111.85940620267148,239.73272643537823,320.35732783073917,114.6512552317077,241.12108645880795,322.5297178451993,101988000,16900,55399300
2020-10-23,112.29869842529297,238.64321899414062,325.1817321777344,113.77271853280851,243.50246350266787,325.3792143494791,111.55680647449411,238.64321899414062,322.6895995831327,113.61652761786443,242.0659086397741,325.32279087183775,82572600,12600,49143900
2020-10-26,112.30845642089844,232.57882690429688,319.17236328125,113.77271265873236,237.33203124189635,322.5485015466097,110.19016006999519,231.16154395642846,315.6269259039837,111.29323786895584,237.33203124189635,321.74913077801597,111850700,30000,91473000
2020-10-27,113.82151794433594,230.6313018798828,318.07208251953125,114.48531441046451,235.3362821422474,319.8588929188217,111.81060840617837,228.018483189275,317.85577339186375,112.73796772098498,231.1615656529287,319.5203520577409,92276800,26700,65994100
2020-10-28,108.55020141601562,225.01039123535156,307.20074462890625,112.67940761194099,231.40261219676992,318.1003205345294,108.45258581525088,223.71843593789492,306.70231807583235,112.30846534999783,227.45929375951977,312.3166840829194,143937800,31000,127094300
2020-10-29,112.572021484375,222.80247497558594,310.3229064941406,114.14365713975116,227.52675635729344,313.53915899885357,109.52636576854945,222.51323085645006,305.7241929115627,109.6923204722767,223.05316007756832,307.43578132264247,146129200,24000,90597700
2020-10-30,106.26596069335938,220.7392120361328,307.087890625,109.32137281201784,227.00610392239574,310.050238134769,105.15312650585602,219.87149442881525,303.3825956929018,108.41353361193957,222.47466196233427,308.72422895047293,190272600,26700,120287300
2020-11-02,106.17811584472656,218.2517547607422,310.52984619140625,108.04260601994281,224.15228500998907,312.5611487460782,104.76267088107377,215.48468543180277,307.74615408386074,106.51001785576125,221.18274037601057,310.52984619140625,122866900,38700,86068300
2020-11-03,107.80831909179688,223.68948364257812,316.0125732421875,108.83329409212905,226.5722593879766,318.1003282072314,106.13906770760467,220.46926867822305,310.61451625043287,107.04690696366637,220.46926867822305,313.8119713114063,107624400,34800,93294200
2020-11-04,112.2108383178711,223.88229370117188,323.0752258300781,112.83558707769674,235.60619024482767,327.2131107529394,109.67279555013029,221.5587196427717,319.36051705067456,111.42014229787765,231.4025516893764,320.5548524328375,138235500,30300,126959700
2020-11-05,116.193603515625,232.83912658691406,329.3760070800781,116.76954813253197,235.3844481276003,331.2098560191429,114.08507856229832,227.85453918271872,328.0782098246944,115.13933731516576,227.85453918271872,328.4355776138151,126387100,37300,82039700
2020-11-06,116.06161499023438,228.98260498046875,329.30084228515625,116.56031568011555,233.66831276979494,330.5704280240426,113.55830105991429,228.00883161966345,326.94035473283753,115.6998059462053,232.83915411698192,329.0845331386502,114457900,19800,74973000
2020-11-09,113.74409484863281,233.37904357910156,333.438720703125,119.28853098353753,245.36327638381545,342.67374637446204,113.48007727763617,232.59809481667642,332.9685058974516,117.83152910264428,238.8264274763591,342.2881667898538,154515300,48100,172304200
2020-11-10,113.40184783935547,246.423828125,332.9497375488281,114.98596819674147,246.7612820360733,334.02181247826735,111.60259072350203,233.80327546666797,329.630021870521,112.99115052154737,235.15306168782834,332.4324839963376,138023400,43000,85552000
2020-11-11,116.8438949584961,250.67567443847656,335.4230651855469,116.98079406528983,251.6301608603591,336.260032673423,113.86144160569907,242.4130114925488,333.90895848329126,114.59483287514057,247.95680044647665,335.1691308052455,112295000,26700,58649000
2020-11-12,116.57008361816406,245.28614807128906,332.16912841796875,117.86085180861238,250.04898818320785,335.4700454723905,115.94425706888252,242.15270217782313,330.3353079318939,116.9710077146568,250.04898818320785,334.39794196083574,103162300,23000,67546200
2020-11-13,116.61898040771484,249.20054626464844,336.767822265625,117.01989704740932,250.58890620323353,337.5201544138665,115.25976265922797,244.6401813729189,333.57975236575226,116.79499459257708,247.23369811446412,334.10639060944766,81581900,13700,62892200
2020-11-16,117.6359634399414,257.1836242675781,340.9715881347656,118.31067833952987,258.22487960334416,341.1690703271321,115.53357362715566,248.4196197586457,338.1690974208585,116.28651871988077,255.63137734074567,339.47630842186254,91183000,38200,74541100
2020-11-17,116.74610137939453,259.9603271484375,339.1376647949219,117.99775451631758,261.2811904515058,340.3602403037653,116.32562345429308,249.73081579419977,336.9934867897762,116.9025617517305,253.58736473075334,338.5263913903148,74271000,27500,66111000
2020-11-18,115.41622924804688,258.7165832519531,335.0562438964844,117.16659066596934,262.7948943663463,339.965287368294,115.38689479049965,258.6394652189912,335.01861867802916,115.98338696209944,260.17243989863675,339.41043736951883,76322100,22900,70591300
2020-11-19,116.01272583007812,259.005859375,336.46685791015625,116.4234231722364,262.6599185711669,336.843023961899,114.22324924724857,256.884745537721,333.05309430882124,114.98597501424027,256.884745537721,334.4167285334726,74113000,20100,59940900
2020-11-20,114.74148559570312,254.42617797851562,334.16278076171875,116.13981834275464,259.4493245154629,336.4104209023312,114.69259732900821,252.67144122574086,334.08755903424867,116.01269989681924,256.62440960158403,336.20352527725237,73604300,25600,70417300
2020-11-23,111.32878112792969,253.0185089111328,336.1659851074219,115.01529835344873,258.4273337017176,337.44498439500745,111.2309971280372,252.9413908841832,333.73027568213075,114.58503980139257,256.4508348614501,335.9967146530703,127959300,19200,63230600
2020-11-24,112.61956787109375,261.1558532714844,341.5827941894531,113.28450962449006,261.1655040594268,342.13764413433756,110.09669997199227,253.42348308708182,337.88691325000633,111.38747584073998,253.97304838338914,338.7520922930149,113874200,27200,62415900
2020-11-25,113.46051788330078,255.81446838378906,341.0561828613281,114.16457469823683,261.24256463744246,341.52639763469347,112.61956196106514,255.81446838378906,339.9464828840976,112.99115164697129,258.34053214902025,341.4981858962768,76499200,14800,45330900
2020-11-27,114.00811004638672,254.58042907714844,342.00604248046875,114.88818103212508,256.7883116179863,342.4856420568202,113.64630847367984,251.63982223408792,340.9809489691216,113.9885562291221,255.81452358014505,342.1658994393747,46691300,13100,28514100
2020-11-30,116.41363525390625,252.30511474609375,340.4919738769531,118.29111497501631,255.01433844529097,341.4888270600279,114.22323478550325,248.42929304900917,337.7741469758188,114.37969515914972,255.01433844529097,341.21609441193783,169410200,30800,83872700
2020-12-01,120.00238037109375,253.80909729003906,344.21600341796875,120.73577170407181,255.65060272327992,345.7771198689316,117.35239391651946,250.01039467665305,343.1909386826247,118.33024902715687,253.22098776889862,343.79282735271556,127728200,29400,74231400
2020-12-02,120.35440063476562,249.01739501953125,344.940185546875,120.63797949284637,253.5584737257846,345.100042509178,118.21289570055283,249.01739501953125,342.5044762948649,119.3178692147776,253.5584737257846,343.08753806257556,89004200,17300,45927000
2020-12-03,120.21749114990234,252.19903564453125,344.84613037109375,121.03888573515498,254.42621999741903,346.25677476312154,119.50365374662599,248.52567468646765,343.7270168574476,120.78464135667338,248.52567468646765,344.83671689126413,78967600,19400,62882000
2020-12-04,119.54277801513672,249.14271545410156,347.81787109375,120.13927018325414,252.7003843340042,347.81787109375,118.8289405570736,247.78327837272022,345.3445368117168,119.88502578525937,252.7003843340042,345.4385855056391,78260400,17200,50749900
2020-12-07,121.0095443725586,247.92788696289062,347.1031799316406,121.81138509543791,249.47051244135764,347.60160650369386,119.54276201652759,245.86463384459194,345.81479588876545,119.60143092342776,247.78327226059486,347.03734296749656,86712000,19500,48944300
2020-12-08,121.62559509277344,248.2171173095703,348.11883544921875,122.21231402677293,249.71151810037836,348.69248372575174,120.3641613213804,245.85496955828756,345.7677614641485,121.61582191486363,247.4650915207878,345.81477146399646,82225500,38400,42458900
2020-12-09,119.08318328857422,251.31202697753906,344.9965515136719,123.16083693648963,253.76094390762572,348.9463380072641,118.32045756570565,246.4431307704126,344.1501707435899,121.77228459688571,247.37833039752678,348.78648107161064,115089200,23200,74098300
2020-12-10,120.51084899902344,251.6398468017578,344.8837585449219,121.12690242824526,254.44549000377222,345.94641988832626,117.4892806077719,246.87700596821077,342.7207532388382,117.83152836820533,251.62057464720567,343.60475936138505,81312200,13600,57735400
2020-12-11,119.69922637939453,251.19638061523438,344.4793395996094,120.04147411514255,253.57780130459795,344.89313090588564,117.8804156003438,248.2364715685858,341.62045437396046,119.71878019553394,251.66879855249942,343.16274394310886,86939800,15800,57698600
2020-12-14,119.08318328857422,253.38487243652344,342.93701171875,120.61841537344712,254.281512890497,347.7708042389519,118.84850017240892,251.19629178127906,342.75832782465477,119.88502410754398,251.2348360811644,346.6799313166005,79184500,17100,69216200
2020-12-15,125.048095703125,256.39300537109375,347.5733337402344,125.06765698112699,257.2221786852322,347.5733337402344,121.3811394241266,252.07368943072512,344.121973564115,121.58648808049752,253.70308369602304,345.5137908494605,157243700,16400,63865300
2020-12-16,124.97964477539062,257.50177001953125,348.11883544921875,125.52724118635251,259.11189221220116,349.04985156342383,123.75732602917816,256.26767548657153,346.8962597572021,124.58850874495589,256.9425833471688,347.7896793513822,98208600,22000,58420500
2020-12-17,125.84993743896484,258.9479675292969,350.0655212402344,126.71045462679722,261.07873201893034,350.27241690974705,125.20454954809055,257.4728387258533,348.94640766872976,126.04550545777673,258.92869537678354,349.7834038270967,94359800,22400,64119500
2020-12-18,123.85511779785156,262.77557373046875,348.6677551269531,126.24108638359085,262.77557373046875,350.528299893319,123.32707520295313,257.9066927946265,346.62776476215817,126.1041872805181,260.4134553194996,350.3583079017458,192541500,130000,136542300
2020-12-21,125.39035034179688,257.0389404296875,347.4210510253906,125.46858053721267,261.85962562370594,357.43210253413093,120.71620434211269,252.844938426266,341.9149885476664,122.25143649004798,261.85962562370594,344.6916393900634,121251600,26900,96386700
2020-12-22,128.95953369140625,254.5322723388672,346.8355712890625,131.43350586867354,258.85161846179597,347.8650057531959,126.77890610362954,253.60670867793186,345.69280882109416,128.69550863998023,258.85161846179597,347.75167774936097,168904800,18200,47949000
2020-12-23,128.05990600585938,259.3721618652344,347.1472473144531,129.49733922563573,260.31702685131796,349.08333460443055,127.8838843351233,255.05284632457892,346.81668809319564,129.2333291008579,255.05284632457892,347.8177905425075,88223700,13400,46201400
2020-12-24,129.04754638671875,256.46051025390625,348.4977722167969,130.50455594356484,258.3887847670935,348.5261042161307,128.19681717399627,255.22641574239174,347.03390421459403,128.41194650241343,258.3887847670935,347.62887620060457,54930100,4700,26457900
2020-12-28,133.66299438476562,259.61328125,351.49163818359375,134.29859412859594,260.7413350156399,351.8882861556867,130.55340791091808,257.89711776142497,350.45275022006433,131.0227890260271,260.56779733573836,351.08550778286985,124486200,21300,39000400
2020-12-29,131.88333129882812,255.75662231445312,350.8210144042969,135.7165220448989,260.3266518972472,353.21989556195405,131.36506921587002,252.98955371404307,350.2260137120227,134.99291871746365,259.6420934133765,353.04044999374537,121047300,25300,53680500
2020-12-30,130.75877380371094,256.94256591796875,351.3215637207031,132.97850886568028,257.46320824873743,352.36990513079206,130.44585303687674,254.20441977817418,350.9249158091851,132.57758472850526,255.18782913795275,351.65212286161284,96452100,15700,49455300
2020-12-31,129.75155639648438,256.7208251953125,353.1065979003906,131.756161729886,258.2827523179866,353.84325862502686,128.80303604244867,254.9371947502432,350.60384215784245,131.11077397790459,255.74706654173994,351.1232716965331,99116600,11000,78520700
2021-01-04,126.54421997070312,257.55963134765625,348.2994384765625,130.65120801377864,259.8349810661708,354.5894015504455,123.95290271141998,252.61360269609798,344.55001695243317,130.56320464420665,256.7304580375458,354.4571663426054,143301900,23900,110210800
2021-01-05,128.10877990722656,259.169677734375,350.69830322265625,128.82262480989533,260.3170031762985,351.8033088475502,125.58591218267613,254.5321808834919,347.6005463808507,126.03573205393475,256.48937791563304,347.6477855946852,97664900,29000,66426200
2021-01-06,123.79644012451172,260.7701721191406,352.7949523925781,128.14789930215,263.20943789412803,356.034398005617,123.5813108332451,258.39840300516454,348.611097202579,124.89164039803205,258.9575895973703,349.1683123993127,155088000,38100,107997700
2021-01-07,128.02076721191406,260.3556823730469,358.0365905761719,128.7150507858994,260.8955969852576,358.79212974073437,125.02853347683387,257.7524995174211,355.02382988067643,125.51746094781775,260.837751092745,355.20327547610503,109578200,25900,68766800
2021-01-08,129.12576293945312,262.65032958984375,360.0765380859375,129.69292066160676,262.804565685085,360.293740438384,127.34605957812093,259.8543075260163,356.14767148910244,129.4973377139866,261.2233956121799,359.4437517738404,105158200,27700,71677200
2021-01-11,126.12372589111328,257.8006286621094,357.64935302734375,127.28737565620342,262.0428259412954,359.43432648129277,125.65435969810358,253.64517076646075,356.7332466955589,126.3290819935513,261.1268839434936,356.8560282898141,100384500,24500,51034700
2021-01-12,125.94773864746094,258.17669677734375,357.724853515625,126.81802908121813,259.91213222714083,358.7542877147807,124.05069738444573,254.53225879426049,355.44875395122926,125.654379136118,257.71390025993406,357.83821031225625,91951100,27600,52547700
2021-01-13,127.9914321899414,252.7099609375,358.6882019042969,128.5390285676747,257.8488281529706,359.69872890136986,125.64458630797522,252.7099609375,356.85598944019347,125.90859639810091,256.60508305657913,357.6493140913567,88636800,23900,45303600
2021-01-14,126.0552978515625,249.29698181152344,357.43212890625,128.09901132140328,256.2580541014735,359.9537919756121,125.90861064179391,249.23913592897787,357.09214493571363,127.90344329592908,253.84771091829322,359.4437871978365,90221800,30300,49989100
2021-01-15,124.3244857788086,246.02854919433594,354.8255310058594,127.33628100990751,251.61091240076428,356.6010510504371,124.18758667379879,245.16083150881528,352.9366541388002,125.92816740358766,247.7157894696232,355.78884783214903,111598500,23200,107160000
2021-01-19,124.99921417236328,246.39492797851562,357.6116027832031,125.8597314002734,249.65371678593323,358.15939320835594,124.12892376536658,245.13191045939965,355.8171755455103,124.95031843516219,246.60703936311486,357.31882917809406,90757300,20400,51233300
2021-01-20,129.10617065429688,247.02157592773438,362.5604248046875,129.5559904365566,248.54492913230442,363.4104134914988,125.70324005950894,243.58924995860096,359.5382107827262,125.81080468651363,248.48708325599227,359.9348587196526,104319500,27600,61836100
2021-01-21,133.83900451660156,248.50787353515625,362.8909912109375,136.57700140751876,249.47295265568113,363.5615632075733,130.63164141951881,244.9081325388613,361.9560064447179,130.83699752771275,248.86494809745005,363.1271008041826,120150900,21600,47840100
2021-01-22,135.9903106689453,253.17881774902344,361.6065673828125,136.75303642382855,253.80611319978667,362.7871153442211,132.02999468266142,246.70314599703235,360.6243434087685,133.26208668957645,248.02529949605398,361.0115665987471,114459400,22900,52860500
2021-01-25,139.75506591796875,257.90765380859375,363.0326232910156,141.8770099497923,260.5616205571766,363.3914856062101,133.5163448545916,247.29178681426242,357.4320827097761,139.9017531531502,254.5009267603058,362.35262661585836,157611700,31900,70402000
2021-01-26,139.98973083496094,265.66693115234375,362.46600341796875,141.10448498155603,266.7574750739334,364.41154411858565,138.23936196107263,258.39022765091056,362.2298938298165,140.41998943906498,260.4748017090879,363.99598893767995,98390600,27400,42665300
2021-01-27,138.91409301757812,263.3410949707031,353.607177734375,141.10449381150278,265.39671789799456,359.1888120254403,137.30063807210604,256.44078619572986,351.34053138407756,140.2537497289202,263.0998252271595,359.0943624229337,140843800,22600,123351100
2021-01-28,134.0541534423828,258.3033752441406,356.6482849121094,138.84565243368124,264.2386049001038,360.7093585865416,133.67279054633673,256.71100086598545,355.0049712854651,136.43034911842764,262.173351260742,355.4488296734671,142621100,28100,94198100
2021-01-29,129.0377655029297,257.54095458984375,349.5082702636719,133.71191168514858,263.3893601255125,355.7415684810777,127.3265190787023,257.0198331619292,347.8082641196695,132.822059963538,260.94771155885735,354.759344630452,177523800,33900,126765100
2021-02-01,131.1694793701172,259.43255615234375,355.3259582519531,132.382025036544,262.1637168930478,356.3742707128746,128.0305580092376,253.9605450040027,349.8009895790341,130.78811648710231,256.942635721207,352.95540938783057,106239800,28800,75817600
2021-02-02,132.00067138671875,260.3204345703125,360.35040283203125,133.2914324191767,263.4279905406454,361.9276273915181,131.62908165695893,259.95369978936054,355.41100922958583,132.72427464460634,260.0791647883049,358.55597592105977,83305400,18300,64450700
2021-02-03,130.97389221191406,258.54461669921875,360.6337890625,132.76336853115643,259.0657675220705,362.381005771248,130.6511982932754,255.16684074153463,359.33991313684527,132.7535804324545,259.0657675220705,361.1910042293601,89880900,19500,52427100
2021-02-04,134.34750366210938,262.356689453125,364.73260498046875,134.357276841014,262.356689453125,364.7798153635223,131.60950655954667,256.8460975041607,360.74707446824027,133.28164524703553,258.351618143626,361.68205909965525,84183100,18000,47142600
2021-02-05,133.9312744140625,264.09381103515625,366.168212890625,134.57762667448057,264.7114756117837,366.8859953150962,133.04989583580434,259.65444260921737,364.68546647129796,134.50908231283685,262.1540226501469,366.6310073168109,75693800,22100,48669800
2021-02-08,134.07821655273438,268.09893798828125,368.81256103515625,134.12718536306636,268.66836052351056,368.85977141513183,132.12937146971123,263.94911001378676,366.7725711180066,133.21641330907664,265.38706831832974,367.6414380989246,71297200,23800,38365200
2021-02-09,133.19680786132812,273.310302734375,368.5670471191406,135.0281395487588,275.0281416618705,369.17150146657843,133.0401286062898,267.41365649522913,367.5470664353014,133.79419141675652,268.6489560672274,367.9625927717028,76774200,30800,35551100
2021-02-10,132.58961486816406,270.0097961425781,368.4064636230469,134.15652670809476,278.99467910008644,370.48423932295395,131.62008648609935,270.0001359281681,365.96982559494535,133.65706590073773,275.2405371787415,370.33312574278176,73046600,31200,59154400
2021-02-11,132.3350067138672,269.9132995605469,369.00146484375,133.56893978199793,273.0305154707579,369.92702471533477,131.00313604563317,266.2363507644641,366.5364948173614,133.08906945057942,271.4767228972278,369.5020159691451,64280000,22600,42913300
2021-02-12,132.57005310058594,267.7128601074219,370.8242492675781,132.7267473071844,269.77814292937745,371.0697836142709,130.92480876084792,264.4315979934967,368.1136872726587,131.57116115568016,269.77814292937745,368.18925847315506,60145100,15700,50593300
2021-02-16,130.4351043701172,264.1710510253906,370.5031433105469,133.19676780306924,268.61039028837314,372.2692671884747,130.0433689923808,262.62691893519803,369.7759361763204,132.68753422677702,265.50283513316344,372.0709143884372,80576300,24200,50972400
2021-02-17,128.13372802734375,262.2794189453125,370.5881042480469,129.48518916522133,270.1158824674133,370.8430921758974,126.79206961510138,261.5363189737775,367.6980969559134,128.53525125572466,264.9044340998028,368.7275599158961,97918500,39600,52290600
2021-02-18,127.02711486816406,259.22021484375,369.0108947753906,127.31111000008823,264.11317224501255,369.76643380684663,124.77468454875732,258.78591753050273,366.19645856257875,126.52765402683634,260.78363804844395,367.9436749975332,96856700,18400,59712800
2021-02-19,127.18378448486328,255.630126953125,368.3592529296875,128.00642141328152,260.137029332262,370.5786886022781,126.13592396767972,253.76753157546773,367.90591218955143,127.54614162419251,258.5639753220148,370.2859150478053,87668800,28800,83241000
2021-02-22,123.39383697509766,252.23301696777344,365.52593994140625,127.03689430981674,255.06072063806738,367.97203158504686,123.00210901419216,246.14338595424204,365.2520447748612,125.36225709015602,253.81576056216986,365.5542719364303,103916400,23300,67414200
2021-02-23,123.2567367553711,253.0533905029297,365.9698791503906,124.08915402582353,258.2455209361106,367.33932635600047,115.94124359187607,252.7928297404314,359.0754903751852,121.20017424260931,254.46242723848346,363.2876775592541,158273000,25800,107284100
2021-02-24,122.75728607177734,253.57449340820312,370.0025634765625,122.96294158036311,257.39619779306423,370.4370258241427,119.70182426240041,252.42604710474313,363.8637148407786,122.35577030880219,252.51290067577722,364.86481708177973,111039900,21900,72433900
2021-02-25,118.48748016357422,254.11492919921875,361.08709716796875,123.84434166102258,255.74591493742224,370.10650059110185,118.04679080561132,253.27531524738401,359.6232292725242,122.10115979659608,253.8157570888379,368.7181750810474,148199500,20700,146670500
2021-02-26,118.75188446044922,247.69717407226562,359.2265319824219,122.2676260307955,255.76522019289797,364.15650097935514,118.69312040778983,247.69717407226562,357.21490264731347,120.05436932756292,255.76522019289797,362.9948603357244,164560400,28000,152701600
2021-03-01,125.14682006835938,247.9287567138672,367.9342346191406,125.28392374079455,253.42971807361155,369.1998072163729,120.25023899113235,243.99124786877675,359.42486572744696,121.19038166136916,252.85066485913268,364.1659352874954,116307900,41200,105348800
2021-03-02,122.53204345703125,245.51608276367188,365.06317138671875,126.05758022008334,247.06021499778257,368.39703727608014,122.42431807921778,243.33500960448168,364.5531666585479,125.75399459438512,246.5969812179239,368.1609277121821,102260900,25800,79595300
2021-03-03,119.53534698486328,246.05654907226562,360.2276306152344,123.10985302794076,249.9554617647828,365.33701590950074,119.31989620016851,245.28448292471597,360.1237274259013,122.22846685036691,245.9696807702878,364.35482093416306,112966300,21700,119940200
2021-03-04,117.645263671875,248.54647827148438,355.7698974609375,121.04349240645305,254.4334666389594,362.6642851020593,116.16650144793978,245.95041315084276,351.2176982150404,119.23175875743435,247.610350371641,360.0387479409179,178155000,32300,183433000
2021-03-05,118.9085693359375,262.2504577636719,362.3148498535156,119.41781793599817,262.7329970791725,363.382069685747,115.13820351970436,246.9057134211252,351.9354827263914,118.47767529541255,250.89149287945818,359.32096792435306,153766600,41000,152039600
2021-03-08,113.95321655273438,268.7937316894531,360.510986328125,118.49724244204093,272.20045861094474,366.1398304838052,113.80631765043067,263.45684720446786,360.2276663690353,118.42869061717768,263.45684720446786,363.28763721508136,154376600,28600,123149200
2021-03-09,118.58540344238281,272.70233154296875,365.65814208984375,119.5353414188917,274.5649266128783,368.2458934747606,116.33298050634184,270.1159273519356,363.90147209118817,116.56801431888738,271.3705180478024,364.41147677750314,129525800,34200,113633600
2021-03-10,117.49837493896484,271.92059326171875,367.9342346191406,119.64307259137803,274.101651171247,369.65311912275575,116.97933101509352,270.2702874227814,366.60260207217345,119.17300494355756,272.7023046793772,368.03813781233174,111943300,22200,109899400
2021-03-11,119.43740844726562,278.88848876953125,371.664794921875,120.66155375457802,278.88848876953125,373.66699946259354,118.75189006380668,270.18345894011173,369.97424233167743,120.00541366304019,272.2197905708562,370.4370366875005,103026500,19600,86245000
2021-03-12,118.52662658691406,284.85272216796875,372.16534423828125,118.66373024341756,286.0590709221772,372.30700421509846,116.69531025865058,277.8172879869001,369.46426460706994,117.90966013264828,278.96573435705653,370.2859212945787,88105100,29600,64653600
2021-03-15,121.4254150390625,292.07147216796875,374.38470458984375,121.43521029322805,292.07147216796875,374.64914610066376,117.92925646093556,283.7428371265389,370.2480611676168,118.89878489040193,284.69825574665003,372.42025723349815,92403800,28700,73427200
2021-03-16,122.97273254394531,294.91845703125,373.91253662109375,124.58860573684278,295.75807096056843,375.72584185098225,122.14031528444951,287.66107431787134,373.1286367634705,123.10004095769754,290.4984086353499,375.0080884075529,115227900,21000,73722500
2021-03-17,122.17950439453125,298.4024658203125,375.18756103515625,123.25675083651274,300.1299361826549,375.999764122925,119.80955325626344,291.8399103501277,371.4475646875674,121.48419071405603,291.8399103501277,372.6092341500416,111932600,31200,97959300
2021-03-18,118.03697967529297,293.3550720214844,369.7286682128906,120.63216908388519,298.20941833277465,374.67751504142433,117.8313241711299,287.670742434811,369.03921796720414,120.3383712370296,298.20941833277465,372.5619827462281,121229700,30700,115349100
2021-03-19,117.5081558227539,290.5177001953125,369.04461669921875,118.91837362659142,294.2718712545852,371.02495426639285,117.2045701733795,286.927605507923,366.83685188570126,117.42002094580913,291.24150937057755,369.4236235546316,185549500,70400,113624500
2021-03-22,120.83782958984375,286.3678894042969,371.9914245605469,121.30790466995239,293.4611961740493,373.39378172783347,117.7725724653111,284.6307296112345,369.5088964139422,117.84112430286966,291.20291494975345,369.5657459962026,111912300,18400,73778600
2021-03-23,120.00540924072266,279.64129638671875,369.0635681152344,121.67024380868072,286.37752885928813,372.8157852554577,119.61368126250025,278.63760599483044,368.2676450198155,120.77906994302474,286.37752885928813,371.34712280254854,95467100,26200,90686600
2021-03-24,117.60608673095703,272.4996337890625,367.1874084472656,120.3579705175395,282.3337890435173,372.1430087638026,117.58650369314779,272.01709439267853,367.14004343726725,120.27962342312225,282.3337890435173,370.484828584715,88530500,27400,97588600
2021-03-25,118.09574890136719,279.7859802246094,369.2530517578125,119.14362451394697,283.4146857009323,370.05843043165333,116.53863957243502,268.1374727986267,363.7573514900823,117.067471270447,270.2220464051186,365.7282332813951,98844700,31000,116128600
2021-03-26,118.70291900634766,287.16888427734375,375.20355224609375,118.96733857179096,287.62247255287036,375.6109838712181,116.4602839493928,279.8728899170356,369.81209543243585,117.86070645319991,282.3434896236017,370.41850058577035,94071200,14600,114409100
2021-03-29,118.87918853759766,292.12939453125,375.0140380859375,120.04457716354239,292.68912733389135,375.93314485193406,118.23284375465283,287.1688748530981,372.1998682078959,119.13381283225561,287.5935119248415,373.7064399120075,80819200,25000,108107600
2021-03-30,117.41999816894531,284.9105529785156,374.01922607421875,117.90965620345169,291.29936966354416,374.70145010544195,116.40150856058143,283.2988584889487,372.39892592732934,117.62565364684735,290.54660940809686,373.72549353875627,85671900,20300,76262200
2021-03-31,119.62347412109375,278.69549560546875,375.53515625,120.96513251978139,287.3425946765585,377.1175466185609,118.64415793094413,278.51212825039636,374.5686845052416,119.13381602601893,284.0709923791758,374.59710929431196,118323800,34100,112734200
2021-04-01,120.45589447021484,279.0719299316406,379.59063720703125,121.61148790302033,279.8150302189921,379.6475157086103,119.95644110841515,276.92945320050114,377.2881422569896,121.10224675861323,277.7304558763799,377.4966003748764,75089100,22800,99682900
2021-04-05,123.2958984375,284.8816833496094,385.0389404296875,123.5505227154482,288.4331671380852,385.5885249698861,120.52443208237104,277.94276271593316,382.2153146703845,121.3078879507091,278.0875186811394,382.2911044778064,88651200,30000,91684800
2021-04-06,123.59947967529297,286.01080322265625,384.8115539550781,124.50044866197172,291.2318842366868,385.872784789927,123.0510650697648,285.79851411280356,384.1293300017651,123.88348223075253,287.22681220817196,384.4704564366074,80171300,21400,62021000
2021-04-07,125.25454711914062,285.4703369140625,385.2568664550781,125.27413015621103,288.5778922598091,385.60744851743874,122.55163223644253,283.37613212020153,384.1766954768959,123.22736282501452,287.043420288879,384.6409767036579,83466700,19000,55836300
2021-04-08,127.66365814208984,289.523681640625,387.0855407714844,127.69303643210907,290.0834144663066,387.1423903456492,125.86171995274228,280.86692238149544,385.57896922338693,126.28281873847043,285.885344644015,386.5265006812871,88844600,24700,57863100
2021-04-09,130.2490692138672,292.5636291503906,389.8997802734375,130.2882352912627,293.133022101979,390.07035794288447,126.79208383544986,287.9505537145948,386.83927162209505,127.11526001089155,289.97722506294485,386.9624553603294,106686700,26700,61104600
2021-04-12,128.5254669189453,289.8421325683594,390.0419006347656,130.1021666410129,292.4285663992317,390.31666396413743,127.9280834231761,285.7115960616996,388.6774528911601,129.7789904931529,290.10272272009826,389.29334261461736,91420000,31800,56704900
2021-04-13,131.6494598388672,287.8155212402344,391.1978454589844,131.8747133072664,291.6661770318902,391.83270429408094,129.20116952027027,286.76358866275035,389.54914988431506,129.7006303088981,291.11607493254684,389.93764127349846,91266500,23200,56551000
2021-04-14,129.2991180419922,289.4272155761719,389.8618469238281,132.2076883818472,291.42493637731906,392.2401313237607,128.93677582602234,287.8155499756946,389.3122624611107,132.14893180014175,287.8155499756946,391.1694161030146,87222800,12400,61659900
2021-04-15,131.7180633544922,292.1679992675781,394.0499572753906,132.2077215825758,292.1776594819209,394.3247495327733,130.87585060446105,289.5236923024815,391.9843453513801,131.0521353370264,291.2415316987346,392.0317103642805,89347100,10000,60229800
2021-04-16,131.38507080078125,296.086181640625,395.3670654296875,131.88451670536998,296.51081869398905,395.98295521875355,130.52326772477247,291.5985708445276,393.9173431622184,131.5221744771299,293.16199388106367,395.3575808599512,84922400,19200,82037300
2021-04-19,132.05099487304688,300.4483947753906,393.424560546875,132.66796887044893,301.1046414125839,394.8742826387559,130.5820205502264,293.11378864547873,392.0790819603542,130.74850251363117,297.11886051748303,394.41948600843574,94264200,30300,78498500
2021-04-20,130.35678100585938,296.0283203125,390.5440979003906,132.72672443533338,307.25219369156144,393.31087387724483,129.08366694720192,293.4901578535465,389.04698183440485,132.22727854894646,300.1395662392839,392.19279357038414,94812300,31700,81851800
2021-04-21,130.73870849609375,302.0407409667969,394.2394714355469,130.98353753822127,303.91299636697664,394.44792953980425,128.58421591400736,297.9294954764414,389.77657687390433,129.62228866171944,297.9294954764414,389.9187297440014,68847100,28800,66793000
2021-04-22,129.2110137939453,303.7696228027344,390.6387939453125,131.3752947633459,305.2087304858671,394.9121701853349,128.69197727495697,301.2294315006621,389.5586230915933,130.2882529146153,304.7258052794021,394.06888220228007,84566500,18000,97582800
2021-04-23,131.541748046875,304.25262451171875,394.8742980957031,132.3251889861631,306.42578848724037,396.3050800227831,129.42642164716978,301.3454046056634,391.13156573580534,129.42642164716978,303.27710591723815,391.20735553836954,78657500,18000,73209200
2021-04-26,131.93348693847656,299.6261901855469,395.6986389160156,132.2664508784838,306.6865560875792,396.2766482012412,130.79747649743766,299.6261901855469,394.94062523834776,132.04121232414715,302.5623844182276,395.5375747447861,66905100,31100,52182400
2021-04-27,131.6103057861328,293.4350280761719,395.6134033203125,132.60921251142065,301.20047408542246,396.20089723190927,131.3360984408663,290.8851981700314,394.4574135529304,132.21747705876876,299.63580104465626,396.00189476601327,66015800,30000,51303100
2021-04-28,130.8170928955078,286.99285888671875,395.49969482421875,132.2273109713052,294.80658663436435,397.02523577826383,130.32743467158835,286.99285888671875,395.02592901132044,131.53198971833896,292.69137148109155,395.88818626075977,107760100,14900,51238900
2021-04-29,130.71913146972656,287.62060546875,398.0201110839844,134.2348882340744,292.74926885239717,398.64548539345304,129.71043690758862,287.4950401978024,394.5900514090793,133.64729249509793,289.9965892541522,398.26647854672416,151101000,16200,78544300
2021-04-30,128.74090576171875,283.2356262207031,395.4048767089844,130.79746068058364,289.12731948133177,396.5798354122802,128.35897306655968,281.3522061743382,394.4952545809215,129.05427915465984,287.6109272983951,395.7175782918712,109839500,25800,85527000
2021-05-03,129.79852294921875,287.5433654785156,396.2577209472656,131.29689002553505,290.66307343659236,397.81165771224664,129.1032170276562,283.9214258342523,395.755530363194,129.30886499869735,286.35538813946624,397.4231662919091,75135100,32600,68128300
2021-05-04,125.2055892944336,278.55126953125,393.8130798339844,128.7703075525054,291.0107346937245,394.74167121392554,124.07937403862105,277.199084768924,390.07034735555106,128.47650966956627,287.53369658357695,394.2394806214727,137564700,28600,101591200
2021-05-05,125.4504165649414,276.3395080566406,393.936279296875,127.75180076750355,281.18809705641206,395.71764340654454,125.32310067167653,271.41369345150855,393.36775452964866,126.52765546512583,280.00975811538086,395.48076049656447,84000900,21400,60162200
2021-05-06,127.0564956665039,277.8655090332031,397.08209228515625,127.06628344946,279.5847215977362,397.21473167856755,124.50047218444608,276.0207311982994,391.97488285321674,125.24475462656135,278.1649203046645,394.0120701009213,78128300,17800,74321400
2021-05-07,127.73336791992188,278.21319580078125,399.9720153808594,128.7633845865013,279.3722280704097,400.6352990359247,127.01724199184983,273.2390721381716,397.16733007456617,128.3611943026217,277.3825786053658,397.8590385196276,78973300,21400,67733800
2021-05-10,124.43727111816406,280.66644287109375,396.0113525390625,127.07610137244308,283.1293788891841,400.55949257581585,124.39803103278507,278.72507428248565,395.8881688065207,126.9485841924531,279.4591299628375,400.33209424888895,88071200,23400,81852400
2021-05-11,123.5151596069336,282.3664245605469,392.4770812988281,123.86830541907739,286.09459367230284,393.48146254641534,120.4348764138302,278.30984031135705,388.5448306880246,121.15099489943694,278.30984031135705,391.4253350347283,126142800,27500,116888000
2021-05-12,120.43486785888672,299.7999572753906,384.1387634277344,122.26930249143895,302.17594099843217,390.94203291536536,119.92476173599708,282.33739507021056,382.80274049219105,121.05288982587079,285.2735590542206,389.65340390643627,112172300,44600,134811000
2021-05-13,122.5930404663086,316.5671691894531,388.75323486328125,123.75059686984255,319.62889876703247,390.7146320697622,121.89654574242618,303.2770568824697,385.6642728231055,122.21045896282786,303.6923655232084,385.71166674941276,105861300,48200,106394000
2021-05-14,125.0258560180664,319.3680725097656,394.7226867675781,125.45748946807893,323.51157866372483,395.5849439620049,123.45629004204031,312.58781382862463,391.5010852286841,123.84868340711706,318.73060775720165,391.52951001898964,81918000,32200,82201600
2021-05-17,123.8682861328125,324.70928955078125,393.7183532714844,124.51573623687771,331.2867292516508,394.5427301228532,122.78921011031724,313.9014198448586,391.6716813726793,124.40782788620018,321.47368440498894,393.5951984428345,74244600,39800,65129200
2021-05-18,122.4753189086914,323.7530517578125,390.32611083984375,124.57461495126144,329.0942030579758,394.229935817365,122.4066506263375,320.9520621395752,390.16501776889936,124.15279336414982,324.85410583860187,393.98356838522614,63342900,31500,59810200
2021-05-19,122.31834411621094,330.9099426269531,389.30279541015625,122.54396522452394,331.199715389496,389.48282871641976,120.52314971953562,321.8116497060738,384.06294714030616,120.81744658217359,322.72921924101024,385.5695477382727,92612000,30800,106467100
2021-05-20,124.88854217529297,340.85833740234375,393.4909362792969,125.29074750581938,340.85833740234375,394.7701097699938,122.72057760721972,329.2391559104261,390.07036095634277,122.84810977752434,332.80314696802327,390.193515779158,76857100,24500,78022200
2021-05-21,123.04428100585938,341.437744140625,393.1687316894531,125.56539847269777,348.5174137699935,396.25769370156235,122.82846427974947,338.1441911273063,392.70445049733877,125.3888218317243,342.64505699849497,394.9974605852987,79295400,30700,76578700
2021-05-24,124.6825180053711,354.8534851074219,397.17681884765625,125.50654484276669,355.9545688793109,398.26647436419677,123.54458544855382,339.1873880545329,395.1964524302852,123.61325372798002,343.84279476562887,395.4428198904377,63092900,35200,51376700
2021-05-25,124.48632049560547,369.1866455078125,396.2955627441406,125.87931730247865,375.11698108059113,398.63596669066123,123.91735049591648,355.43294531681624,395.7080978445581,125.38881998762746,355.43294531681624,398.27590009637095,72009500,58600,57451400
2021-05-26,124.43727111816406,378.555419921875,397.08209228515625,124.96700104435908,380.0718121711936,397.59373855221963,124.01544955569106,363.01489003900804,395.84082814703237,124.54517948188607,372.4898804000167,396.8925743901447,56575900,47700,43088600
2021-05-27,122.89714050292969,387.91461181640625,397.29052734375,125.21225328568384,393.87389398260166,398.64549057368816,122.70094754884467,380.0525731635675,397.0062505177326,124.03508059261084,380.0525731635675,398.12435976721014,94625600,46800,56707700
2021-05-28,122.2398681640625,391.09222412109375,398.00115966796875,123.4072362793013,395.0328814608583,399.1476647448963,122.18101178322033,380.3905833444763,397.7642767808798,123.18160767893905,392.43474108050265,398.88235706801134,71311100,42800,58520200
2021-06-01,121.91614532470703,404.2181091308594,397.65057373046875,122.96579321312745,406.89350445066725,400.540533358127,121.58261584814377,387.16118547080254,397.2052327504447,122.70093201022607,391.16945921957375,400.39840941053797,67637100,45800,54216600
2021-06-02,122.68131256103516,403.5323181152344,398.2759094238281,122.85788919730133,407.53095324430683,399.1287109213791,121.69052850380683,396.8100070381895,397.29049746690623,121.91614963197536,402.1511590051203,398.31381878105344,59278900,33400,49097100
2021-06-03,121.19023132324219,417.85595703125,396.79779052734375,122.47531231710921,418.0684453459471,397.953780215038,120.78802605947189,397.58276201825703,394.4384461393618,122.3085475666937,399.6303606096536,395.92607766431667,76229200,32100,58138800
2021-06-04,123.49551391601562,414.572021484375,400.4268493652344,123.76038258349317,423.6606782430477,400.73006640915304,121.49431475266964,411.0466435725928,396.86412139011236,121.71013144934616,423.6606782430477,398.6739101682677,75169300,36000,55938800
2021-06-07,123.50532531738281,432.7589111328125,400.038330078125,123.91733492707002,432.7589111328125,400.5973701984432,122.45567751121021,414.610574565424,399.09079856917214,123.77018649953033,414.610574565424,400.4173368984328,71057600,40500,51555000
2021-06-08,124.32936096191406,435.5599365234375,400.1236877441406,126.01665467176042,444.2912333626378,401.0048852909918,123.80944293563002,423.47716672027286,398.2665336965421,124.19202440720812,436.41955762314427,400.9101263370957,74403800,55100,47134300
2021-06-09,124.71195220947266,428.837646484375,399.5266418457031,125.32016234533343,434.304364163546,401.05218256152716,124.11355396665458,426.06566010717603,399.2992435442599,124.79043238525111,433.1936419202132,400.9763638501355,56877900,31200,48436300
2021-06-10,123.71134948730469,421.5454406738281,401.38372802734375,125.75178904174489,427.3405433735692,402.3502284788712,123.54458473598591,412.94934808887905,399.43181582416616,124.6040371146966,426.79000154299376,400.76783845347217,71186400,52700,51020100
2021-06-11,124.92776489257812,417.4695739746094,402.04705810546875,125.01605695853118,421.5454642806969,402.16075725026815,123.70154025192801,410.486464219212,400.6352455302686,124.1233618276829,418.821758785189,401.94284352819074,53522400,43800,45570800
2021-06-14,127.99822235107422,399.388916015625,402.947265625,128.05707873593678,417.5179223002482,403.05148021290665,124.65308558909015,392.3285500461086,400.90059406078063,125.38882033699561,417.5179223002482,402.16079826598616,96906500,67300,42358500
2021-06-15,127.17422485351562,397.1578063964844,402.20819091796875,128.11597207863926,403.4358357372943,403.13675330316806,126.92897989545435,395.1295140989842,401.31750897386974,127.46852179690204,403.4358357372943,403.0988728620678,62746300,27200,51508500
2021-06-16,127.67448425292969,394.8106689453125,399.9624938964844,128.40041451889036,399.87174523263445,402.577690000217,126.01664136354528,390.9762415661365,397.8874265855605,127.89030095447042,397.73719456389864,402.3502917012369,91815000,29800,80386100
2021-06-17,129.28330993652344,396.2884216308594,399.8298645019531,130.02886409912782,400.82793046484454,400.82476100117566,127.18401394706837,390.73478163044285,397.3189118335236,127.33116988532254,397.5536833424862,399.54561662113707,96721700,33200,90949700
2021-06-18,127.97862243652344,385.866943359375,394.4360656738281,129.00863918038294,395.0328551882097,397.20237802608904,127.76280569797542,385.5675320618868,394.2269255669899,128.22386736954957,393.6516960449038,396.49891994443936,108953300,59900,118676300
2021-06-21,129.78363037109375,392.859619140625,400.08270263671875,129.89153874770108,393.63228760937204,400.27284051424243,126.7524063853472,386.30148718999294,395.39609696652616,127.82167077355209,388.69680660376906,396.223141612917,79663300,39000,72822000
2021-06-22,131.431640625,397.8241882324219,402.2216796875,131.52974457093757,399.86211869884534,403.0677556470252,129.11652820534232,394.06701552929684,399.3412674054613,129.6168373736392,396.3560765652015,400.0732722268417,74783600,25900,57700300
2021-06-23,131.15696716308594,391.7489929199219,401.73687744140625,131.76518468274836,399.8621317265357,403.11527570892883,130.69590556190855,390.32919141810794,401.65132408777833,131.2256429187577,399.8621317265357,402.29774654472567,60214200,33100,49445400
2021-06-24,130.8724822998047,388.93829345703125,404.11346435546875,132.07908292691275,393.2266715196499,404.541231132252,130.40160134944472,386.3401535662649,403.657150782595,131.89269442179855,392.24148526379065,403.9138398596366,68711000,28500,45110300
2021-06-25,130.5782012939453,391.5943908691406,405.54888916015625,131.34336422043498,394.4339934201066,406.00520272283484,130.28390440639663,388.0980171163579,404.5412220938406,130.92155015751234,390.07799865799865,404.87394892010803,70783700,59200,58129500
2021-06-28,132.2164306640625,388.2718811035156,406.36639404296875,132.67749227833716,395.29360326754613,406.5375007274203,130.81363700639858,387.5474932656359,404.8644092389488,130.87249338804028,395.29360326754613,406.0812162355495,62111300,40100,53159600
2021-06-29,133.73696899414062,384.78521728515625,406.5850524902344,133.89392934410813,389.257080601619,407.4025815510861,131.79463331112223,382.4864882450198,406.0431856414555,132.2360711979133,389.257080601619,406.75615917585907,64556100,30600,35970500
2021-06-30,134.35496520996094,388.3974914550781,406.9272766113281,134.7964030119609,389.98147105052647,407.6117323828755,133.28568612868645,382.9694160093239,406.0907163337737,133.5799829862064,386.34022504066934,406.1192341154645,63261400,38800,64827900
2021-07-01,134.6590576171875,383.5971374511719,409.18023681640625,134.71791399110828,391.1694008339699,409.34185690749206,133.1777690202394,382.70854213935445,407.6307031052099,134.00180316080719,389.65300867515606,407.6972542610079,52485800,23600,53441000
2021-07-02,137.2978973388672,379.9559326171875,412.307861328125,137.33712993268188,384.39882122312514,412.66910591008036,135.12992605876377,379.5889047205157,409.26582917468147,135.27706699626796,382.4767882094586,410.3590785182734,78852600,25400,57697700
2021-07-06,139.31875610351562,375.2811279296875,411.556884765625,140.42725310459164,378.65196557076047,412.5835830228709,137.40584847739305,368.13384149707235,408.7810570558254,137.40584847739305,378.65196557076047,412.36492733581633,108181800,39100,68710400
2021-07-07,141.8202667236328,370.97344970703125,413.01129150390625,142.1341724977877,379.25079410910496,413.2964983177691,139.9465915830071,370.97344970703125,410.2069464055386,140.80984368835666,375.2811339256504,412.2507980222054,104911600,37500,63549500
2021-07-08,140.51551818847656,371.7171936035156,409.6461181640625,141.3199136476054,372.8182772752748,410.4161273194993,137.99439352314687,367.0231745197006,406.41394801767103,138.88708851917443,367.79584309694377,407.6117529310036,105575500,35400,97595200
2021-07-09,142.34994506835938,379.0963439941406,414.01904296875,142.87966744652059,379.16396060729767,414.3232520279394,139.93672875581112,371.6303085700603,409.4465075257706,140.0348326995922,373.55237122366003,411.17666391256626,99890800,20400,76238600
2021-07-12,141.75155639648438,389.7979736328125,415.5020446777344,143.53694650624914,393.0239405872164,415.75873377534595,141.26106658196366,379.3764668422421,413.4962259380348,143.42903814831215,379.9945959013288,413.9335083485568,76299700,55100,52889600
2021-07-13,142.869873046875,389.4309387207031,414.0855407714844,144.6552631625385,392.14497630481947,416.2244614872235,140.89810937466933,386.44643469648327,413.81936513174225,141.29049524015778,390.27122395113804,414.7034453982819,100827100,25300,52911300
2021-07-14,146.31309509277344,393.6324157714844,414.7034912109375,146.72511967947904,395.0908596671653,416.3005742367902,144.8710539449843,388.9480637569896,413.4391640352334,145.2830785316899,390.94735217655597,415.8062272719662,127050800,29600,64130400
2021-07-15,145.6558837890625,396.742431640625,413.2871398925781,147.14697735074816,396.77140597897204,414.02863147306186,144.29232239768817,391.5461802860591,411.3573586631796,146.40143805418762,393.6323915978871,413.3441754748478,106820300,16500,55126400
2021-07-16,143.6055908203125,400.4706115722656,410.04534912109375,146.9114870009467,403.72552315532164,414.53233053906337,143.10529665558374,397.9304199521352,409.6461001748286,145.63622560435655,398.9059384234724,414.484810572926,93251400,22000,75874700
2021-07-19,139.74057006835938,391.5558166503906,403.9898986816406,141.3297675292612,398.89628690498535,410.1119683014726,138.97540701882156,389.6627577792135,401.13800397715886,141.01584680711036,397.9304363313655,405.14967035523546,121434600,39700,147987000
2021-07-20,143.3701629638672,400.8086242675781,409.7791748046875,144.3021055613893,407.2604981015339,411.07204861282133,140.24085060448107,392.99489778274625,403.85673065431223,140.73134040588818,392.99489778274625,404.6647731580248,96350000,42100,99608200
2021-07-21,142.6344451904297,395.3225402832031,413.09686279296875,143.35057116284176,419.71026185626096,413.23948071158,141.87910158397807,393.6999187536297,409.731648528716,142.76197734387125,419.71026185626096,410.9959755244435,74993500,25200,64724400
2021-07-22,144.0078125,395.54498291015625,413.9620056152344,145.3811779928807,397.033310352004,414.20917910113377,143.0366372788164,388.20002519588195,412.2793982198495,143.16416942049864,394.3176134217689,413.2775497404897,77338200,23000,47878500
2021-07-23,145.7343292236328,403.46002197265625,418.2208251953125,145.89128955450275,403.46002197265625,418.5630386106719,144.12552325361847,394.99399154607414,415.2263417670333,144.74354520106823,397.07183326447364,415.92028419628025,71447400,18200,63766600
2021-07-26,146.1561737060547,401.93304443359375,419.24749755859375,146.980193077467,405.8471175447812,419.2570131571924,144.89070148629196,401.35317410401,417.5744058305999,145.44986711096914,403.4310157493741,417.62192580165043,72434100,22300,43719200
2021-07-27,143.97837829589844,392.2783508300781,417.33673095703125,146.37197088515492,400.2514881619636,418.22081126155945,142.7815820012702,390.60642696840256,414.4658053504121,146.28367134614484,400.2514881619636,418.19229347789627,104818600,34000,67397100
2021-07-28,142.22244262695312,385.6099548339844,417.1656494140625,144.17459775469044,391.041348476355,418.5630790169575,139.82884959716242,384.6435138444255,415.72069983588176,142.05567786255799,391.041348476355,417.97369207073865,118931200,24500,52472400
2021-07-29,142.869873046875,391.6694641113281,418.8957214355469,143.76256810470676,395.2742990207673,419.9889417455135,141.8300370316254,388.1806268758413,418.09719453928517,141.93794538991892,388.1806268758413,418.1067101368137,56699500,19700,47435300
2021-07-30,143.08572387695312,385.7548522949219,416.8614196777344,143.5467856115339,391.85309158696083,418.3348868676976,141.36900911117178,382.710569572013,416.1579326549067,141.63387786623335,389.8912178772255,416.29103498740426,70440600,28000,68951200
2021-08-02,142.7521514892578,379.6373596191406,415.9868469238281,144.1549450921184,389.0311672921722,419.1619527465477,142.48728281365686,377.87842992571586,415.62560230137393,143.57617073717145,385.7549181546358,418.6010836262531,62880000,28300,58783300
2021-08-03,144.5571746826172,379.0767517089844,419.3711242675781,145.22423371904952,381.4542174486965,419.49471101725436,142.41863107171932,373.722690604991,414.5704462950611,143.03665309613856,381.4542174486965,416.7949207563109,64786600,40900,58053900
2021-08-04,144.15496826171875,372.9399108886719,417.3081970214844,144.9789876420746,378.97049295510374,419.34253320298154,143.49771363915664,368.93883121452507,417.0705391631665,144.46888896008065,376.8539849234354,418.068690563714,56368300,27000,46732200
2021-08-05,144.2628936767578,378.1297302246094,419.9509582519531,145.02805675872287,378.9898474124294,420.03651160105863,143.3898222130508,373.1428909259031,418.1637664858303,144.18441349289415,376.4964425097962,418.4869776972188,46397700,20300,38969700
2021-08-06,143.5751495361328,380.11083984375,420.6448669433594,144.52812661902823,384.4694974175632,421.0726626655841,143.07410575696633,378.902788808297,419.98892897513053,143.7814704987235,379.7242694110917,420.2741357936028,54126800,18800,46930000
2021-08-09,143.5260467529297,375.1819763183594,420.3026428222656,144.1253415596606,383.19377884286956,420.9395495797228,142.96605832194606,373.2394503575654,419.5231181537372,143.6341167997497,381.50250743561855,420.6163384024963,48908700,19900,41222600
2021-08-10,143.04461669921875,380.8839416503906,420.82550048828125,145.11758521494994,383.7059615569287,421.54798963458734,142.74987892622178,375.94544368073707,420.0650069739354,143.8698704708215,377.69469904121667,420.7589493277598,69023100,27100,43339300
2021-08-11,143.30010986328125,386.779296875,421.8712158203125,144.14501718146428,400.5897453279418,421.9662847657261,142.975899672363,374.3025415572987,420.76847987764677,143.48677769965775,376.91194373437224,421.90924920067175,48493500,36000,44034300
2021-08-12,146.27688598632812,399.1206970214844,423.1355285644531,146.43408148324338,400.0581456945911,423.2781464832396,143.2804124119522,388.1515890096605,420.8064990408373,143.62427568758085,390.3840647014062,421.71909706184334,72282600,21600,38909400
2021-08-13,146.48321533203125,396.2503662109375,423.9056091308594,146.81724453884937,403.2956977740764,423.924611316815,145.66778050998334,395.68016972942746,423.0975665576948,146.3554921096055,398.33788169041827,423.5918844912801,59375000,16200,39470300
2021-08-16,148.46775817871094,392.76153564453125,424.90374755859375,148.53653683685468,396.24072842696677,425.03682087814195,143.89937416824054,388.51887586454455,421.0061527454316,145.93303676307946,396.24072842696677,422.58420446045704,103296000,12900,73740000
2021-08-17,147.5540771484375,393.8536376953125,422.1184387207031,149.0179171538943,396.13445343369716,422.9930034946239,146.47337681670123,389.0504254999223,419.08592177590305,147.59336852823333,393.09014116705725,422.3085476228295,92229700,16000,92673900
2021-08-18,143.79129028320312,384.836669921875,417.4983215332031,148.07477013277662,395.1679225961431,422.67927464290176,143.58496931962586,383.0874147444196,417.2511770787581,147.1709185119843,395.1679225961431,421.0917073250715,86326000,16200,89351900
2021-08-19,144.1253204345703,383.4353942871094,418.1447448730469,145.40250762133363,388.50920857824315,419.36158100635424,141.96393480596424,378.28427770769747,414.58939245532133,142.48463177586973,381.45420240889706,414.73198137376505,86960300,19600,92812200
2021-08-20,145.5891571044922,387.542724609375,421.4719543457031,145.89371397416332,391.7467475954694,421.8046811621854,144.20390006084028,382.13065073609425,418.00215528460535,144.85232016522875,382.4109268000818,418.49650221571164,60549600,25600,72008700
2021-08-23,147.08255004882812,386.57635498046875,425.1794738769531,147.5541217037137,392.32669005817735,426.10158763555785,145.29448441294005,385.86119816165416,421.5480544143266,145.707111484839,391.4762173582707,423.1831418313069,60131800,13500,54973000
2021-08-24,146.99407958984375,384.2374572753906,425.8543701171875,148.21232228535538,389.1083263667729,426.39623700415734,146.53232715635886,382.7201678832213,425.33153442616214,146.82706498490072,389.1083263667729,425.8543701171875,48606400,15600,38744700
2021-08-25,145.7561798095703,382.7202453613281,426.74798583984375,147.68178704763378,384.93337364315045,427.2708215551792,145.20601059611982,381.15461592407956,425.664252015514,147.18072830675177,381.91808295016307,426.04452782045337,58991300,13700,40529700
2021-08-26,144.95057678222656,377.9750061035156,424.2288513183594,146.5028486213895,383.6576827764521,426.70047017763676,144.9211044997288,377.8783561239789,424.13378235970106,145.74637338262988,381.7248011594496,426.4628122864776,48597200,14400,57829600
2021-08-27,145.9919891357422,386.5279541015625,428.0218200683594,146.13935055166783,386.5279541015625,428.402066854788,144.25304947287754,377.92660862531636,424.9893033532162,144.89163559653989,377.92660862531636,425.046338920632,55802400,20400,77235100
2021-08-30,150.43263244628906,387.542724609375,429.9040832519531,150.7961488821928,388.1515869754657,430.7026102112503,146.00179148745548,384.8656944610048,428.45910484001206,146.38494611590463,385.05896490689673,428.7062783075221,90956700,14100,48357400
2021-08-31,149.16529846191406,392.52960205078125,429.26715087890625,150.11827560641547,393.3317349441765,430.1512311969797,148.63476737580575,385.5132323479773,428.6587618144474,149.98073328612602,388.90544902138794,429.80901778777866,86453100,17600,59300200
2021-09-01,149.83335876464844,394.0372619628906,429.49530029296875,152.2600100818127,394.211214236328,430.7406252376633,149.6663441586924,386.5860113163182,429.25764241785953,150.14774978126363,391.8530962182864,430.2177895168115,80313700,11200,48721400
2021-09-02,150.9533233642578,391.4085693359375,430.816650390625,152.0045512720424,396.2407738956405,431.6341794767682,149.72526178468857,389.2340772840712,429.5998433480379,151.1694634015409,393.824671615789,430.94023711549977,71115500,15400,42501000
2021-09-03,151.59193420410156,385.1266784667969,430.71209716796875,151.9161442810365,392.1526928239501,431.234961887306,150.4031639220067,382.1790456736467,429.25763216747094,151.0614031723945,392.1526928239501,429.66642575123507,57808700,18300,47170500
2021-09-07,153.94000244140625,380.3427734375,429.1720275878906,154.49999081703118,386.03512403198846,430.4553857318414,151.68036577099878,378.1102974996997,428.4875718451813,152.25018823508333,386.03512403198846,430.36031679322156,82278300,15500,51671500
2021-09-08,152.38771057128906,387.2044677734375,428.6492919921875,154.28383051277808,387.66836993571883,429.37178128117307,151.2775380721041,378.8447614613064,426.7004798339959,154.22488595370393,378.8447614613064,428.63028980441504,74420200,13300,56181900
2021-09-09,151.365966796875,380.91302490234375,426.8145446777344,153.37015671921876,385.078382760845,430.2273083083143,151.24806269015863,380.05287835709606,426.56737120227564,152.76104296663132,384.40186234338194,428.4496320310596,57305700,16200,57970400
2021-09-10,146.35549926757812,376.9216003417969,423.4493103027344,152.75123994335087,383.7639884918356,429.20061944477663,146.0902337122543,376.9119264955264,423.3257235622952,152.27966839354463,383.7639884918356,428.7728526636087,140893200,14400,89948200
2021-09-13,146.92530822753906,382.4206848144531,424.5329895019531,148.76248377665408,382.4206848144531,426.7574926734723,146.13934572293243,377.29853022935794,422.1849286084342,147.98635536010983,377.56913250790905,426.491317022064,102404300,14900,83738600
2021-09-14,145.52040100097656,373.0751647949219,422.2419738769531,148.4186387371129,381.6571643688178,426.2060906831049,144.33164561645594,371.3935671328652,421.33886241652726,147.71127396657656,381.6571643688178,425.9969506086362,109296300,19000,78197100
2021-09-15,146.4144287109375,372.4179992675781,425.768798828125,146.81723655129747,376.04215257011697,426.2726323129457,143.80110978356157,370.81370386644204,421.54799306394244,145.95267630681514,372.0024367673114,422.66973116056687,83281300,16200,78792200
2021-09-16,146.17861938476562,370.38848876953125,425.09393310546875,146.35546804758658,372.72728881206353,426.2251579868235,144.63618183570136,369.55736372131423,422.0994204428515,145.83477113698024,371.59653993968624,425.2365220391712,68034100,14000,77786700
2021-09-17,143.49659729003906,378.2939147949219,420.9530334472656,146.20816799026164,378.9510874596804,424.73913240456704,143.20185938901585,368.27192843034,420.5906315207667,146.20816799026164,372.7368802018357,424.30999520522346,129868800,69700,118425000
2021-09-20,140.43133544921875,369.0837097167969,413.9339904785156,142.29798352303587,375.59754030715123,416.33724614125543,138.7906465653713,365.45955697116176,408.9939212936801,141.27624262800742,375.4815426448092,414.7350756994289,123478900,22300,166445500
2021-09-21,140.91270446777344,368.9484558105469,413.54296875,142.06218341070516,374.6601245793857,417.62470521082247,140.27411838035584,367.54710482823975,413.0089119498111,141.40392914762927,372.61124527244687,416.30862627324524,75834000,15700,92526100
2021-09-22,143.290283203125,377.78173828125,417.5770263671875,143.86009079116835,380.73904504735873,419.6465184072117,141.17800752361774,371.70281682049966,413.65742759375723,141.91484473928483,372.7079236050037,415.8508732051382,76404300,15300,102350100
2021-09-23,144.25303649902344,379.1153869628906,422.6505432128906,144.49864883080187,379.93686752233265,424.2813517502649,143.0839194012002,376.84424523740915,419.23639254167597,144.0761878248297,379.5889335058986,419.4748117788921,64838200,8000,76396000
2021-09-24,144.3415069580078,376.98919677734375,423.34674072265625,144.88185728683735,380.7776575144962,424.07154452194084,143.0053747771714,375.95512758438065,420.7718013017638,143.10362574277408,378.3325635837977,420.9911574788923,53477900,13200,62094800
2021-09-27,142.81863403320312,378.2939147949219,422.1355895996094,143.39829044877646,383.43538692294896,423.48024852105607,141.29584978063792,376.9892138178586,421.4298488484263,142.91688494865215,376.9892138178586,422.2976983869445,74150700,12700,61371100
2021-09-28,139.41943359375,374.3218994140625,413.6288146972656,142.20958700520225,377.30819827936614,419.65606068785206,139.20329347121574,372.18604377296975,412.8849477562949,140.7359125284644,376.9119539680336,419.3222678968198,108972300,13300,130436300
2021-09-29,140.32327270507812,384.9913330078125,414.3249816894531,141.91483619801207,384.9913330078125,416.79500161147104,139.53731005747213,376.96988637194227,413.7527696722643,139.96959026320496,376.96988637194227,415.03069335176906,74602000,14100,82329200
2021-09-30,139.01657104492188,380.95166015625,409.2610168457031,141.8460297262026,388.25795087175146,416.53754888800313,138.80043100726925,380.4781135615119,408.91767794544745,141.13866505588243,386.4990508798234,415.8222910417132,89056700,19700,140506000
2021-10-01,140.14642333984375,376.29339599609375,414.1246643066406,140.41168891776826,382.31433312198163,415.8317541750143,136.6685585033504,374.35086993901496,407.43940876090636,139.40958617193502,381.0096320730316,411.0156972789485,94639600,22600,129240100
2021-10-04,136.69801330566406,378.14892578125,408.7841491699219,139.71414025618466,380.03349699278573,413.85768901264976,135.84328709733543,375.08529570521836,406.60973753229166,139.27202601919808,377.64638722177466,412.9421671836941,98322000,14700,128570000
2021-10-05,138.63343811035156,390.92529296875,413.0374755859375,139.7436107509028,392.39427232716525,415.3167482670482,136.91415162715586,378.89309353859375,409.49934239855395,137.04187484873813,378.89309353859375,410.30994448901293,80861100,19400,90682500
2021-10-06,139.50782775878906,387.4461364746094,414.75408935546875,139.6551891860821,390.46142725130636,414.9638994433749,135.94153130840195,380.9613265354031,407.73504114898964,137.02223174518275,390.46142725130636,409.38488360470126,83221100,13100,113032200
2021-10-07,140.7751922607422,393.3414611816406,418.33990478515625,141.68887815597228,395.5449453372696,421.219998493004,140.21520380127083,387.9100678370996,417.90122156828477,140.5492330571654,389.4950156364778,418.08242250427907,61732700,33400,72437500
2021-10-08,140.39199829101562,391.4085693359375,417.5770263671875,141.64953218962253,396.2407738956405,419.5130187519374,140.05796912847646,391.0993011656919,416.93807903082546,141.50217079173365,394.6944625378483,419.12200766220326,58773200,11500,74557400
2021-10-11,140.3035888671875,385.822509765625,414.5538635253906,142.26848756147706,392.1236933666653,419.8658514780716,139.32113952004272,385.5808995578536,414.48709914947455,139.77307281576375,392.1236933666653,416.90944691402154,64452200,22900,65233300
2021-10-12,139.02642822265625,386.7696533203125,413.5334167480469,140.73589580934828,389.4853498430952,415.8985461892568,138.56467574218755,385.58092041613605,412.7323315592288,140.7162426211821,385.8225306369775,415.4884720635367,73035900,11400,71181200
2021-10-13,138.43698120117188,387.3204345703125,415.0211486816406,138.91837192647188,389.0600455526402,415.85084301262884,136.7569857349226,382.6235468542307,411.5497795456572,138.761191378553,386.7695857780006,414.572919328773,78762700,11200,72974000
2021-10-14,141.23692321777344,384.1119079589844,422.0020446777344,141.3548273420417,390.4420834049339,422.1546364801436,139.02641202284653,383.40639555697834,418.2636182784845,139.61588767122242,390.4420834049339,418.7404567470469,69907100,11900,70236800
2021-10-15,142.29798889160156,382.9425048828125,425.2159423828125,142.35693346590534,388.8764657334047,425.5878903678633,140.99132919423647,382.9425048828125,423.5183985546389,141.24677567087335,388.8764657334047,424.14782884201713,67940300,16300,66260200
2021-10-18,143.9779510498047,376.9216003417969,426.4748229980469,144.26285475697728,383.928296411265,426.8181327506159,140.64744844988806,376.9216003417969,422.7363963256795,140.93235215706065,382.2273510999505,423.4039818720027,85589200,14800,62213200
2021-10-19,146.149169921875,381.00958251953125,429.7650451660156,146.55197778080822,381.00958251953125,429.83178044137713,143.97796510457943,377.9266342429906,427.50480608191145,144.42988344158726,379.5985873172163,428.1247194553089,76378900,8600,46996800
2021-10-20,146.640380859375,384.5565185546875,431.4529724121094,147.1217864254021,385.5132856488309,431.75815600688003,145.52038922846384,381.30926165480207,430.1178305648744,146.09021163590805,381.32860934943085,430.23226713693606,58418800,12200,49571600
2021-10-21,146.85655212402344,379.5664978027344,432.57830810546875,147.0137476472788,389.7108260963563,432.8071812516711,145.27480777486807,377.19721741293364,430.4039259048171,146.19831273525557,382.90282659458035,430.84260913634154,61421000,17900,41305400
2021-10-22,146.08041381835938,382.9124755859375,432.130126953125,147.54425393167557,385.38811712500524,433.6083437975241,146.03128834675383,380.0500205898858,430.15600853538183,147.06286328651325,381.3071717030776,432.13967303658393,58883400,11200,58845100
2021-10-25,146.0312957763672,385.85235595703125,434.4476318359375,146.74847972713061,390.3491256315784,434.7814246728931,145.02919307038943,381.4329371781072,431.4340375299474,146.07058716105712,381.4329371781072,433.2364722832384,50720600,17000,45214500
2021-10-26,146.6993408203125,380.4368591308594,434.83856201171875,148.1926530050328,388.4536991459305,437.2513636866421,146.39476893627048,377.14890026174214,434.45709702790367,146.70915991683498,384.3824333833816,436.021141296632,60893400,25600,56075100
2021-10-27,146.2376251220703,378.2319641113281,432.9121398925781,147.10217055352805,382.7577435240043,435.9829809980417,145.88394267570416,378.1159230256659,432.8358294343547,146.7386690081762,382.7577435240043,435.30587847684893,56094900,11100,72438000
2021-10-28,149.89231872558594,385.8330078125,437.0892639160156,150.48177939683748,386.1908110232109,437.16554527278834,147.09233181642745,378.70583582389054,434.35221549315105,147.19058275713044,381.4716097844808,434.3617324728018,100077900,15800,51437900
2021-10-29,147.17091369628906,388.1731872558594,437.9761657714844,147.30845600384407,388.9661739560466,438.2718033155484,143.84041104314798,381.85836294724163,434.4570952848768,144.6361926076438,383.75376937893213,434.75273282894085,124953200,18700,70162400
2021-11-01,146.34567260742188,400.29034423828125,438.72955322265625,147.07267558601703,400.29034423828125,439.3589835035539,145.20602767920596,387.3899218946068,436.9747911231437,146.375144890825,391.6449290277807,438.9774894395595,74588300,25600,48433600
2021-11-02,147.38706970214844,395.5227966308594,440.50341796875,148.90986933767618,401.325087045982,440.8181476894368,146.04110377076503,394.2076249691797,438.7677187748977,146.05093785943228,401.325087045982,438.90124753007717,69122000,12500,48908400
2021-11-03,148.83126831054688,402.9884033203125,443.1927795410156,149.3028398355509,410.02851436765553,443.60285366879407,147.19057957500098,393.6660427429982,439.48296201655427,147.75056795013293,397.80500864151344,439.931191373681,54511500,13800,52509800
2021-11-04,148.3105926513672,401.3154602050781,445.2814025878906,149.75477971750777,409.4870320921206,445.36723003911123,147.996201595479,400.977016829006,443.45032965010057,148.91970658341225,405.4931169394707,443.8031855397575,60394600,11800,52847100
2021-11-05,148.8418426513672,419.505615234375,446.8262939453125,149.74701335342064,419.5249750914752,448.84808457528936,147.6415039999154,401.44115686521724,445.29088790979887,149.44201197709307,403.24953278544757,447.5415517117994,65463900,16500,66390600
2021-11-08,148.015380859375,412.6685791015625,447.2077331542969,149.12717360324703,422.9289485777979,448.44753067375456,147.73989478329673,408.96476716026655,446.511567594884,148.9697486989551,422.9289485777979,447.94208304539654,55020900,22700,50405200
2021-11-09,148.37942504882812,412.8329772949219,445.7296447753906,148.98942783717524,416.7205309505729,447.81820012664065,147.64151263858898,407.63993184169266,444.299129006256,147.77925568798562,410.1252534404188,447.57978083178483,56787900,20300,51149100
2021-11-10,145.53599548339844,464.1832275390625,442.14373779296875,147.71038387651012,469.6664048996366,445.72957272118686,145.46713146876658,408.96475852733323,440.6369408987847,147.6021561282038,408.96475852733323,444.0129366133766,65187100,43100,69429700
2021-11-11,145.48680114746094,471.6874694824219,442.2867736816406,147.02165650752087,500.05101151948287,443.7363813542704,145.2998609410418,462.21037881235145,442.2677106189685,146.5592452243603,462.21037881235145,443.660070895757,41000000,48600,34848500
2021-11-12,147.57264709472656,494.05535888671875,445.62469482421875,147.97602779837536,494.05535888671875,446.1873608293155,145.10309064575517,478.6212455600634,442.6110716498665,146.03777668648874,482.55713953251103,443.5742948487845,63804000,25400,53466700
2021-11-15,147.58248901367188,495.1384582519531,445.7772216796875,149.4321943467607,496.2215477326213,447.09330056252304,147.0216683492437,477.67356659624215,444.6328267714174,147.9465210157881,493.96830844518223,446.93119177487614,59222800,27200,46980500
2021-11-16,148.56639099121094,501.26953125,447.54156494140625,149.04849925402718,513.6381184738758,448.69550602302064,146.9331409706031,495.78638316581856,445.433946809618,147.52347700617935,498.0299426115253,445.5102281679098,59256200,35900,48857500
2021-11-17,151.01625061035156,508.66741943359375,446.45428466796875,152.50190896401386,516.4038060409488,447.4556336967887,148.55654240125457,498.31031061437676,445.8248544684022,148.56637582945865,502.6524071778691,447.2744327709783,88807000,27900,47858300
2021-11-18,155.3256378173828,534.1298217773438,447.970703125,156.11274738926755,534.7486878516677,448.2377315181239,150.5833285439718,511.38482611946205,444.7377241580487,151.23269506674168,511.38482611946205,447.50338160909905,137827700,32800,50625600
2021-11-19,157.9624481201172,541.2279663085938,447.1696472167969,158.42487441741085,543.8873494322149,449.12467353329436,154.007233518679,531.8766247242393,446.7976991963599,155.10917788012807,534.7777699500078,447.8562667549933,117305600,27700,57315600
2021-11-22,158.42489624023438,560.8880004882812,445.9107666015625,163.02946296730474,570.1039988967623,451.60421951606924,158.40521437024992,541.1408912046909,445.700956495182,159.07424782104079,541.6533960988938,449.0769812600631,117467900,33100,72762000
2021-11-23,158.80857849121094,570.55859375,446.5019836425781,159.19229230867768,575.8967201588517,447.3698331014198,156.4964471469466,545.3862939010232,442.9352414017263,158.52324397832808,560.8881091101695,445.57691589888174,96041900,42800,73206500
2021-11-24,159.33009338378906,576.37060546875,447.69415283203125,159.52686707749967,580.1033986395483,447.81813550409174,157.0671583739408,550.9759015539945,443.6410254043711,158.15926963883575,567.1642845489745,444.470719774113,69463600,42100,61858800
2021-11-26,154.28273010253906,577.4246215820312,437.7091064453125,157.86406453369798,585.9539962257667,442.41072677596344,153.83998564240557,561.4103011756588,436.56468247541005,156.99825748204293,565.6073175332892,440.9229930774366,76959800,30300,112669600
2021-11-29,157.65744018554688,556.9618530273438,443.078369140625,158.59212616850718,580.2290349686277,444.94756803437633,156.23079761838784,552.8615772907308,440.3413206273676,156.8014516426784,580.2290349686277,442.5729214615626,88748200,32600,86268800
2021-11-30,162.63589477539062,551.768798828125,434.4571228027344,162.85235027883988,573.3726264887171,442.5347687334639,157.34259839391257,546.585433699913,434.20915745178297,157.41147742358555,554.8923461940975,440.5988054494336,174048100,48200,148559600
2021-12-01,162.11444091796875,548.5291137695312,429.6314392089844,167.55531387504132,575.8579084391565,443.14505355430765,161.87830354264165,548.5291137695312,429.4311752110558,164.78075601319688,552.3296655668436,440.2554137399885,152052500,37000,131939200
2021-12-02,161.12071228027344,563.1702880859375,436.2117919921875,161.55362330337118,570.5585519755725,437.80444516158803,155.2567766388586,550.4826178893458,429.4502265154961,156.1816292767735,550.4826178893458,429.85078360429713,136739200,28100,127637800
2021-12-03,159.23167419433594,554.8439331054688,432.4162292480469,162.30140038632877,570.510126550882,438.97750242575154,157.14584634317362,553.1515986689815,428.12468283635246,161.37654765598526,565.8392669794736,437.8998718852119,118023100,19600,137331600
2021-12-06,162.6555938720703,546.2470092773438,437.5374755859375,165.17433271042214,569.688255805363,439.44482957114576,161.63234683594757,539.4196491316486,432.5497344372096,161.64218026428557,559.1958030414063,435.00069129314113,107497000,34400,98977500
2021-12-07,168.42111206054688,544.9705200195312,446.587890625,168.81467433212117,562.7448771361471,447.1601026793898,165.62688749026452,544.4580149791724,437.40397591898113,166.35496643302778,548.3165292597595,442.897165074861,120405400,28300,95484700
2021-12-08,172.25827026367188,534.5070190429688,447.7703857421875,173.124092272762,548.6549433319146,448.22816115013154,167.94885709843913,522.2061904440089,445.2049924489941,169.35581786321058,543.4812574620981,446.98839277149324,116998900,37100,72238800
2021-12-09,171.74667358398438,521.2390747070312,444.74725341796875,173.901380502596,541.2859686555026,447.8753126636306,171.11698884632847,520.281706258544,444.5469894066791,172.0910387584438,541.2859686555026,446.4638602939876,108923700,19600,61272600
2021-12-10,176.55787658691406,519.333984375,448.93389892578125,176.73498340907634,524.8848322532732,449.0864907373191,171.87459691578246,515.746213881605,444.8998638669149,172.38622049741065,521.5871644492759,447.49386645523373,115402700,22100,77159800
2021-12-13,172.9076385498047,523.8598022460938,444.9570617675781,179.19465158191582,536.6924941875554,448.7622234867178,172.70101647264883,513.0578292809952,444.67094122008945,178.2009199441115,522.7090123061969,448.4093676716682,153237000,24800,87724700
2021-12-14,171.52037048339844,518.8505249023438,441.895751953125,174.87541600242255,528.2598872825193,444.165507824566,169.43454277672873,517.5159933407956,438.92983051204675,172.42554128087525,523.8501487820846,441.63826964565925,139380400,50500,97264100
2021-12-15,176.41026306152344,536.0543212890625,448.8004455566406,176.60703670151452,538.3655813253428,449.04838181003123,169.5329139992671,518.8505500536913,439.3971742904425,172.28778999774144,518.8505500536913,441.9530510173485,131063300,48800,116899300
2021-12-16,169.48373413085938,535.77392578125,444.8426818847656,178.22062275638177,548.2391364834398,450.96527238893464,167.99807573252775,532.8920810235476,443.2690914328029,176.39059919327553,538.7427128293384,450.67918090889475,150185800,25500,116568600
2021-12-17,168.3817901611328,527.0414428710938,440.10821533203125,170.67424008979302,540.7155230959211,444.7689344101588,166.95516235498613,518.318646341781,438.3759979581514,167.19128474267674,534.7681510943065,441.71601446256716,195432700,156400,135511600
2021-12-20,167.0142059326172,571.3998413085938,435.4283447265625,167.83083095020905,571.3998413085938,435.8302798862772,164.76111956870264,527.6699442123293,431.7533629498048,165.56789614412995,527.8343259015184,434.9498310180343,107499100,52100,107134800
2021-12-21,170.20196533203125,565.7232055664062,443.16119384765625,170.40857240308912,573.80771447508,443.3047421450396,166.39432702385977,555.5305386326825,436.7012576099268,168.79500450669104,573.391890825656,438.902409386243,91185900,34800,69806300
2021-12-22,172.80926513671875,580.915771484375,447.5921630859375,173.02572066741223,582.7047877408427,447.7070017050684,169.37550695696135,568.6245628316832,442.70173770944325,170.25116250826932,570.703740880193,442.9027344990818,92135300,19700,58890200
2021-12-23,173.43894958496094,573.9431762695312,450.3771667480469,173.99977028074508,581.7762440294279,451.8988370338765,172.44523284134146,563.818208719741,448.5014009449451,173.01588696564417,581.2346993327429,448.6066599555232,68356600,19800,56439700
2021-12-27,177.42364501953125,579.890625,456.75091552734375,177.51219089733766,582.2985661898074,456.79875521584995,174.216191449557,566.081144841845,451.72652157550993,174.2358583027151,571.4385719909587,451.77436126401614,74919600,21600,56808600
2021-12-28,176.40040588378906,591.85302734375,456.377685546875,178.40753594573462,598.7480877015801,458.2343211776127,175.65266008371333,585.0643281525622,455.60249563164706,177.2563944452948,585.0643281525622,457.1911647386783,79144300,23900,47274600
2021-12-29,176.48899841308594,595.701904296875,456.9615173339844,177.7188525886418,604.4053412103034,457.99509421973374,175.2689776663019,582.1825845123499,455.4685567178116,176.43980124349002,591.2051049486867,456.48300356710433,62348900,19000,54503000
2021-12-30,175.32801818847656,596.5722045898438,455.6982727050781,177.65983204606482,609.8207209619115,458.41622762718845,175.2197904143871,588.5263545085,455.22933851965774,176.5775543051699,593.7483806556352,457.39220106956463,59773000,21000,55329000
2021-12-31,174.70814514160156,598.7868041992188,454.5498046875,176.34137982616818,600.1793564958142,456.3681512221388,174.40312874209113,588.7294754989226,454.2722877217258,175.21975359080747,596.2144809830984,455.20060562923305,64062300,22000,65237400
2022-01-03,179.0765838623047,596.51416015625,457.1816101074219,179.9325724934608,598.5932787988465,457.3156079796797,174.8458979227722,579.3683519129788,453.4874978853953,174.96395910795226,596.0402568608232,455.8321977944472,104487900,23100,72668200
2022-01-04,176.80381774902344,588.3715209960938,457.0284729003906,179.99160489675614,600.5370053608656,459.354071932036,176.23316366013424,576.138395190147,455.1431275490676,179.68660349006143,598.5738689442147,458.6267216829484,99310400,23800,71178700
2022-01-05,172.1008758544922,586.0796508789062,448.2525329589844,177.26626350424175,598.6996202605241,457.44000255090094,171.82538971420172,584.0972135318082,448.1568243703493,176.71529122366078,584.2035746864058,456.6552330127181,94537600,21700,104538900
2022-01-06,169.22792053222656,605.1498413085938,447.8313903808594,172.47473828919735,608.1186867103899,450.5876338826854,168.8737219585049,588.8067012202556,445.42924233336447,169.91663581088895,591.8335671598351,447.7835506947661,96904000,26600,86858900
2022-01-07,169.3951873779297,580.2291259765625,446.0609436035156,171.33343869618955,601.6879355132207,449.0373143132725,168.27356100705217,580.2291259765625,444.6828216681558,170.10358456089105,601.6879355132207,447.84102993925603,86709100,31100,85111600
2022-01-10,169.4148712158203,568.3731079101562,445.5058898925781,169.71987264285875,579.3587653222147,445.7259875300918,165.4596560671489,561.8648900268151,436.97877119016243,166.3549934911358,579.3587653222147,442.81664489961315,106765600,38900,119362000
2022-01-11,172.25827026367188,578.2948608398438,449.56365966796875,172.3566495746992,581.4861083005595,449.6593682574006,168.06693328968436,547.7844999698879,442.1945363741295,169.5427580708883,573.295237850591,445.2379059635614,76138300,58200,74303100
2022-01-12,172.70101928710938,582.8787231445312,450.7790832519531,174.32442058444914,589.5706813158904,452.8654254019505,172.00247061263863,572.6860546073721,448.7884788995016,173.28150678006202,577.792039291477,451.32459593729857,74805200,24000,67605400
2022-01-13,169.4148712158203,601.3009643554688,444.5679626464844,173.7734671157762,616.9768391505316,452.5591477395473,169.021308880232,586.224713831517,443.5248062249367,172.9470087303428,587.4528250835111,451.8987964588912,84505800,47800,91173100
2022-01-14,170.28067016601562,595.3150024414062,444.7498779296875,170.97921882070173,598.5836309255908,445.10397347705253,168.33257064894323,580.2193902967978,440.1369977794131,168.57854144538373,598.5836309255908,441.3715715902566,80440800,20700,95890900
2022-01-18,167.06336975097656,572.5700073242188,436.8734436035156,169.7592001008731,591.7658935871749,440.1943299647229,166.67965590489592,570.4811498212023,435.74415824190055,168.74580160961233,591.7658935871749,439.98378276118797,90956700,27900,109709100
2022-01-19,163.5509033203125,557.5517578125,432.33721923828125,168.32274293847112,584.4550520877305,439.8594421716474,163.2655837924122,555.5983601296441,432.0596730559528,167.26014726021518,578.7301419365524,438.4430600125188,94815000,30000,109357600
2022-01-20,161.85865783691406,558.0159912109375,427.5520324707031,166.94533337388285,580.1516852056706,439.0267827650756,161.53397450312417,557.6678089133687,425.39872061158934,164.2888511126298,557.996631354419,434.2512249212793,91420500,22800,122379700
2022-01-21,159.79248046875,557.0101318359375,419.15887451171875,163.64930096456078,580.1032495871779,428.80569793000484,159.684252711932,557.0101318359375,419.13016485773596,161.77008037475142,557.0198117626114,426.4131294109086,122848900,30700,202271200
2022-01-24,159.01519775390625,580.72216796875,420.9389343261719,159.6842461356459,584.6193418171991,421.45573730752653,152.20672782112572,541.7501343645457,402.6788641152826,157.44099364386307,553.1032716478012,413.4645525583098,162294600,37500,251783900
2022-01-25,157.2048797607422,578.681884765625,415.79974365234375,160.13684792706067,583.4977677304929,420.82413808243444,154.48936713148768,569.0790405764125,408.79429526605276,156.41777008167946,579.3587715417931,414.4503313578086,115798400,37000,167997300
2022-01-26,157.1163330078125,565.6458740234375,414.756591796875,161.74058170445005,585.81854638091,424.95850867726784,155.27647596564844,564.7658860426621,410.4308087092508,160.86492613213542,575.5871588598466,421.78117029751036,108275300,34200,186391100
2022-01-27,156.65386962890625,548.40576171875,412.70855712890625,161.19940478294046,576.6943976538354,422.6137982521513,155.7290171054925,542.7944944336547,410.9954988187157,159.83180786357846,568.2387309336,419.4269093164766,121954600,23200,149878300
2022-01-28,167.58482360839844,557.9449462890625,422.9582824707031,167.6045054755724,557.9449462890625,423.00612215952447,160.17618447475024,544.9228884949301,409.43548027257265,163.03928812749427,547.9316806848109,414.0866195425196,179935700,17100,164457400
2022-01-31,171.96311950683594,554.3556518554688,430.5762634277344,172.17957503076116,563.6045849764652,430.9303589440562,166.77805038659238,548.8411073831949,420.9102794459354,167.41758353014143,559.1155477250629,422.2788218167544,115541600,27700,152251400
2022-02-01,171.79586791992188,548.5122680664062,433.4855651855469,172.0221568809913,558.3029786269776,434.1363367970693,169.53293327062335,532.8200039700449,427.7338212627941,171.20553191997683,557.8869770594878,431.3130943323253,86213900,37700,123155400
2022-02-02,173.00601196289062,545.4646606445312,437.6965637207031,173.04537569665726,553.8719064422775,438.4334644332628,170.53647062576493,540.8111715305382,433.5813276578518,171.93358291716743,549.5086440720416,435.9260568800673,84914300,39700,117361000
2022-02-03,170.1134033203125,552.8078002929688,427.4084777832031,173.39958469623934,552.8078002929688,433.5047381488881,169.34597560709165,539.8437861107747,426.5567093082935,171.66794061482483,539.8437861107747,431.5715531563376,89418100,18700,118024400
2022-02-04,169.82774353027344,549.6344604492188,429.41827392578125,171.51233418324563,555.613368020026,433.32293348414623,168.14315287730125,541.7786743944346,424.7575252180446,169.1282897421516,552.7109822643415,427.16925333912457,82465400,24400,118454400
2022-02-07,169.10858154296875,543.7908935546875,428.0401611328125,171.3645381321525,553.6686398053146,431.6098552838783,168.40912782220335,541.7785566675814,426.69074875176057,170.29074266054957,551.3467671348166,430.1934731694811,77251200,20900,84472900
2022-02-08,172.2314453125,552.894775390625,431.5619812011719,172.74372058834862,558.9510961529343,432.4998786610754,168.88197162517284,542.2623788727298,426.08778275810846,169.1775156317006,542.5526056242874,427.5329036224321,74829200,23000,81012000
2022-02-09,173.65992736816406,556.3486938476562,437.8783874511719,174.02442320219117,559.1930344819023,438.2037733090083,172.30043366850177,548.8218702136711,435.457108950839,173.43335009555227,559.1930344819023,435.65807655588094,71285000,20900,92589900
2022-02-10,169.56175231933594,535.5772094726562,430.0116271972656,172.8718127855668,557.7126813640566,438.0410731811093,169.00023212316947,532.3071838303531,427.98273345754336,171.5517329947236,555.2650336899061,431.9448123404388,90865900,37300,140103700
2022-02-11,166.1334686279297,558.4576416015625,421.5322570800781,170.507478406019,571.7796095218845,432.2031061578507,165.54238053770345,540.1822739748288,420.07758602686084,169.7686258092335,541.778609569125,430.0976635181539,98670700,40700,153214600
2022-02-14,166.36990356445312,569.8350219726562,420.1541748046875,167.059496301351,570.7831156771434,422.62332194716885,164.08437902845532,544.7874208418162,416.6323208466163,164.88233741200816,557.548244833358,421.01552286276586,86185500,29300,123006300
2022-02-15,170.22177124023438,558.3804321289062,426.929931640625,170.3793967268219,572.3699561662278,427.10218956422,167.7195305266309,558.3611230392396,424.13539876450784,168.428830184281,570.996176438107,424.6617813614818,62527400,31700,88482700
2022-02-16,169.98536682128906,544.8938598632812,427.4084777832031,170.76361832030156,555.2264048595725,428.8057297242315,167.52252469125588,542.9008907226278,422.94872622819605,169.29577403127885,555.2264048595725,424.85320156463507,61177400,33200,84863600
2022-02-17,166.36990356445312,547.709228515625,418.2784729003906,169.35486679359227,549.3539256105493,427.3798145565786,165.96599387855787,538.4119335170313,417.6659904347528,168.4879416203525,546.2967128366072,424.17376631374515,69589300,24300,102259100
2022-02-18,164.81338500976562,556.4842529296875,415.570068359375,168.00521853149442,564.7463586176683,419.80969324141455,163.71988259124893,544.5844800285165,413.26362854344836,167.2959338848835,544.5844800285165,418.5368302909933,82772700,53700,132642900
2022-02-22,161.87767028808594,564.6494750976562,411.11029052734375,164.21243946447404,569.9511473914741,416.7854563215084,159.73991041394962,550.1181785254266,407.5596976436782,162.52784908789482,550.1181785254266,413.3306012306589,91162800,24700,124391800
2022-02-23,157.6908416748047,432.12652587890625,403.8177490234375,163.68045969243948,553.2043739800431,414.6417272754656,157.3755907096695,427.5891273100798,403.2435267053608,163.07952569314475,542.3591050722529,414.0675049573889,90009200,100500,132578000
2022-02-24,160.32115173339844,431.4300231933594,409.8948669433594,160.42951737151856,434.88386975176616,410.3351206221993,149.74077817946358,406.6629891382768,392.99378697928523,150.31215926846122,424.7641955858248,393.357432896443,141147500,101200,213942900
2022-02-25,162.3998260498047,473.1759033203125,418.9388122558594,162.66580219316097,478.3421459542406,419.024941231081,158.47897031474255,432.45543840168233,409.4737957167173,161.40482814763232,432.45543840168233,411.14859393818557,91974200,74000,121804500
2022-02-28,162.6658172607422,480.76080322265625,417.866943359375,162.96136136828815,496.0854246911618,419.36948362066374,160.01579631534312,466.2972664848469,412.1917770037388,160.63643743798985,466.2972664848469,413.4646107930951,95056600,58900,145615000
2022-03-01,160.77435302734375,468.1644592285156,411.5027160644531,164.1238277972452,494.1794925694618,418.3837464787781,159.56263874413696,460.5118325852509,408.75602246543787,162.25205850559507,475.76869506536707,416.34527312626744,83474400,45500,137785900
2022-03-02,164.08436584472656,478.3228759765625,419.0727844238281,164.8724782087133,490.43548920820587,420.82413189155534,160.52802176733047,470.1768332009644,413.0243636370108,161.94662101610797,470.1768332009644,413.7899739516777,79724800,35300,117726500
2022-03-03,163.75929260253906,452.57867431640625,416.9864196777344,166.3994671487369,476.8136131244987,422.15436203695566,163.08940676711282,448.98939886048737,415.158493753946,165.96600453428687,476.8136131244987,421.5418796596606,76678400,32800,105501700
2022-03-04,160.7447509765625,442.333251953125,413.5986022949219,163.08938109548046,448.9700560137492,414.7470178122338,159.690662540977,438.8600672364367,409.4929459955876,162.04513861522074,448.9700560137492,413.19663787985706,83737200,31900,113978200
2022-03-07,156.9323272705078,428.0051574707031,401.40606689453125,162.56731211896027,437.8829356370558,413.7230070541622,156.67618202976143,412.5257663902105,401.33906795511547,160.9319810895707,437.8829356370558,413.0052363762708,96418800,40400,137896600
2022-03-08,155.09994506835938,444.1714172363281,398.3627014160156,160.4590918337938,444.96474307755,408.85171475785677,153.4843212668971,425.33496245058734,397.2812556557022,156.4594387052954,425.4316850205852,401.58787945479423,131148300,48800,164772700
2022-03-09,160.5280303955078,459.95074462890625,409.0430908203125,160.98119991455522,461.20843327577967,411.05285423240764,157.04065291481524,432.9972410269125,404.65033849159306,159.07987817054388,446.2514807267036,406.87064910316786,91454900,53600,116990800
2022-03-10,156.1638946533203,453.54608154296875,407.196044921875,158.00609571698396,453.96211255704566,408.1052034644744,153.66163868475533,431.4299188930039,402.3726184555948,157.81891731398164,450.07289721233485,404.36322267635194,105342000,38800,93972700
2022-03-11,152.4302215576172,435.793212890625,402.0185546875,156.91259725992478,459.5443900840807,410.34467653295275,152.2036442896399,433.6551008916845,401.5017516523792,156.56779334744132,458.6252894940752,409.7226144902831,96970100,18900,95636300
2022-03-14,148.3812713623047,436.5284729003906,399.08050537109375,151.82924949670846,450.99204002471765,406.3060519993037,147.86901114822732,435.7932219377157,397.92251016393,149.1989365523023,435.7932219377157,402.8033567183345,108732100,23600,95729200
2022-03-15,152.7848663330078,472.7696533203125,407.8564453125,153.2577428312749,476.82329180726464,408.49763741787274,148.14488031272373,440.1951958375141,400.439481773117,148.65714063785396,441.6367047232651,401.73144560536934,92964300,46600,106219100
2022-03-16,157.21798706054688,479.919189453125,416.9002990722656,157.62189677872126,488.6360313774181,416.95771838359593,152.16424521683604,464.21727082290147,406.54525490534803,154.71574606326269,474.57880992994313,411.41655039709866,102300200,39700,144954800
2022-03-17,158.23268127441406,476.958740234375,422.1161193847656,158.60703810004415,482.78285053089775,422.1161193847656,155.28713161589062,472.1311145630376,414.57473813772754,156.25256155188856,473.5145780623987,414.957543290102,75615400,26200,102676900
2022-03-18,161.54273986816406,496.41436767578125,426.7394714355469,162.03530830357425,500.45835138351526,427.06586813559943,157.38546107074248,467.6227212408722,419.7314785235304,158.12431372385774,479.04844406379675,420.4802778464497,123511700,126600,106345500
2022-03-21,162.9219207763672,478.7678527832031,426.61468505859375,163.87750462789964,497.95263827522007,428.6018640552735,160.5871364535125,467.33244634851343,423.0530617024134,161.07970482927175,490.5418767786555,426.5666674499668,95811400,53600,88349800
2022-03-22,166.31080627441406,478.9419860839844,431.60662841796875,166.9018793511502,484.70808007666204,432.55701955368295,162.45891767490426,468.5514550664878,428.0258159468631,163.04999075164037,483.48906867475483,428.0258159468631,81532000,43200,74650400
2022-03-23,167.6801300048828,468.35797119140625,426.0482482910156,170.0740050516706,481.0220735780078,430.5506533825044,165.15816734052234,459.97977703042596,425.96185175391435,165.49312525419109,474.8206391904588,429.0338653474603,98062700,37900,79426100
2022-03-24,171.48275756835938,463.79156494140625,432.470703125,171.551709322727,470.7766113731496,432.4803125069437,167.68012919455944,454.7070837141214,426.96991790017495,168.51748639470068,469.3254185527854,428.102711687473,90131400,37200,64736900
2022-03-25,172.1230926513672,469.218994140625,434.58270263671875,172.6747668214046,470.78627760330426,434.8611110322216,170.18237206834664,459.54437570473584,430.49309043583133,171.29558139631104,462.8240855263066,433.1139027936655,80546200,34500,77101300
2022-03-28,172.9900360107422,467.9613342285156,437.6738586425781,173.11809357884718,474.51104068209804,437.6738586425781,169.4435373556172,464.3913974449543,432.05784950954336,169.61100881544317,469.2190228924102,433.9778506287421,90371900,51900,68529800
2022-03-29,176.3000946044922,478.3713073730469,443.0882873535156,176.34933942064572,481.6897248541026,443.5875064404746,173.71902587505284,471.8215995072173,438.8930892093736,174.0638297800986,472.4020826790224,441.6194875339916,100589400,33200,86581500
2022-03-30,175.12777709960938,475.6816711425781,440.352294921875,176.940425244863,479.12583322596805,442.75229646538446,174.0736734844487,469.2190325838212,438.21148299818276,175.89618261840158,479.12583322596805,441.9266807000324,92633200,36900,79666900
2022-03-31,172.01473999023438,480.6834716796875,433.5747375488281,175.38390609608072,490.7257313593279,440.4099379610115,171.80785464486016,472.41165436268756,433.1139266581461,175.196727695979,473.08888953177365,439.57474202537907,103049300,48100,121699900
2022-04-01,171.71917724609375,496.8883972167969,434.803466796875,172.28071238527122,497.3818122227404,435.3218460058358,169.3844080572875,480.9156216782359,431.1746658496886,171.44334017028513,485.6658630449937,435.1778517811245,78751300,37000,89048800
2022-04-04,175.78782653808594,489.003662109375,438.52825927734375,175.83708638827935,502.14181213027456,438.63387457698553,171.84727903454487,487.0687381790177,434.16987767775674,171.97535163864862,500.7679736243025,435.0050735063804,76468400,46600,59601000
2022-04-05,172.45802307128906,482.1829833984375,432.9890441894531,175.64987129409147,499.461867509167,439.5170361699117,171.82753620367296,481.2058670000474,431.82745173434006,174.8617589515732,489.487338130128,437.01144881257386,73401800,32200,74214500
2022-04-06,169.27603149414062,479.0194091796875,428.65948486328125,171.04928046132906,483.71160523993996,430.97308997332436,167.60130220423744,472.972772381577,425.7314945642103,169.7981527133694,475.2849909403857,429.014709717459,89058800,35600,106898000
2022-04-07,169.5814666748047,476.2815246582031,430.81951904296875,170.78333490464928,484.7081398274234,432.66273334370794,167.32550977045483,469.76084031002574,425.7891245695662,168.6160367143053,482.6958023595571,427.76672373873885,77594700,52100,78097200
2022-04-08,167.56190490722656,472.25689697265625,429.66748046875,169.22678840700246,479.65797508753974,432.6050799944686,166.68513380776986,471.22170558594416,428.1026747854182,169.22678840700246,479.2419440045964,430.05147485374647,76575500,33500,79272700
2022-04-11,163.2864532470703,469.431884765625,422.323486328125,166.51770131540277,474.32723983108883,427.2002765950259,163.04016900386205,464.53652970016117,421.814687170573,166.2024653007348,466.7520258146404,426.34586197932674,72246700,40200,89770500
2022-04-12,165.1680145263672,473.0695495605469,420.7586669921875,167.34515810732003,478.8743211945404,427.9202631938268,164.16317093331614,467.13900315054826,419.18425196133813,165.5226643220327,471.4441910643363,425.357048726688,79265200,29200,84363600
2022-04-13,167.8673095703125,478.16802978515625,425.5778503417969,168.4977965392979,479.01940095564845,426.3458390790379,164.2912731044712,472.65348531011836,420.3266460520354,164.9020531279272,473.3887657800149,420.5090485040863,70618900,32700,74070400
2022-04-14,162.833251953125,476.66845703125,420.2787170410156,168.72438072783297,487.1170330200558,426.9411242805734,162.586967757821,476.5717049430108,420.17310172903024,168.08403280084593,481.50576619728827,425.8083011825039,75329400,17300,97869500
2022-04-18,162.61651611328125,459.6314697265625,420.45147705078125,164.12377400452343,478.8936396649252,422.160277000134,161.13881111935814,454.71677627395394,418.1858603298236,161.48359993207802,478.8936396649252,419.3378728044657,69023900,40500,66002500
2022-04-19,164.91189575195312,474.90765380859375,427.23870849609375,165.32566643973334,479.49341329949027,427.96828908701855,161.47377791030922,457.5513867290197,420.1730882955113,162.5672803691689,464.4784167701905,420.34588138571223,67723800,35000,77821000
2022-04-20,164.74444580078125,477.04583740234375,426.921875,166.36993076637688,491.64483554237995,429.66749205570903,163.63125128349097,475.4688696072836,425.7410929667158,166.25170411215385,475.4688696072836,429.0434975011507,67929800,27100,65224400
2022-04-21,163.9464569091797,471.821533203125,420.5378723144531,168.98050632684885,488.51025228083824,432.00989152571304,163.44404257581323,469.3448329077625,419.61627991567536,166.39945283983835,483.24725677204384,430.59868943216543,87227800,30900,85417300
2022-04-22,159.38525390625,459.35089111328125,408.99871826171875,165.37488661412266,475.2656509287744,420.5571059302882,159.0995708883909,459.35089111328125,408.42271196567805,163.9858553452318,475.2656509287744,419.4339214850612,84882400,24600,132471800
2022-04-25,160.45907592773438,469.3545227050781,411.369873046875,160.7447589663099,473.0889118043654,411.54266612637855,156.10477337045293,454.78451801325946,402.0866542060726,158.72522565667649,462.8144702228564,406.7234735843411,96046400,40900,119647700
2022-04-26,154.4694366455078,458.0448913574219,399.45623779296875,159.9270873168943,483.6922886569901,408.99864567726297,154.3906239061385,455.4714389189236,399.4274389481225,159.83842862210122,469.6157285005867,408.797024466447,95623200,36900,103996300
2022-04-27,154.24288940429688,447.2035827636719,400.5794677734375,157.4150163467095,463.5139357919877,406.00349497952044,153.07057410523336,446.8067102384737,398.40988618789964,153.59269545207738,461.49087551002316,400.5506689253032,88063200,35600,122030000
2022-04-28,161.20777893066406,446.2355651855469,410.6978759765625,162.07470409037728,449.2265982924013,412.45469357336657,156.5677781733732,434.37789561174435,400.89627753737426,156.88302915217585,448.9652562097337,405.39868293229875,130216800,34700,105449100
2022-04-29,155.3068084716797,427.3601379394531,395.52020263671875,163.7297310076839,447.6875737191327,408.8354047709913,154.91275976964212,425.99529227799405,394.7617940450386,159.43453401469895,445.74193827021503,406.6466048214793,131747600,33600,145491100
2022-05-02,155.61219787597656,434.4165954589844,397.90106201171875,155.87817395874512,438.6466325917985,399.2834652291176,150.99190440338296,421.2908844099898,388.8194351785775,154.3807770157754,429.55735226644134,395.58745703394555,123055300,36400,158312500
2022-05-03,157.10960388183594,435.1329345703125,399.72503662109375,158.32133290120754,437.572216081183,402.1730263227478,153.996583191987,426.89547426155906,396.8258161888709,155.79937020716176,435.89764156966953,398.4098405454738,88966500,25500,100028200
2022-05-04,163.5524139404297,480.1243591308594,411.8978271484375,164.0055684455129,481.60535683033726,412.473833328739,156.89287962543,443.71887454274565,397.1618130787737,157.29678931665225,449.836471781714,400.3970101937898,108256500,53400,144247900
2022-05-05,154.43992614746094,454.6860046386719,397.2578430175781,161.6412749534816,482.5442686465154,408.0002519962424,152.64696965655168,447.87146589716957,393.0626451139667,161.4146976605855,482.5442686465154,407.56824001066565,130525300,35900,172929100
2022-05-06,155.16995239257812,468.1601867675781,394.88665771484375,157.30097774874963,468.64417332053546,398.20825170906204,152.11153553580905,447.20357493256506,389.50106821459974,153.91698631916998,452.1402436807687,394.6562669374327,116124600,35800,151770800
2022-05-09,150.01998901367188,481.2181396484375,382.24346923828125,153.73941561249285,484.30594652272595,390.153865168307,149.45764385540176,452.9823525832162,380.64025527247725,152.85148081205793,463.90108748257546,388.8962666686615,131577900,45900,155586100
2022-05-10,152.43711853027344,486.512939453125,383.1266784667969,154.6372121237767,487.07438038652697,389.8370740306688,150.87831369588534,458.6740535368592,379.0274859966535,153.4335782017059,482.0505976979055,388.3106764228604,115366700,45900,132497200
2022-05-11,144.5345916748047,482.0505676269531,377.0401916503906,153.36451764343903,501.4100281742203,387.8786053627061,143.85384613812707,475.2747564354096,376.2817830617648,151.44068137940286,487.16146402982395,382.14740127764696,142689800,35700,142361000
2022-05-12,140.6474609375,497.5478820800781,376.6466064453125,144.23862732874298,499.69675408769393,379.9682000938036,136.9379092429016,482.2926159734443,369.74420025382926,140.85465027245428,482.2926159734443,373.7954036840399,182602000,28800,125090800
2022-05-13,145.1363983154297,513.8001098632812,385.6514587402344,146.1131220663248,519.375644374307,387.05305147320314,141.19006162279788,496.3669048726547,379.7858395883378,142.6502019839293,502.59096481842295,380.841846152997,113990900,42500,104174400
2022-05-16,143.5874481201172,512.7255859375,384.0866394042969,145.54089554276277,532.3851138701064,387.8114464475931,142.24569309682087,506.2401554615519,381.69624726746645,143.59732359605974,509.16345262888734,383.98105340001786,86643800,35400,78622400
2022-05-17,147.23780822753906,508.66015625,391.9875183105469,147.7606965668223,523.9444887510674,392.22751850113224,144.7121404280755,503.3459935783521,386.4770940128157,146.8629014733066,521.0115020068231,390.269108742824,78336300,28700,83029700
2022-05-18,138.93081665039062,473.20330810546875,376.1858215332031,145.3830717339922,497.7317720722341,387.64823105557144,138.0231457925829,469.46694617704367,374.9282230893509,144.87991913040798,497.7317720722341,387.3602425939615,109742900,43300,117674500
2022-05-19,135.50733947753906,476.2911682128906,373.8818359375,139.75951476961413,492.0110719780419,378.3746611368892,134.76740136256322,461.8296472445885,371.62582860497764,138.00339618106452,464.86909706109606,373.07543892655684,136095600,38900,98510700
2022-05-20,135.74411010742188,492.1271667480469,374.0450744628906,138.8123874278818,492.7176161110806,381.1490737271874,130.8309252366742,473.90990741811305,365.3186716847054,137.22398633811162,479.71774553935245,377.52027228183414,137426100,32700,131432200
2022-05-23,141.19004821777344,525.8513793945312,381.0434875488281,141.3380298080654,527.3324065758949,381.82108576557516,135.8032925199713,499.02882389085147,374.76507482018934,135.9414136889366,499.02882389085147,377.1170589373872,117726300,47700,76414900
2022-05-24,138.4769744873047,546.1304931640625,378.1346435546875,140.06537583009975,551.0962004238426,379.3442243669144,135.48762522944844,518.5141893129912,371.4818172514222,138.92093441641646,519.8403078751926,376.85782637352946,104132700,59300,91448800
2022-05-25,138.6348114013672,563.85400390625,381.4754638671875,139.88776245487574,569.1390990705713,383.4722816791761,136.48405008857472,530.4589329055086,376.21467891365063,136.57283905065083,538.6286280004997,376.61786279123777,92482700,47200,91472900
2022-05-26,141.85107421875,539.674072265625,389.0977783203125,142.40355895877516,564.6670857846839,390.75858963832763,135.30015577230265,532.4916693062601,382.5121893250226,135.5468018208196,563.3603457282946,382.7233905949616,90601500,52500,82168300
2022-05-27,147.6324462890625,547.214599609375,398.64984130859375,147.6719030298471,554.3582463311287,398.76503668811415,143.311203050322,542.5876594977182,391.39223942988707,143.43946380251003,548.69556783782,391.5938313440478,90978500,27200,84768700
2022-05-31,146.84320068359375,546.8756713867188,396.4130554199219,148.6387912999033,558.8979384512712,399.80185649165315,144.87003212276906,533.9823231604397,393.6290594361109,147.0701259070272,541.8325699240906,397.0082511264801,103718400,47100,95937000
2022-06-01,146.71493530273438,555.4132690429688,393.2066955566406,149.7042840674564,558.849620844842,399.59069455292314,145.6987397803345,528.5133176080141,390.6530900987482,147.8889577936666,544.7752540260288,398.5635160372781,74286600,54200,86585800
2022-06-02,149.18141174316406,582.9908447265625,400.6947021484375,149.2406043897797,584.0459022801874,400.7426904641895,144.88976421455953,556.303820290723,390.75868914540524,145.8467521457281,561.4243765249162,393.0434954756037,72348100,40600,79609600
2022-06-03,143.42959594726562,583.687744140625,394.11865234375,145.98484505836583,594.9646537084978,397.4786544251359,142.52194041547213,579.8545496265835,393.1298529031036,144.92919288462284,581.9454044816556,395.9042393873492,88570300,48500,71874300
2022-06-06,144.1793975830078,615.4082641601562,395.3186950683594,146.576804737733,623.8199525910709,399.94587616047437,142.9560278981118,591.4993172609755,394.1282742826488,145.0574568165146,594.8194578367153,398.189087776276,71598400,82600,57508900
2022-06-07,146.71493530273438,614.6434326171875,399.110595703125,147.00103808191767,635.096705368877,399.57140648678205,142.16678177736554,605.3122184665245,391.305787005219,142.41342781441574,608.7775190204845,391.7762071688137,67808200,62600,59272400
2022-06-08,145.97500610351562,611.8751831054688,394.7714538574219,147.85937050052127,626.8110017265193,399.18746254339834,145.48171399929922,601.5953129746345,393.9650568568878,146.58668349543828,611.8074178952935,397.3730473195264,53950200,46700,64350000
2022-06-09,140.7263946533203,570.6200561523438,385.3826599121094,145.9651552761212,613.8787698123328,395.2706548019458,140.61786976990277,569.7004700303394,385.3826599121094,145.10683168714428,613.8787698123328,392.9666591214581,69473000,69800,86289800
2022-06-10,135.29031372070312,563.6990966796875,374.208251953125,138.8716045946932,579.9514024228536,379.9490665450507,135.22124559178127,556.5845182095123,374.1602636380618,138.39804833237955,563.0505712618476,379.085071795644,91437900,43700,132893900
2022-06-13,130.11073303222656,534.3016967773438,360.0002136230469,133.3861848467611,558.1428755631132,366.53781515869,129.6766335624987,532.3948184003643,358.36820093586545,131.0874417850336,550.5636898068493,364.6562222452834,122207100,54100,170004900
2022-06-14,130.97889709472656,551.6671752929688,358.9154357910156,132.09374192288612,551.6671752929688,362.8226454401524,129.71607067613803,535.0567840159198,355.7666348531486,131.34394344124865,535.0567840159198,361.7762482546762,84784300,47800,104011800
2022-06-15,133.61306762695312,533.3532104492188,364.0321960449219,135.49744673257783,566.6418215565506,368.5441807514214,130.38694869575667,530.1395324726543,357.23537619713073,132.48836243769395,557.8042218910966,362.26576936924914,91533000,51100,125666800
2022-06-16,128.3151397705078,516.5103759765625,351.98419189453125,130.61388278319032,528.3196585483108,356.10260241148677,127.30881966252552,511.3511223564284,349.51698347713915,130.30804408715656,523.963779990891,355.6898092108188,108123900,51800,134473300
2022-06-17,129.79502868652344,480.26947021484375,352.7430114746094,131.29464104445037,522.3181886686039,356.1368297100456,128.06850615371286,476.9977168642907,349.1853340548797,128.32502770748565,522.1827173544932,352.40558336804133,134520300,134100,111113900
2022-06-21,134.04721069335938,499.7644348144531,361.6228332519531,135.221248477428,506.3563284062135,363.03048045433957,131.53143264644947,474.1906053759827,358.4797027833649,131.63008204890883,491.6625057460018,358.5568510654798,81000500,42300,76811900
2022-06-22,133.5341796875,489.37811279296875,360.9671936035156,135.9118362074978,497.6929677115771,365.14193929698536,132.1134960074851,481.05353915138505,356.9081114778722,132.9816798809872,489.1167411793326,357.3323387281696,73409200,28900,90059400
2022-06-23,136.41500854492188,504.73016357421875,364.5055847167969,136.7307076769902,508.17614515431956,365.2479676651819,133.81042672551413,491.68190620019396,359.52095884838485,134.98446439237523,494.2276504232082,363.13651180694967,72433800,32100,79292100
2022-06-24,139.75949096679688,534.1469116210938,376.0946350097656,140.0061369631152,535.066497862355,376.10428590004165,137.8948478367934,510.86717088383637,367.69691872080415,138.0230935181066,511.8641524335495,367.72584196818616,89116800,76800,98050300
2022-06-27,139.75949096679688,544.8720092773438,374.6581115722656,141.56494146633628,549.8861021799561,377.3287898262571,139.07874560830598,523.2474670991484,373.5493477192666,140.7855316876873,537.2346883530876,377.02990642475606,70207900,34200,66009600
2022-06-28,135.5961151123047,526.5774536132812,367.00274658203125,141.49588355408835,560.195146038416,379.0642414391702,135.47772984284862,523.7703075261978,366.88705358770477,140.22319674520142,542.2102453995852,376.2392962750587,67083400,35700,86548900
2022-06-29,137.3621063232422,534.1469116210938,366.7038879394531,138.78278990100551,541.0969512396778,368.56468571175714,134.83645332014265,529.9846391968662,364.8527410584764,135.6158632251475,529.9846391968662,367.5619934109985,66242400,22200,65676000
2022-06-30,134.88580322265625,545.8399658203125,363.72467041015625,136.51366125405357,548.9664995183642,367.0124171513045,131.97538262351003,525.1253212219847,359.2028159576094,135.40869168384842,525.1253212219847,362.75087194994956,98964500,39400,112508300
2022-07-01,137.066162109375,556.642578125,367.57159423828125,137.17468699446417,561.5018217273654,368.0151232861389,133.8400419922467,540.3612643824622,360.3983342745425,134.21493382375945,540.3612643824622,363.05939086789806,71051600,35400,74839700
2022-07-05,139.66085815429688,563.544189453125,368.2657470703125,139.71019037554066,565.8673482284712,368.2850488500714,135.09296845138468,542.9844528887243,359.53057363850786,135.92171062767136,560.0691404727302,362.40374359533286,73353800,39000,81438000
2022-07-06,141.00262451171875,563.8926391601562,369.5095520019531,142.1865226454718,566.6513975596891,372.0356138988853,139.18731303635866,548.3082980498534,365.99041929614805,139.4536950090296,565.3155901410482,368.41040966139263,74064300,26700,70426200
2022-07-07,144.38661193847656,558.5205078125,375.0437927246094,144.5839257789304,572.7981117817104,375.8536732365667,141.3577910455227,553.3515051936979,369.5288668754652,141.36765146861703,565.4511695743847,371.31254594959285,66253700,24700,64525900
2022-07-08,145.0673370361328,565.0348510742188,374.7352294921875,145.57050462277482,573.9692818916672,376.63460128325914,143.05471185180627,558.3364945670946,371.8331360418912,143.31121832945087,559.9723712733557,373.3853994256189,64547800,26200,72397800
2022-07-11,142.92645263671875,554.6485595703125,370.4543762207031,144.67271093962017,572.8367519738449,372.9997101260884,141.85107943859236,549.6731638967939,369.7505380070242,143.71572303183265,566.0028645803999,372.01629034364663,63141600,20900,58366900
2022-07-12,143.90318298339844,551.1251831054688,367.1763000488281,146.45843264319691,578.3542727687071,372.31522298885375,143.10405212913633,540.1677198663493,365.40227208025624,143.80451853424552,549.053706367882,369.8952032127752,77588800,44500,62219200
2022-07-13,143.53814697265625,560.7274169921875,365.24798583984375,144.4852594159091,571.8300387296326,368.22722751857947,140.2133478360652,540.1386127732544,361.22750722699084,141.0716863644841,546.8950452773211,361.6517344824475,71185600,27600,84224600
2022-07-14,146.47816467285156,497.8478698730469,364.3609619140625,146.95172089729192,526.5773008130544,365.4600746934587,141.32819368805968,468.28596680982525,357.7372737211417,142.14706042132838,520.7597737537844,360.2151102755867,78140700,216800,89704800
2022-07-15,148.15533447265625,484.95452880859375,371.3221435546875,148.83607991941642,509.89921479495223,371.43783655072843,146.21176256532723,472.2353479455777,366.8967099154354,147.77056727067165,508.3117247129718,368.83462644601656,76259900,138600,79060400
2022-07-18,145.0969696044922,479.6210021972656,368.2561340332031,149.53659924142286,498.4867892631238,375.1401315958567,144.7319231531239,474.30683910586066,367.0123755715193,148.71773241301017,496.5702213496051,374.455595137976,81420900,125900,63203600
2022-07-19,148.97422790527344,489.82342529296875,378.2060852050781,149.2011380770062,497.06387469595023,378.78457952242417,144.9391017690307,476.8913188910706,371.5727758929658,145.93554648323237,481.4504639085446,372.23801052095405,82982400,989600,78506000
2022-07-20,150.98683166503906,484.228515625,380.6164855957031,151.65771671503967,494.6245366725131,382.0530853318939,148.35265379150255,472.33211863404335,377.01058347855724,149.09259190386942,494.6245366725131,378.39895818724943,64823400,111600,71843800
2022-07-21,153.26585388183594,485.0706481933594,384.492431640625,153.48290359938562,488.43920502866075,384.54062725149555,149.9015983138952,477.2494389776186,377.5891312579372,152.42725133184126,483.8800602522372,380.0284235216753,65086600,57900,64903900
2022-07-22,152.0227508544922,480.9567565917969,380.925048828125,154.18337259135419,492.0303704620071,385.8325562859645,151.35188084612065,476.7364083435983,378.66894711071706,153.30531328387983,488.82638208325113,384.6177503910204,66675400,63000,72197300
2022-07-25,150.89801025390625,478.2851867675781,381.3878173828125,152.95996707063225,489.79440140680657,382.25554421114276,150.23700082216484,471.3835631978828,379.1124140795924,151.94378681917107,485.76762966069396,381.56135686378946,53623900,52700,53631500
2022-07-26,149.566162109375,485.632080078125,376.8756103515625,151.03616284792213,491.72060915674126,379.93194128686065,148.77689178411194,470.6962338020188,375.9693093958945,150.21729620269366,483.45414076461174,379.71982767120545,55138700,86700,52946400
2022-07-27,154.68653869628906,490.9268798828125,386.6617736816406,155.21930262420085,498.48671711672205,388.43580178960383,150.11866383304508,479.2144006634386,379.9223617415999,150.53302741359812,485.6320663860804,380.22124515295263,78620700,45900,82342100
2022-07-28,155.23902893066406,490.8010559082031,391.5113525390625,155.52513172309773,497.8513746351806,392.21516132940053,152.3384689919664,483.8863048879242,383.8752919748946,154.87398254214926,490.89790687285347,387.48122335793374,81378700,46900,73966600
2022-07-29,160.3297882080078,496.8150939941406,397.21917724609375,161.4347727162901,500.4467832777235,398.22189903141617,157.36017527279864,482.288336859809,392.18632538255275,159.0768371497888,487.9731364229487,392.96728261797716,101786900,54600,87003700
2022-08-01,159.34324645996094,504.5143127441406,396.0428771972656,161.39534388845098,513.3078600604752,398.5882408440128,158.73156892840237,494.07441726841455,393.75785221915515,158.84995424313402,497.8997791087257,394.4809628792381,67829400,40800,69997500
2022-08-02,157.86334228515625,496.6117248535156,393.4300537109375,160.23115354553508,512.7267558218231,398.1929450442776,157.48845050250915,491.00441757718306,392.2345201437415,157.9521463098053,512.7267558218231,394.4520477777563,59907000,42100,63435400
2022-08-03,163.90126037597656,491.4692687988281,399.5909729003906,164.3550807397493,505.3471514150917,400.7768555826929,158.59343183685212,474.92811776136756,395.30050443651714,158.6822208140143,501.0278409195555,395.58973693867654,82507500,93800,67820600
2022-08-04,163.58551025390625,485.53265380859375,399.3210144042969,164.94700115452574,491.87599262741765,400.2080136968768,162.22401935328676,481.55230696936934,397.6530285057676,163.7828240667592,484.75787569213537,399.51382626538214,55474100,37900,45656600
2022-08-05,163.35829162597656,483.9734191894531,398.6460876464844,163.852268903255,488.3701925147271,399.30170091716457,161.03659239277184,478.41452305520204,394.9148413453669,161.24406948222443,482.3851758174224,394.9726878443417,56697000,40900,56814900
2022-08-08,162.8840789794922,482.4142150878906,398.18328857421875,165.7886680742243,493.6676043012184,402.64729645321535,162.22215117031726,480.52572493663365,397.0648738817108,164.36601096047863,483.27612059793955,400.3622714599195,60276900,35600,53886100
2022-08-09,162.93345642089844,481.8912353515625,396.6021423339844,163.8226245272971,490.48138574855983,397.9519431614104,161.28357419373464,477.9690230179625,395.5126507800241,162.04430338948927,477.9690230179625,397.44094608304727,63135500,32200,44931800
2022-08-10,167.20144653320312,483.4795227050781,404.9322814941406,167.30023295092772,493.6191999710864,405.07692715160556,164.8896212485773,480.49667880597224,401.7795298987324,165.6602246517888,488.4960888797649,403.7656713084555,70170500,39600,68665700
2022-08-11,166.4604949951172,483.9249572753906,404.9322814941406,168.93038177724253,492.04057592909413,409.71447407098736,166.16410556626363,482.79185736292163,404.18024765379346,168.01157605529576,492.04057592909413,407.82472386831364,57149200,27400,59489700
2022-08-12,170.02699279785156,487.42108154296875,411.78741455078125,170.09614178090018,488.56387549310415,411.8934566554667,167.3595033161668,481.43606507760774,405.9350320019069,167.77445751442195,486.2880111092581,406.89917952863624,68039400,32600,61694500
2022-08-15,171.1038818359375,490.8010559082031,413.4842834472656,171.3014697666332,493.3480855492062,414.01458222725773,169.28604875354864,484.1090591511435,409.48307719998263,169.4539992483896,484.1090591511435,409.5409236962077,54091700,34900,54048300
2022-08-16,170.94580078125,501.2699279785156,414.294189453125,171.61761781721378,506.10254536350567,416.2514076867015,169.59230766429783,489.8035077815333,411.57528646162086,170.6988121058942,491.00437687890064,412.3948177152447,56377100,44600,59289000
2022-08-17,172.44749450683594,503.681396484375,411.35357666015625,174.02821296907027,508.96909785864955,414.1014032649982,170.49134843763704,494.8684623447146,409.3192393028789,170.6889363610423,498.59703186479,410.64011683604195,79542000,36600,63563400
2022-08-18,172.05227661132812,517.3462524414062,412.549072265625,172.7932425141762,518.275927061693,413.24323019281263,171.0346846440826,508.58178751751115,410.24474570468794,171.65710082647178,509.0175429410077,411.5559721317475,62290100,25700,49023200
2022-08-19,169.45399475097656,510.5476989746094,407.0052185058594,171.6472553959717,516.0872662620903,410.0133538409227,169.24651763050733,501.20218763742207,406.1181899058931,170.94580092437732,516.0872662620903,409.7433937319669,70346300,33800,68016900
2022-08-22,165.5515594482422,503.69110107421875,398.5303955078125,167.81396884774634,509.91829004876104,402.27129270797434,165.1267311315286,497.37684376213963,397.6144435663225,167.6460183748566,499.8172989229553,402.0977237872275,69026800,26600,77695600
2022-08-23,165.21566772460938,498.6357421875,397.5662536621094,166.6778516006668,508.0878274638497,400.5261937434453,164.64265216372087,491.3917226210628,397.0070315981929,165.06748054291108,507.41959432949034,398.09652305261255,54147100,28800,49105200
2022-08-24,165.5120391845703,493.47393798828125,398.8388977050781,166.0850546832161,505.37623240392907,400.2272429952455,164.24745845479734,491.9728515426844,396.6406426457649,165.30457715272786,493.6482815390309,397.33480057912567,53841500,17700,49177800
2022-08-25,167.98191833496094,491.36273193359375,404.46954345703125,168.09059394325084,496.5245897173073,404.5177390645968,166.32216185379593,485.5617228196468,399.24385084990735,166.74697509302598,491.0915669722097,400.3526146349462,51218200,22100,50942300
2022-08-26,161.64913940429688,478.79229736328125,390.7785949707031,168.98965049238348,488.78668490668844,404.903349024839,161.58986453568383,476.8747545714376,390.7207484784129,168.51543646848708,487.934443665869,404.35380734808155,78961000,29800,103087000
2022-08-29,159.43612670898438,480.0608825683594,388.1946716308594,160.93780692739824,481.6200735503245,391.2895765404043,157.89491986245918,470.65720775867493,386.8159479131101,159.20888628482342,476.2645439372196,387.7800953112749,73314000,35600,65370800
2022-08-30,156.99586486816406,473.0589904785156,383.93316650390625,160.60189303087512,481.62978283545755,389.61200938393006,155.8201965138857,469.45635363767195,381.80240877431163,160.17707980033242,480.90344500105164,389.37097250970385,77906200,49900,85652400
2022-08-31,155.32623291015625,459.3650817871094,381.0118103027344,158.6457611720159,476.09023971306516,386.85454192635757,155.24719472832723,457.1279636468465,380.87684494998143,158.37900919271698,471.5482048089529,385.5915110276717,87991100,49900,76029700
2022-09-01,156.0573272705078,459.38446044921875,382.20733642578125,156.5117779795205,463.18076952686494,382.55441537667303,152.80694794412756,453.7771242688017,376.05607112623613,154.75321986205336,461.8443327796319,378.80389718124053,74229900,32400,78740100
2022-09-02,153.93319702148438,450.8524169921875,378.1772155761719,158.42839326812575,465.4178900356993,387.16307756570666,153.10331881210172,446.45564380820093,376.33569027365184,157.825740385719,465.4178900356993,385.928969911344,76957800,28200,99632100
2022-09-06,152.66859436035156,437.574951171875,376.7502746582031,155.1977552477119,450.6393677605676,379.9897960329927,151.8387162707467,436.5387316582639,374.494173110022,154.5852283351447,450.6393677605676,379.0352994535361,73714800,31600,76637400
2022-09-07,154.0814208984375,443.2500915527344,383.5185852050781,154.78286029004315,446.6493621106781,384.2995423136426,151.75972133468971,430.9895052337087,376.2103602189301,152.95515314889423,435.80270518202065,376.43209530935815,87449600,48300,70964200
2022-09-08,152.59947204589844,441.71026611328125,386.0254211425781,154.47657973003214,441.9620431387186,386.4881931599861,150.84089901314317,435.80271232415674,379.98984774565156,152.77729663545207,441.9620431387186,381.2143340297595,84923800,36600,80821700
2022-09-09,155.4744110107422,444.9448547363281,392.02239990234375,155.91900264197233,447.7824073189861,392.8997777040775,152.88597477553475,437.3618715435057,388.03081492017793,153.59730329551388,443.37596981498854,388.3007750573692,68028800,27500,76706900
2022-09-12,161.46141052246094,450.8524169921875,396.2357482910156,162.28141463666398,456.30479758784776,396.9685098972069,157.38116833912534,448.5862465550036,393.8157283510053,157.66766853565863,448.5862465550036,394.1242626508174,104956000,52700,69256300
2022-09-13,151.98695373535156,420.9757385253906,379.0064392089844,158.60624748496193,446.45566810882565,388.64791550825413,151.5226138010885,418.24470109804605,377.8687520672987,157.97395705373035,446.281354116807,387.42342918723847,122656600,67900,122947100
2022-09-14,153.43922424316406,428.9751281738281,380.45263671875,155.20767139298664,432.4518616578548,381.9952787142722,151.75970446301844,421.2759354624376,377.0973925852478,152.9254836377698,424.78172127706426,380.3272928269931,87965400,49000,85023700
2022-09-15,150.53465270996094,416.6758117675781,376.13323974609375,153.3700929479772,428.44247898382156,381.76385794092965,149.55658720563852,413.13127952590065,374.84128555218655,152.78718821838976,428.37468035825844,378.87141527364383,90481100,44600,87633800
2022-09-16,148.884765625,418.7579345703125,373.2637023925781,149.52694520493873,420.7626339317162,373.93169924798343,146.58282943689548,406.95252218172584,369.9237181155516,149.38863215425823,412.33710388088764,371.88900563530217,162278800,70900,103084800
2022-09-19,152.61923217773438,421.9344787597656,376.1583557128906,152.6982703598037,424.03602920946497,376.1583557128906,147.30404633975175,412.0756604168485,369.991512412262,147.51150837706584,415.4361846111341,370.06897759792713,81474200,37400,73278500
2022-09-20,155.0100555419922,417.7507629394531,371.84063720703125,156.1758496949124,421.27593668790877,373.80589547155324,151.23607717827795,411.88195570307835,369.0428201563846,151.5522147803481,421.27593668790877,372.7797032473781,107689800,25100,77274900
2022-09-21,151.86839294433594,414.4580383300781,365.3543395996094,156.8279296043556,425.1400454058035,376.89417190872797,151.749843208038,413.20875855305036,365.3446490641752,155.44478402258142,417.83795043276723,373.7962140899454,101696800,31600,106746600
2022-09-22,150.90017700195312,408.5214538574219,362.2853698730469,152.609334080057,417.39246381997026,366.235237436482,149.09221844303838,408.4246324530231,361.5302468295529,150.54451277601925,414.4871123736897,364.57009052719906,86652500,25100,89472600
2022-09-23,148.6180419921875,400.47357177734375,356.21539306640625,149.64552348608453,406.74914058609954,358.8002251910666,146.77057123248107,393.91717365094286,351.70400570095296,149.3688973319572,406.74914058609954,358.761492594022,96029900,43900,122346900
2022-09-26,148.95394897460938,400.560791015625,352.69140625,151.91781336580678,405.21906504003255,358.40323726798573,147.83755522992698,397.69418585463546,351.4522292510325,147.85731854686657,397.69418585463546,354.72443886163836,93339400,30800,92581200
2022-09-27,149.93197631835938,396.82257080078125,351.7911376953125,152.85632840448,411.0006995362396,358.587246145266,148.14378100395362,392.25148350710896,349.3611768300736,150.90018262642735,404.79292862216846,356.283144064264,84442700,43100,108294100
2022-09-28,148.03509521484375,409.654541015625,358.71307373046875,148.82546181143707,409.87729525920133,360.42661433893534,143.09532282987175,394.53704365284733,351.0359840028865,145.86159838045387,400.74478503924314,352.7592151460102,146691400,41300,110802200
2022-09-29,140.76376342773438,405.7226257324219,351.219970703125,144.9526962468605,408.7829326394817,355.40217553713336,138.98544218022843,397.1324751423445,348.22852000794325,144.34016923521585,408.7829326394817,355.11175490432606,128138200,34900,112952300
2022-09-30,136.53533935546875,398.7401123046875,345.788818359375,141.37632653082102,412.4436801885991,354.2404120799867,136.3377514263711,397.12278705766477,345.6532985984939,139.5782417035492,404.81228595428746,350.26147272176104,124925300,40300,153711200
2022-10-03,140.73411560058594,415.4652099609375,354.9180603027344,141.34665764197294,419.7651319808581,356.7961921894755,136.03145760455521,399.68914511156356,347.7540669994049,136.5451981658829,402.9722060618753,349.56442423539596,114311700,31600,89756500
2022-10-04,144.3402099609375,426.0503845214844,365.9158020019531,144.45875971922334,426.0503845214844,365.9448440617728,142.52236157558474,418.75795406941904,354.87937610577814,143.28309103290647,421.94416421416804,360.5234330556987,87830100,38200,103602800
2022-10-05,144.63653564453125,427.0285339355469,365.06390380859375,145.60474192776582,430.49557346246456,367.3583154288705,141.28737042596904,416.64674416887124,359.1197350480789,142.33461487977314,424.7817218502394,361.4819213304329,79471000,44800,88065700
2022-10-06,143.67822265625,425.8470153808594,361.2979431152344,145.76280735519018,430.2244005934559,366.64188901937325,143.4707606431982,420.55928441866695,360.7945080110679,144.0536502084257,423.454941686455,363.6407480970532,68402200,32000,82333500
2022-10-07,138.40255737304688,425.5371398925781,351.219970703125,141.37631039018268,429.7111591449773,361.3851064718136,137.77026702712604,418.5836724593915,349.4289646826356,140.82304314688486,425.84705114288374,357.20287209348857,85925600,38600,107789500
2022-10-10,138.7285919189453,434.0498046875,348.5382995605469,140.18088647902582,439.986410608258,352.5946752359175,136.90088483805593,422.534914779708,346.2632689518982,138.7285919189453,427.890444526023,352.35264818867256,74899000,31200,76042800
2022-10-11,137.30592346191406,429.827392578125,346.33099365234375,139.6473860701425,436.27727675732103,351.45229394251226,136.55508340726573,426.17634466153515,344.36573532635583,138.21483986753802,434.0498523247172,346.8150477182946,77033700,34700,92482800
2022-10-12,136.67364501953125,426.52496337890625,345.1885986328125,138.66931766793832,435.26037586343864,348.3446402814286,136.49582041546117,426.52496337890625,344.9368810895057,137.45413764848382,432.2484795729657,346.747267932371,70433700,28000,76991800
2022-10-13,141.26763916015625,442.5818176269531,354.2984924316406,141.86040289815247,444.18944878240995,355.7893870513574,132.7514599268568,417.36336180018526,337.00806787188105,133.36400205360843,417.36336180018526,338.07299260025013,113224000,31200,147254500
2022-10-14,136.71315002441406,419.66827392578125,346.2245178222656,142.77919011754517,442.9207764421292,358.4517283217803,136.52543625536936,417.56675320290844,345.57587237086454,142.571713037288,442.9207764421292,356.7962421353168,88598000,45700,123737000
2022-10-17,140.6946258544922,427.1059875488281,355.12139892578125,141.17871398682112,432.1419414835174,356.2444077994036,138.5804034985276,419.2518689399814,345.88563993610825,139.37077023650323,424.7139138630648,352.40101769231205,85250900,39300,93168200
2022-10-18,142.0184783935547,430.6601867675781,359.2939453125,144.93294154385023,433.96260599431946,363.476179179006,138.91630145112296,428.31652392594395,355.79905988906506,143.73752488075877,429.8951027188337,363.16637751238045,99136600,34800,97162900
2022-10-19,142.1271514892578,427.6095886230469,356.74786376953125,143.20401840140053,432.82952079743114,359.99103207629946,139.79557799531165,422.4186792230824,353.89193282529124,139.9832917841237,429.71110939483117,357.22222732280454,61758300,35400,79746900
2022-10-20,141.662841796875,417.18902587890625,353.7563781738281,144.1327288601269,430.30185143082343,360.7848523109757,140.93174979915452,416.43363581473494,352.98187398079705,141.29730333551188,430.30185143082343,356.29281662433755,64522000,32800,88283100
2022-10-21,145.49607849121094,430.3406066894531,362.3532409667969,146.06909396950246,431.15413103578203,362.8469560784398,140.93171797792078,415.5330213139389,351.94607739987106,141.14906919641035,419.7360925144211,353.47567541764914,86548600,32500,131038400
2022-10-24,147.64984130859375,438.3787841796875,366.78717041015625,148.42044484379466,440.4609467359316,367.93922159892765,144.24140027597528,430.6699268741443,361.21085739857824,145.41706889570315,434.3403327996806,363.9022267141735,75981900,31900,85436900
2022-10-25,150.5050048828125,454.832763671875,372.6441955566406,150.65320712247134,454.8618160041899,372.9636582410341,147.56090430315092,440.8096195856261,366.59351972534546,148.28210696285174,442.22354901622424,366.70968797421585,74732300,42300,78846300
2022-10-26,147.551025390625,454.2222595214844,369.83660888671875,150.159224928985,463.95068811923835,375.2192870230064,146.25679220294288,445.39499193274446,369.1879930691434,149.1416328980144,453.427729738016,369.4493715941543,88194300,40400,104087300
2022-10-27,143.0558319091797,465.665771484375,367.8617248535156,147.25463904177826,470.0455177096737,372.7216168581545,142.3939041231572,454.23198195370605,367.23243095583604,146.28644773572952,457.8268383384914,370.8531753240205,109180200,36000,81971800
2022-10-28,153.86404418945312,476.7798156738281,376.6133728027344,155.60283873819793,485.1129310615948,377.09742681466014,146.0394461076168,467.90411114019776,367.57124740527945,146.41485857865877,470.0067512734904,367.7551902933562,164762400,42600,100302000
2022-10-31,151.4929656982422,471.8962707519531,373.89300537109375,152.38213394751943,481.1692554456553,376.01316438485316,150.09007187381837,464.99723566807495,372.9733204411961,151.3151410933819,473.9795423101264,374.115680860722,97943200,40500,96631300
2022-11-01,148.83535766601562,461.2279052734375,372.25689697265625,153.57754286316361,476.0337074363698,377.93971604677756,147.33367749566185,454.54204449344803,371.0661429788046,153.21200447728674,476.0337074363698,377.6976890341328,80379300,40800,85407600
2022-11-02,143.28305053710938,443.3989562988281,362.91473388671875,150.3370455863596,474.3477402975282,376.23591282185697,143.2534131059143,443.3989562988281,362.80825616080404,147.15583065483594,471.721820502521,371.65675017682344,93604600,66700,126990400
2022-11-03,137.2071533203125,470.375,359.1777648925781,141.07993392854812,474.80318305932434,362.2660318307935,137.0787143855393,436.8584594479074,357.02856391275907,140.348842024828,436.8584594479074,359.62308630805427,97918500,76100,87100100
2022-11-04,136.93995666503906,476.38262939453125,364.3475341796875,141.18530623843904,480.73327883330177,366.7871562559489,132.9815825695617,469.9486786517245,358.2000410793273,140.61134018259497,475.76247673813754,364.97679861326054,140814800,38900,103505200
2022-11-07,137.4743194580078,464.5321044921875,367.8326721191406,137.70192172217736,477.7100511518601,368.43289439398984,134.25814076431703,459.30936231168204,363.5536214606553,135.6831577399827,476.3825721462704,365.66408995748435,83374600,56700,68286900
2022-11-08,138.0482940673828,461.2957763671875,369.8172912597656,139.9582022856921,472.85553679897936,372.83778378066086,136.05921655660495,455.01686433152463,365.6737898064811,138.9488277817145,464.6968278456475,368.955660876345,89908500,49400,84641100
2022-11-09,133.46649169921875,449.92974853515625,362.1982421875,137.1082042092965,464.9390250694414,368.98468856092535,133.18940668323467,449.06738401916385,361.6948071310658,137.05872150644203,458.3209991289799,367.81325663676944,74917800,46700,78495500
2022-11-10,145.34158325195312,463.82470703125,382.1025695800781,145.34158325195312,466.03394865826584,382.44141330729383,138.0482844536757,454.8327023915802,373.34120352324453,139.7701824699572,459.028342357459,375.6743179306232,118854000,49400,141455800
2022-11-11,148.1421356201172,454.42578125,385.80078125,148.44890717190938,462.72979914931636,386.61398853579925,142.86760074898706,450.3754800414463,381.0570277663643,144.3025233234953,459.522523377933,382.9738925042368,93979700,49100,93839900
2022-11-14,146.73692321777344,441.3544006347656,382.51885986328125,148.71611022108843,458.3210080924614,387.41748438480215,145.89576270136516,441.33503195633676,382.2381002476581,147.41974514991688,454.43544420611494,384.0097545789701,73374100,53000,71903500
2022-11-15,148.47860717773438,451.4898376464844,385.7814025878906,151.9916672429698,461.2182375408611,389.47958276693697,147.0140129756077,442.8660143339325,381.90897003458116,150.6359289335687,454.84245260385313,388.3565737811593,89868300,57100,93194500
2022-11-16,147.24160766601562,447.3717041015625,382.83837890625,148.31037043946992,456.0245651268018,385.0940578913666,145.75721744177326,442.4396401465096,382.1994239833156,147.57808092617586,451.48981043069784,384.12594974346285,64218300,39700,68508500
2022-11-17,149.1515350341797,448.56353759765625,381.66693115234375,149.90362066577504,448.56353759765625,382.354309181126,144.6290854455113,442.3815282109172,377.69771154386615,144.9061704203095,443.5346004104126,378.00748368483505,80389400,38200,74496300
2022-11-18,149.7156219482422,451.964599609375,383.3998107910156,151.1109526679862,454.3967142496257,385.12304185253674,148.4093661361424,446.0732685158876,380.50517731966283,150.72501173486566,454.3967142496257,385.05526720177244,74829600,36200,92922500
2022-11-21,146.46974182128906,461.8286437988281,382.00579833984375,148.8051832977112,464.8712117176159,383.1965820220451,146.18276632418628,449.4937235779027,380.1373566668558,148.59737709980914,454.7455035754977,382.0542214748178,58724100,54400,51243200
2022-11-22,148.61715698242188,467.4583740234375,387.14642333984375,148.85466487823868,470.10366249245834,387.31101471636714,145.4009778390681,454.9684146210814,382.54790986414645,146.58850221815237,458.77644483071924,383.98072048831693,51804100,42700,60429000
2022-11-23,149.49790954589844,464.0669860839844,389.5860900878906,150.2499952315402,469.3963003104788,390.0798051483823,147.7859017785828,460.5496339632177,386.57525841416384,147.8947576765046,467.45836786448086,386.80759491321874,58301400,27300,68261600
2022-11-25,146.56871032714844,465.0941162109375,389.4988708496094,147.33070163560777,467.79754041732104,390.06039002319216,145.58900721627217,461.4895604592609,388.73408681681116,146.76662602934562,467.36149376224154,389.0148168592916,35195900,22700,30545400
2022-11-28,142.7191925048828,468.1850891113281,383.2836608886719,145.11400724355855,472.7295430296333,388.0273844157478,141.88793749145825,464.4642623906554,382.5091567235635,143.62961681958598,465.18128792787553,386.36223739115604,69246000,49900,67881600
2022-11-29,139.70094299316406,464.1347961425781,382.6253662109375,143.30306351327533,472.4194450805971,384.6293274782321,138.8894839985245,457.5749058069871,380.75689516717284,142.78847055325895,468.01066082852867,383.4191923810261,83763800,46000,52310000
2022-11-30,146.48953247070312,476.5376281738281,394.67828369140625,147.17235443840406,478.1655140780822,394.67828369140625,139.08737692084236,456.48004293109284,380.93116707462434,139.92852238105422,466.69295630563187,382.8770441697149,111380900,52300,144566700
2022-12-01,146.7666015625,484.9676208496094,394.38787841796875,147.57807543623127,489.2407656726888,396.9243168865928,145.08429572427386,477.3127931878622,391.8417494142645,146.66765127789708,477.3127931878622,395.73353329997985,71250400,44600,76398200
2022-12-02,146.2718048095703,492.3027038574219,393.932861328125,146.45982998027435,495.63595021868514,394.8525462750853,144.1342793426155,476.9639511204075,389.3149964347865,144.4410659948155,483.9986557597776,389.421474142032,65447400,46800,85342700
2022-12-05,145.10409545898438,475.06475830078125,386.8463439941406,149.349444804822,489.2116710608893,392.0160381285961,144.25304447007545,474.87095322811444,385.47164692373747,146.23223141172429,489.2116710608893,391.0673110208208,68826400,40500,77289800
2022-12-06,141.42279052734375,459.2512512207031,381.2699890136719,145.767104768391,477.68100884887764,387.23353828278186,140.44308766615222,455.56919117342653,379.1498595166637,145.53950252387042,475.7721440885069,386.68173913539505,64727200,44700,77972200
2022-12-07,139.4733123779297,467.77813720703125,380.62139892578125,141.87801737065325,474.6481040904798,383.02231774299327,138.54309205811114,461.3441873759724,379.469347878487,140.7103042713057,463.55342915291993,380.4084139537357,69721100,31400,65927900
2022-12-08,141.16552734375,495.9847412109375,383.6031494140625,142.02648408244,497.1959490028139,384.68742577402145,139.63166927482092,467.555275468475,380.72786713538227,140.87855183085378,469.59980959782376,382.5382541247339,62128300,42300,60737900
2022-12-09,140.6806182861328,524.6177368164062,380.7375793457031,144.05513580994875,527.030453529283,384.9391652518936,139.43372078818393,497.57391241415775,380.6117205567009,140.8587378715548,497.57391241415775,382.34464245081466,76097000,56200,81447700
2022-12-12,142.98635864257812,521.2651977539062,386.22674560546875,142.99624914077572,538.5709238597716,386.22674560546875,139.592045361148,518.5520444590554,380.8634183577902,141.21497796538944,529.1913359902218,381.541076313997,70462700,50600,75405800
2022-12-13,143.9561767578125,502.01177978515625,389.1503601074219,148.40934778946271,529.5400865323412,397.3986293382426,142.73898090382795,501.58543224463165,386.3428529160915,147.94423760704595,527.7087260191098,397.1372508234868,93886200,60900,123782500
2022-12-14,141.71971130371094,495.12237548828125,386.66241455078125,145.1338063290708,506.76933894249646,392.56788056180767,139.69104132922158,488.8725314685331,383.6709637164792,143.83744108147044,500.26755424006313,388.80192543013936,82291200,49600,108111300
2022-12-15,135.0795135498047,478.7856140136719,377.2040100097656,140.3243621508591,494.6960533579571,382.64477347221,134.6144033940509,478.73717752782585,375.51951116327285,139.64154021581635,494.6960533579571,381.72505884664315,98931900,52400,117705900
2022-12-16,133.1102294921875,483.7176208496094,372.7506103515625,136.21755278733633,486.07223124968374,375.9697604170376,132.33834769339256,473.621009345695,370.58183480266615,135.26755138881947,474.80314932288576,374.6081913029361,160156900,127700,119858000
2022-12-19,130.9924774169922,482.9327697753906,369.58978271484375,133.7930286341792,500.054416306543,373.2855039461207,129.95341639612556,473.26250559180244,367.89754906598307,133.70396884953303,487.62256284478167,372.94510427376935,79592600,38100,79878100
2022-12-20,130.92323303222656,495.8200378417969,370.0955810546875,131.8633439087619,497.6223008580107,371.73919912766667,128.538308891753,479.6382897727767,367.4794093139092,130.0226992547034,479.6382897727767,368.8215381242692,77432800,33300,74427200
2022-12-21,134.04043579101562,504.99615478515625,375.6294250488281,135.3862835473447,507.50580354792373,376.77703128800573,131.36853637624424,497.6610727278979,372.1865766513119,131.5961386519474,497.6610727278979,372.73120434719226,85928000,32800,78167400
2022-12-22,130.85394287109375,498.44586181640625,370.2706298828125,133.1596975133203,499.54079832050854,375.6099399679533,128.94403468461323,492.08947567315477,364.4839237453781,132.95189133655217,499.40518800378027,372.53666684689404,77852100,31700,100120900
2022-12-23,130.48782348632812,506.58526611328125,372.40057373046875,131.0419935321367,508.6297708010414,372.54645086236036,128.290924304729,497.1475438664555,367.6545065063528,129.55760300943464,502.292752525132,369.2300388907549,63814900,15500,59857300
2022-12-27,128.67684936523438,502.2055358886719,370.9319152832031,130.04249330967795,513.745957952065,372.6338839830815,127.38048421797244,499.81221745077073,369.2299465833248,130.01280671088563,511.20727090883724,372.2837789540677,69007800,25000,51638200
2022-12-28,124.7283706665039,493.2522888183594,366.3220520019531,129.66644031626882,505.8004143748258,372.8673485838514,124.56014157673225,493.2522888183594,366.0886486295166,128.3205924980965,500.5776717643544,370.86386081050694,85438400,28600,70911500
2022-12-29,128.26119995117188,503.9012145996094,372.9159851074219,129.1221413689379,505.6938377436206,373.8010125170457,126.4007670949665,495.7910009504635,368.6756356327396,126.65805594050661,495.7910009504635,369.2105579642615,75703700,27400,66970900
2022-12-30,128.57785034179688,496.45953369140625,371.9337463378906,128.5976464358142,502.89348378570463,372.0796234733551,126.10387463947036,494.15341885546525,368.0435310989074,127.07367939638046,502.3314668011829,370.19289638803616,77034200,30800,84022200
2023-01-03,123.7684555053711,461.8674621582031,370.367919921875,129.53777972145332,501.362506903475,375.82393212052364,122.87781986866916,455.4141433025198,367.45996407626393,128.92423659950236,499.4148752535988,373.8204738038734,112117500,60800,74850700
2023-01-04,125.0450439453125,470.9175720214844,373.2272033691406,127.32111217332934,472.2159831777748,375.2890123867799,123.77836538537261,457.3520452554334,369.57039209711166,125.56952732872513,464.28014765399485,372.66310562357063,89113600,47400,85934100
2023-01-05,123.71897888183594,468.75677490234375,368.9674072265625,126.44036106917035,482.9036875469086,371.35988088700236,123.46169000194207,464.2317192405052,368.3644287144175,125.80702181866339,469.8614105806183,371.24317919819777,80962700,43200,76970500
2023-01-06,128.2711181640625,484.4831237792969,377.4285888671875,128.93414406697812,488.5043277925644,378.5664896409065,123.59034464347916,468.5048798196167,368.9965657572466,124.69869219835303,469.99706655009464,372.1087194761713,87754700,26200,104189600
2023-01-09,128.79559326171875,475.2876892089844,377.214599609375,132.02167786788954,490.4713752073009,382.89433836870296,128.53830437717716,473.4272608239365,377.02984174341753,129.1122704426922,485.72344605227516,379.655718478334,70790800,30100,73978100
2023-01-10,129.3695526123047,469.18310546875,379.8600158691406,129.89403595356941,481.09170809385483,379.92810175219387,126.78671300154889,466.0727323124757,375.66831174376694,128.90444246439094,472.070635328873,376.6214250665604,63896200,33900,65358100
2023-01-11,132.10084533691406,480.6169128417969,384.66436767578125,132.12062633545213,482.15756548247214,384.74218858021834,129.1023781585197,470.345865666795,380.6380114305353,129.8841504007418,472.8457853400321,381.46468788030154,69458900,28500,68881100
2023-01-12,132.0216827392578,473.9213562011719,386.0649108886719,132.862828219757,485.48111542795806,387.55291687190424,130.0721821844543,470.89818650412303,381.64953843227323,132.48679292847487,485.48111542795806,385.7828916834724,71379600,33500,90157700
2023-01-13,133.3576202392578,479.16351318359375,387.5626525878906,133.51595882992456,479.16351318359375,388.1461907486119,130.28988932008468,470.4331177459735,382.5442718936614,130.65603409850235,474.2605462891009,382.81658574466684,57809700,25900,63903900
2023-01-17,134.5253448486328,479.8902282714844,386.8526611328125,135.86128703391867,486.6826614887667,389.2451645213337,132.73418300243557,477.8553932585292,386.162156340182,133.42689544295402,479.64798671209695,387.5431956054255,63646600,39800,62677300
2023-01-18,133.8029327392578,465.2685546875,380.7450256347656,137.16754432165283,482.62271485248516,389.1381685306222,133.62479807195606,465.2685546875,380.54079767507005,135.39617874680306,477.5744087807791,388.05864820653454,69672800,41600,99632300
2023-01-19,133.86231994628906,463.38873291015625,377.9732360839844,134.8321173698302,471.3342382897231,380.3462395042257,132.37792966331844,461.0147538077384,376.63110740009114,132.68470123913258,465.8014493711872,378.67344616603674,58280400,32000,86958900
2023-01-20,136.4352569580078,468.4176940917969,385.0144958496094,136.58370504947536,468.9312450395729,385.17010797586306,132.82324656561806,459.5613280608809,377.720344381346,133.8722133053258,468.9312450395729,379.39313763860025,80223600,36800,91806400
2023-01-23,139.64154052734375,477.01239013671875,389.6341552734375,141.82854882417135,481.86689080535893,391.59870286950155,136.4649387224491,472.3807327742173,384.858913514311,136.68265050222374,472.3807327742173,385.8314671186957,81760300,37100,84178800
2023-01-24,141.04676818847656,482.051025390625,389.2160339355469,141.67021696013663,487.32220432182714,390.1399422169116,138.83997878878998,474.32836295274467,386.7262986375752,138.8498692883404,474.32836295274467,387.9322558250342,66435100,35000,59524900
2023-01-25,140.3837432861328,486.4403991699219,389.3618469238281,140.94780376437996,486.4403991699219,389.70224662614316,137.36547990253146,476.82827106311896,382.75819954684823,139.42383632315142,482.0509834839651,385.08261694038765,65799300,23700,84800300
2023-01-26,142.46188354492188,491.0558166503906,393.6410827636719,142.748859009156,493.397656616201,393.8064299403926,140.42330829899026,481.11272679339265,389.0506284309642,141.6800962423563,490.90945723592324,392.0655506277817,54105100,30800,72287400
2023-01-27,144.411376953125,485.298828125,394.5455627441406,145.69785156540507,491.05586057452325,396.9575065123276,141.59104444543297,475.41428114963264,392.3670520373797,141.6702137400347,491.05586057452325,392.5810150303639,70555800,33200,68346200
2023-01-30,141.51185607910156,476.19482421875,389.5952453613281,144.03532226694506,487.18199378506256,394.0106470417771,141.36342310922714,476.18508677689005,389.29375611794757,143.45146578544313,481.7664872054439,391.7445805196164,64015300,27900,74202000
2023-01-31,142.78843688964844,494.5002746582031,395.3235778808594,142.83791958375357,495.222334279783,395.3721936863914,140.79935942660674,478.6830655219875,389.77027573807646,141.21498687709317,480.26380673577603,390.1204104498357,65874500,52100,86811800
2023-02-01,143.91656494140625,506.4144287109375,399.5250244140625,145.0842930380827,511.97632485495666,402.3162782988523,139.84935044958516,480.82002260653,391.30696394401565,142.47176699297287,494.83205350297345,394.08845311480576,77663600,52300,101459200
2023-02-02,149.25048828125,513.156982421875,405.3409118652344,149.6067274198631,516.5721741980641,406.82891777283385,146.62805663314577,503.07727116098147,401.5479585399791,147.35045560866243,508.91235119488044,403.4735957851183,118339000,38400,101654500
2023-02-03,152.89219665527344,503.83843994140625,401.03253173828125,155.74223078414798,512.8252963797424,405.5257251687164,146.29160978319123,502.6187283510027,399.80710455544113,146.4895254643634,509.8784541193338,400.2933814146654,154357300,39400,94736800
2023-02-06,150.15101623535156,508.3172302246094,398.5816650390625,151.50676958668788,508.3172302246094,400.0016147936477,149.2109054384384,500.2378323311072,396.89916615339877,150.98228624419954,502.56993510800356,398.5427842611162,69858300,30700,60295300
2023-02-07,153.04066467285156,499.8670349121094,403.7945556640625,153.61463084963327,508.27815998778226,405.05886354754676,149.0723992420011,497.19340726600274,396.3837015384474,149.0723992420011,508.27815998778226,397.64800942193165,83322600,70400,90990700
2023-02-08,150.3390655517578,495.45654296875,399.379150390625,152.97138828573426,501.4380125000385,403.15266330098865,149.59687031398255,486.1672017933288,398.67891057550617,152.2786757504775,497.6422562909147,401.79109412714143,64120100,39500,76227500
2023-02-09,149.29998779296875,493.2513122558594,395.9168701171875,152.72398843499641,503.42857748661726,403.1915822564933,148.85467367449712,492.7731948946368,394.67200260628846,152.1797089124197,500.42319178664513,403.0359701076331,56007100,27300,78694900
2023-02-10,149.6666717529297,490.59722900390625,396.8408203125,149.99373802352738,496.18839714679115,397.2298358567524,147.89260151029114,489.494605061795,393.89398378681244,148.13047201337668,493.85629450418605,394.72063068835496,57450700,22100,70769700
2023-02-13,152.48143005371094,509.1855773925781,401.49932861328125,152.88777139634084,509.1855773925781,401.6355003768938,149.5774860679603,489.5921182946042,397.03531071743515,149.6072179924685,489.93364341595196,397.5021471755567,62199000,40600,64913500
2023-02-14,151.83718872070312,503.0773010253906,401.3145446777344,152.40212547908195,512.1226999818532,403.6583728108521,149.51800808989614,500.1890029401156,397.29789343155113,150.76679417039543,508.3757202916646,399.9529458498895,61707600,32500,88389300
2023-02-15,153.94825744628906,513.732666015625,402.6177673339844,154.11674338956908,515.2646306555907,402.69555856613965,151.52005454611242,499.6035484482547,398.2315409116889,151.74800433724963,503.31145913206393,399.08739286530573,65573800,24900,61555700
2023-02-16,152.34266662597656,508.58062744140625,397.07415771484375,154.93935535973205,515.7622736305764,401.5770853492004,151.985868430853,505.46792167061216,396.9380156529729,152.14443364408874,512.2690036222357,397.5701695173258,68167900,35300,76431500
2023-02-17,151.19300842285156,517.6065673828125,396.0822448730469,151.6390024643119,517.6065673828125,396.32538330756995,149.50813364230373,504.85325639511694,392.96032600418175,150.99479052920876,508.65872065982717,394.91516851534226,59144100,36900,89257800
2023-02-21,147.1591796875,506.570556640625,388.1364440917969,149.954101404135,516.90391815102,393.0672983662687,147.08981024225724,505.44839834305105,387.87386528332746,148.86388049557812,516.90391815102,391.9974833836442,58867200,45000,82655900
2023-02-22,147.58535766601562,507.3999328613281,387.6015625,148.61609957273427,515.2060856745793,390.1204730382441,145.85092499148843,505.0385883110612,386.1232618709262,147.54570502168832,506.69740769512094,388.5546461371831,51011300,35600,83742300
2023-02-23,148.07098388671875,557.066650390625,389.663330078125,149.00262439569616,562.0430494013765,391.16107093690334,145.93020998357426,508.4342881057393,385.3743651279737,148.75484830811928,508.4342881057393,390.5386223846908,48394200,69400,96242400
2023-02-24,145.40493774414062,551.0460815429688,385.5007629394531,145.88066363662452,555.3004802110769,386.3468797397406,144.42373891303,542.7520439407373,382.83597583418407,145.80137346736828,553.544048132686,384.5671198853405,55469600,42500,108194400
2023-02-27,146.60415649414062,565.3215942382812,386.8137512207031,147.84303695578296,565.3215942382812,390.27603963731326,146.13833623071892,549.6605114641228,385.8606380147899,146.39603304549414,553.5343459162896,388.89500047609044,44998500,34800,80444700
2023-02-28,146.09872436523438,543.3570556640625,385.3841247558594,147.75386713786767,565.7997472833329,388.3212261391017,145.52388191532287,543.3570556640625,385.2771284191281,145.741926124705,562.140612780191,386.3275029980239,50547000,68400,96438600
2023-03-01,144.01739501953125,538.8294677734375,383.90582275390625,145.9203138783818,551.3095329281566,385.8023142653845,143.72006063966762,529.4522816055086,382.58316402096443,145.52387812060013,543.8546428265737,384.5574467661524,55479000,42800,99706800
2023-03-02,144.612060546875,538.390380859375,386.8915710449219,145.40494716777042,541.9421947607457,387.7474230187989,142.61993083245534,533.9994198056801,381.56196627667657,143.09567187882521,538.8099544355371,381.9023659953753,52238100,38700,85127800
2023-03-03,149.68650817871094,536.6047973632812,393.096435546875,149.7657983517578,541.1128467090083,393.3493089763443,146.01942463285462,533.2676830743135,388.0780554911287,146.72310034368257,541.1128467090083,388.73938480514687,70732300,28400,90120000
2023-03-06,152.4615936279297,536.1851806640625,393.3687744140625,154.90962273726373,538.8880804325908,396.2669949641514,152.09488983458962,532.1454818429081,392.92140804726415,152.42194098250997,533.1700276017216,393.9328424695924,87558000,23900,72795900
2023-03-07,150.25143432617188,529.9402465820312,387.3389587402344,152.6598107789335,538.4489852624231,393.56332628194724,149.78561404449275,527.4032703989031,386.7165397940535,152.33274450947457,535.1411132692942,393.32018785234857,56182000,35600,108310600
2023-03-08,151.5101318359375,529.7547607421875,387.9710998535156,152.104800552819,533.9408481775795,388.73939583720204,150.47938986613707,529.2180996637628,385.70503331737797,151.4506679888601,531.3550363139634,387.455647626494,47204800,29800,74746600
2023-03-09,149.2504119873047,518.8359985351562,380.8130798339844,153.16527144816123,533.1505763548606,390.460824468176,148.89361378877035,517.1772384503047,379.8113508274083,152.1939933444496,531.7942427999128,388.76856104581975,53833600,41300,111945300
2023-03-10,147.17901611328125,510.9322204589844,375.3181457519531,149.59731347786158,523.6855299694123,382.3691590215758,146.29693372600934,507.42924267920415,373.7717891620058,148.8738114378205,518.62128586815,380.25870474927035,68572400,39200,189253000
2023-03-13,149.13148498535156,506.0729064941406,374.7832336425781,151.77773200211703,514.8450612812102,379.6752066466768,146.38612147623616,503.6920274788331,370.20251458750374,146.49514356859967,506.00459550956054,371.3306803028049,84457100,55800,157790000
2023-03-14,151.23260498046875,507.2633056640625,380.9784240722656,152.03539706221633,521.5192777988004,382.6512174148434,148.76476489554864,503.69201699355426,376.42685076712525,149.934260737341,515.8695961986933,379.7821724856615,73695900,48500,149752400
2023-03-15,151.6290740966797,496.6763000488281,378.5957336425781,151.8867558074207,500.47205660695806,378.79996162563214,148.5863761992532,490.44112044144646,373.1786019740623,149.84508307563596,499.4182091739379,375.29879176761926,77167900,54600,172996900
2023-03-16,154.46363830566406,493.4952392578125,385.2381896972656,155.06821263966182,495.7492635739038,385.5883244245357,150.29108181642482,489.3579876608502,375.687735965326,150.80646037730506,493.73918154118263,376.20318818271176,76161100,44100,143254200
2023-03-17,153.62120056152344,486.19647216796875,380.7337341308594,155.34572787019124,494.20755814051256,385.0390681236539,152.90760409745778,483.11303815341626,379.3279095702222,154.69159525762194,488.7920216190435,383.887082101071,98944600,117300,140553400
2023-03-20,155.9998321533203,500.9403076171875,384.39471435546875,156.41610932466375,504.6384507875927,384.8145311042811,152.77874273681294,488.64561192697585,380.81183715877046,153.69057212608058,488.64561192697585,381.5244918058211,73641400,32400,93055800
2023-03-21,157.86309814453125,504.74591064453125,389.4420471191406,157.98202582601422,512.2690529156952,389.9301798352219,155.1474668072705,499.95485061329276,386.1910665458158,155.9205421060661,508.3171996430299,387.81167073839634,73938300,26400,91524200
2023-03-22,156.42601013183594,500.04266357421875,382.8034362792969,160.69766769977065,510.81513319505564,392.9370765490643,156.40618380927145,499.76941963423457,382.76440711193425,157.8829348177373,504.78488719348223,389.2663386687201,75701800,19500,111746600
2023-03-23,157.51622009277344,502.4332580566406,383.8382568359375,160.11292398786247,506.8145114909351,389.812995949803,156.2773395529773,497.68129692164933,381.08518142676303,157.41711872342182,501.9649079308024,385.712669604511,67622100,26000,119351300
2023-03-24,158.82449340820312,512.552001953125,386.3570251464844,158.91368918214428,512.552001953125,386.4448854557238,156.4458486981132,498.88143807463183,380.1577340086036,157.44685878169065,502.96017538896433,382.53982392550034,59196500,25300,107682400
2023-03-27,156.8720245361328,525.5492553710938,387.0794982910156,159.3398802717359,527.9106596619882,389.4518460972365,156.46566804738902,514.5426100141075,386.17157852703133,158.51726169320153,514.5426100141075,388.6708158218264,52390300,21000,74010400
2023-03-28,156.2476043701172,520.7874755859375,386.2105712890625,157.0801435690118,526.9153343576762,387.07943194203085,154.59246181824673,518.7091421143618,384.3459009297945,156.56476504075383,520.9631664401985,386.3765197112767,45992200,30400,62871700
2023-03-29,159.33987426757812,523.2562255859375,391.8241271972656,159.6173823169816,526.9153600305945,392.0681935491023,157.9325076961592,518.8262549251805,389.2174854506173,157.95231889750627,526.905592809746,390.4378172098007,51305700,30600,77497900
2023-03-30,160.91571044921875,520.2605590820312,394.1182861328125,161.0247325377752,524.7686075377914,394.75285257505436,159.83541028637475,517.4991158666082,392.22432919899796,160.09309198521143,523.0903132808711,394.4990140808574,49501700,25600,69840000
2023-03-31,163.43310546875,522.1146240234375,399.67327880859375,163.53222195551984,528.8279211901039,399.9759186782355,160.46971306479455,518.7286737757797,394.94812838080907,160.99499717395898,524.4466672550618,395.05553305988553,68749800,47700,112062600
2023-04-03,164.69183349609375,527.4812622070312,401.1962585449219,164.81076119711048,527.5007370902649,401.60627330876764,162.759182739299,518.1333778110828,398.74582297619713,162.80874098907415,522.0266868837192,399.14609534593035,56976200,21800,67391100
2023-04-04,164.15664672851562,507.25360107421875,398.97039794921875,165.35587473056947,526.9153745200019,402.1432605296152,163.64126814290196,506.560843049631,397.57431577096986,165.11801932417455,526.9153745200019,401.8503630308558,46278300,46200,66601500
2023-04-05,162.3032684326172,519.177490234375,397.9258117675781,163.58180171406576,519.2848105456136,398.99970974386906,160.36071207007467,508.8050595762515,396.24663396644803,163.27456173694304,508.8050595762515,398.2284516799977,51511700,31800,65200200
2023-04-06,163.19525146484375,517.8211669921875,399.4779968261719,163.49258580459212,524.2905212413863,399.7611221026856,160.55891017442244,514.8060736607573,396.05129612076314,160.98507780038798,519.1775004084161,397.11542171281195,45390100,18900,63743300
2023-04-10,160.58865356445312,523.8416748046875,399.8880615234375,160.58865356445312,523.8416748046875,399.9661794407019,158.65600290264854,514.5914017829822,396.3344709125638,159.98407924224205,516.0745900351876,396.9592652843989,47716900,27200,63681000
2023-04-11,159.36961364746094,520.0849609375,399.99542236328125,160.91573431590425,525.2467583403354,401.4207613679206,159.08218486088444,517.1576534650562,399.2144220357877,160.90582871476735,524.0173392291364,400.52261397062836,47644200,27400,59297900
2023-04-12,158.6758270263672,518.1334228515625,398.3650817871094,160.6183832614872,526.3396152648688,402.3873202335203,158.35866634623534,517.1283520319255,397.7695741980063,159.7858591607215,525.6468572787337,402.0944227396003,50133100,19000,86420400
2023-04-13,164.08726501464844,524.3490600585938,403.6564636230469,164.32513554824666,525.227276110535,404.01767706083143,159.98409282917345,517.1576462330211,398.30651840616065,160.1922314364538,518.1334153768569,399.4682766371875,68445600,22500,85814800
2023-04-14,163.74038696289062,522.836669921875,402.67041015625,164.8405136022097,525.0613927713212,405.23799287170084,162.362752263478,518.9433602681742,400.3273792036949,163.12589186720774,524.3491002996474,403.0121089977852,49386500,27500,78161500
2023-04-17,163.76019287109375,520.377685546875,404.11529541015625,163.91877322117935,525.0516579790486,404.1348099922632,162.57087049156098,516.8454059221016,401.33293310728607,163.6214388455325,524.7198702570859,402.5825516069946,41516200,36300,66436400
2023-04-18,164.98915100097656,525.3150024414062,404.3788757324219,165.92079155848967,525.5980135770236,405.8530459937992,164.17643813231942,520.9728183322467,402.98282338586534,164.62244721163532,522.5145500805056,405.7163545394904,49923000,16600,63560000
2023-04-19,166.13885498046875,523.9197998046875,404.310546875,166.66413916449648,528.6425493917044,405.2282088953984,164.06743504696098,521.5779892331659,402.37753075391737,164.32513190006836,525.3151427481574,402.4361042915331,47720200,30600,55227300
2023-04-20,165.16754150390625,541.4834594726562,402.10418701171875,166.37669007657564,542.2640627260214,403.88099714278735,164.08724134206236,525.4222810206255,400.5323842670797,164.61252546197005,525.4222810206255,401.45007610210394,52456400,26600,75840400
2023-04-21,163.55206298828125,537.9415893554688,402.4166259765625,164.9693351136413,540.6640237484996,402.8852143197186,163.0267788318698,534.721562659459,400.4348083266132,163.58179491237593,538.8881165213867,402.4068537883278,58337300,27400,73457400
2023-04-24,163.8592987060547,544.8597412109375,402.83636474609375,164.12690113902568,545.2597803512745,403.2659238714071,162.43210589428088,538.9758247439529,400.85454733336536,163.5322324264354,540.7614989355153,402.2115406390004,41949600,32000,64332100
2023-04-25,162.31317138671875,546.8697509765625,396.44183349609375,164.83056990181737,554.9198452709489,401.40127832441146,162.27351874191552,540.5760289806176,396.3832599565924,163.72053781617427,544.0399970384744,400.835027718225,48714100,29400,97766700
2023-04-26,162.3032684326172,556.8323364257812,394.7626953125,163.80975151595447,558.4228447319457,398.16010990950963,161.3518165759181,545.7671488186704,394.1964744429607,161.6094983031377,548.98717475252,397.06669733849725,45498800,32600,80447000
2023-04-27,166.9119110107422,560.2114868164062,402.62164306640625,167.06057063521666,566.2665722150093,402.89499620424493,163.72055333888554,550.2108588693056,397.08620478360126,163.72055333888554,558.6293594830494,397.3400433377577,64902300,35600,92968400
2023-04-28,168.17059326171875,575.6813354492188,406.05804443359375,168.3390943239458,579.6562059482447,406.06781662104476,166.3866173772678,560.2213465801383,401.664850309275,166.99119168750394,561.2467908042245,401.72342384747225,55209200,33500,89335600
2023-05-01,168.08139038085938,580.6522827148438,405.6480712890625,168.9337407637692,582.7715419127317,407.70797711128876,167.13984423211144,572.6537229458061,405.4137473189756,167.77415043871505,575.544553911406,405.6090123285051,52472900,33300,62122300
2023-05-02,167.0407257080078,579.9393310546875,401.0888671875,168.83463734085763,583.601673961008,404.9744141452681,166.04962132707658,571.02274209009,398.1405564504506,168.57694052306178,582.849653809541,404.92558300006635,48425700,38400,103998500
2023-05-03,165.96043395996094,577.0973510742188,398.3357849121094,169.39956754565748,604.8139684705858,404.04694327623173,165.67302032909086,577.0973510742188,398.09171856999524,167.99220106828838,583.8263104473639,401.596507667564,65136000,44700,91531800
2023-05-04,164.31521606445312,642.31640625,395.51446533203125,165.55409674723404,677.9729894088688,397.60365810752245,162.848385570496,596.2001493865001,394.15744192262105,163.42322802207295,605.5074129098974,397.2717313971457,81235400,81800,94901900
2023-05-05,172.02603149414062,640.5097045898438,402.83636474609375,172.749533612693,655.2273894680792,403.9004903723121,169.2410148839893,631.1048019762247,398.94107564358524,169.45905910432936,644.7286717283974,399.2046565550603,113316400,72000,87844000
2023-05-08,171.9566192626953,636.72998046875,402.94378662109375,172.30351186374347,651.2328931067537,403.43191933921526,170.57898470464832,634.4251604703898,401.51844742629083,170.94568850577377,643.5273098763179,403.16833839700206,55962800,35700,50046800
2023-05-09,170.2420196533203,615.0196533203125,401.1767272949219,171.99626368287582,637.7359542764541,402.30919871611195,170.0735337075861,612.216745089335,400.9424331364878,171.51063216959898,637.7359542764541,401.3719922891204,45326900,46200,49220100
2023-05-10,172.01608276367188,615.195556640625,403.05120849609375,172.48190305646256,634.317889380365,404.70109953714984,170.3708457773496,613.3204534732398,399.16566116860974,171.48089302464294,620.1861553144652,404.05676074656657,53724500,34300,96142900
2023-05-11,172.20440673828125,618.4183349609375,402.3482666015625,173.0369308880872,619.2680533873123,402.64113430610377,170.63845981475797,611.8944883685427,400.2395297490981,172.30352323742437,615.2931832486978,402.1725459788378,49514700,29200,70157100
2023-05-12,171.271484375,617.2268676757812,401.82110595703125,172.7502630057861,619.5610152314052,403.8224680700693,169.71329075220336,613.1445832039772,399.36092766921416,172.31357141356355,619.5610152314052,403.6076884724081,45497800,33000,70439400
2023-05-15,170.77520751953125,618.2523803710938,403.2074279785156,171.906628592656,620.0102932675486,403.61744280865287,170.1797163677944,614.5314418903572,400.4934110513719,171.85700180601643,616.7776672362969,402.43616988319786,37266700,30000,54289400
2023-05-16,170.77520751953125,622.110107421875,400.51287841796875,171.83714806256677,623.5262255535536,403.02188763424687,170.50723498685275,610.9375153532254,400.50310623017407,170.69580768970172,618.1938317451784,402.084651403624,42110300,51100,57705500
2023-05-17,171.3905792236328,623.086669921875,405.3747253417969,171.62876362745493,626.9833936337207,405.9897475668828,169.13765582565435,620.4790981973647,400.89367037090864,170.41795757208934,623.19408435204,402.56307599694355,57951600,32900,87287000
2023-05-18,173.73281860351562,640.4510498046875,409.2797546386719,173.92139134908305,640.4510498046875,409.7093137984169,171.28140319908402,622.6764662496666,404.82798679518356,171.69824104214084,622.6764662496666,405.0525087696487,65496700,40300,97177200
2023-05-19,173.84197998046875,648.7718505859375,408.6841735839844,175.06272037880413,653.8112679957808,410.7343366649341,173.62363419943688,634.3861861821863,407.4443273832124,175.06272037880413,646.0177614635252,410.19740266925197,55772400,38400,103679700
2023-05-22,172.88919067382812,648.0687255859375,408.8502197265625,173.3953627585547,654.5534691967842,410.4122504188875,172.14483421414405,642.7656598776492,407.4443950827958,172.67084490080313,651.4087658358394,408.7037858664321,43570900,33600,60745400
2023-05-23,170.26907348632812,645.9005737304688,404.2617492675781,172.07538594402806,654.04565092018,408.78186298584313,169.99118159190851,642.3359289186458,403.8614768651625,171.8272670994411,643.5469341526218,407.1807733761806,50747300,32800,86383500
2023-05-24,170.54698181152344,644.6407470703125,401.3329772949219,171.12261940369976,651.1841452350459,403.021927320661,169.2369220607566,638.4294275695105,400.15170439240933,169.80262520604998,645.0900159430553,402.6314270827425,45143500,21500,89213700
2023-05-25,171.6883087158203,652.5612182617188,404.80841064453125,172.59144973527793,656.5165371834081,406.28258081763624,170.39808778863198,644.2794581878157,402.62158585257674,171.11267122079872,644.2794581878157,404.89627094850226,56058300,20500,90961600
2023-05-26,174.10995483398438,657.3075561523438,410.0509948730469,174.4474079846001,662.3567494571068,410.78319394499334,171.80741974539387,652.981115295108,405.3942195010396,172.0158462459514,655.305487166356,405.47230762634763,54835000,28100,93830000
2023-05-30,175.96588134765625,652.2095947265625,410.2071533203125,177.64316710040904,668.4801380070589,412.55018412002653,175.24137858755796,652.1705511927871,408.80132888183346,175.62844336557998,657.3075476771048,412.01325011353583,55964400,39000,72216000
2023-05-31,175.916259765625,646.271728515625,407.9324951171875,178.00046410534546,654.8171960828925,409.2699739212783,175.4299413812976,643.0586541693749,406.341177780377,175.99565961269718,651.5455266290905,408.35228208033544,99625300,57700,110811800
2023-06-01,178.73486328125,664.33935546875,411.80828857421875,178.76463632708965,668.7243920164218,412.88218649997975,175.59863787172938,643.6348943260051,406.89767467998365,176.36284805087817,644.9728657569909,408.16680781471985,68901800,31400,88865000
2023-06-02,179.58839416503906,676.0489501953125,417.7635498046875,180.41215044305542,677.6994484525052,418.5640648793524,177.91110856290692,666.7124197130867,413.8877745414444,179.66779400262783,669.8376309206549,414.42470865419926,61945900,45800,91366700
2023-06-05,178.2287139892578,650.0219116210938,416.96295166015625,183.55830143833987,676.1758911812777,419.42312970341555,176.70029356551757,641.1736938544768,416.2502672039309,181.25576664565278,669.4860355506994,418.11493766343403,121946500,53600,65460200
2023-06-06,177.8615264892578,666.6441040039062,417.87091064453125,178.76466761106187,667.5230902191919,418.4078447392131,176.0949063111125,650.0219894600659,415.8793207306928,178.61580235581204,650.0219894600659,416.54320389747755,64848400,45000,64022200
2023-06-07,176.4819793701172,650.1097412109375,416.4259948730469,179.84647030311896,672.2693578287249,419.42313680445363,175.9857416800345,645.324315991255,415.99643571315283,177.09730925974853,667.1518539864686,418.27115078167213,61944600,55000,85373300
2023-06-08,179.21127319335938,653.137451171875,418.94476318359375,179.47923062220013,659.2218052029692,419.40360909943047,176.12467438732125,649.1528049033924,415.71332719089963,176.56135080082998,653.1667189223773,416.4943275699493,50214900,55300,61952800
2023-06-09,179.5983428955078,650.60791015625,419.69647216796875,180.85877566456503,655.6082244254069,421.73686319451036,179.2708242183914,649.6215095587008,418.6909200392281,180.13427291189814,650.6567294751642,419.7550457060892,48870700,40900,85742800
2023-06-12,182.40704345703125,639.1422729492188,423.5039367675781,182.50629705263665,654.3385509419815,423.5820546871519,179.60827075983389,632.8625832625945,419.9601182399118,179.90601640267764,651.7407554599857,420.6923173213172,54274900,52700,76104300
2023-06-13,181.93064880371094,638.3707885742188,426.2960510253906,182.7643244394129,644.5235125475874,426.9501321559242,181.06720011987474,634.94282618105,424.31423346494773,181.42449184145724,641.6131302730089,424.987858971068,54929100,37300,95899700
2023-06-14,182.56582641601562,631.7688598632812,426.8037109375,183.00251796629055,641.4081423082739,428.63909470164236,180.6503563770028,630.7434156984108,423.2989216403373,181.99018893101425,638.1657406720401,426.6377624996344,57462900,49000,100612100
2023-06-15,184.61033630371094,625.8407592773438,432.0950622558594,185.1165084295681,636.984022868511,433.36419532994097,182.39712049072034,622.8815572953284,425.87625656500063,182.57577393042644,634.5620122542728,425.97385926819544,65433200,35400,110303100
2023-06-16,183.52854919433594,641.1347045898438,430.6232604980469,185.58298054193108,642.6680128581296,434.68980566142784,182.88344624177174,624.35629571715,430.143123064739,185.32492724572717,624.35629571715,434.11167306313797,101235600,71300,114121300
2023-06-20,183.6178436279297,638.3805541992188,428.38909912109375,184.69965317797735,647.5022562541055,429.5551727803794,183.02236755433236,635.3725926689417,426.28233768676193,183.02236755433236,641.1346433471596,428.6536890512717,49799100,41000,76160400
2023-06-21,182.57577514648438,648.4788818359375,426.19415283203125,184.014861399602,648.4788818359375,428.20291911206095,181.21607359601802,637.0621352819277,425.596403268636,183.50868927037342,637.0621352819277,427.38962205489645,49515700,33600,76982300
2023-06-22,185.5928955078125,661.145751953125,427.7326354980469,185.64252230545932,661.145751953125,427.84040925635145,182.28795068496888,643.9962205224867,424.8811463961788,182.35743123046893,648.4789551904544,425.22411455211534,51245300,34800,70637200
2023-06-23,185.2753143310547,638.7810668945312,424.4989013671875,186.148697594783,664.8374125384706,426.31170710564055,183.61788210573314,637.1793877239218,423.77379103337563,184.15382734264784,660.1984441806921,424.2245328702919,53079300,75500,92074500
2023-06-26,183.87591552734375,624.6199951171875,422.7645568847656,186.6349958367303,638.781056182404,425.87079741128355,183.83620803203,624.3074679958373,422.51958391373114,185.42417467718977,638.781056182404,423.9208221311058,48088700,45300,72823600
2023-06-27,186.64491271972656,629.6984252929688,427.3994445800781,186.9724314039452,633.2532944540519,428.02655981874335,184.2728972285419,626.9931553765309,423.1957001389276,184.491243018021,627.1005698042901,423.65625050804124,50730800,49200,72813700
2023-06-28,187.82595825195312,631.221923828125,427.614990234375,188.47106116590345,632.9505091908019,428.64386464663266,186.18837999717346,620.1665239364183,425.67479373545933,186.5158835329519,626.9345266490533,426.30190892756116,51216800,29200,75636000
2023-06-29,188.1633758544922,624.4246215820312,429.3004150390625,188.63977487015424,636.456646810089,429.46700981555455,187.51827301040888,623.5554111650627,426.78211564708164,187.65721893731777,631.2219519535979,427.1936534884178,46347300,22800,67882300
2023-06-30,192.51043701171875,621.1528930664062,434.366455078125,193.0165939677774,627.2567977587872,435.36593399282305,189.820822259396,619.7758187870763,432.2400766205529,190.188048421843,624.4245621381448,432.5634576750227,85069600,21100,104921500
2023-07-03,191.01181030273438,624.5320434570312,434.8662414550781,192.42112346606635,626.0165323119447,435.150388579681,190.31706545063716,615.3127024377092,433.7295632448823,192.32186987463191,619.6586949659331,434.01374027341325,31458200,25300,32793400
2023-07-05,189.8903045654297,630.430908203125,434.219482421875,191.5278827838796,631.8762939430042,434.9642098008132,189.18564042572623,618.1742183386438,433.0142046750028,190.12850409377413,623.7898113682763,433.02401316280765,46920300,32400,58418400
2023-07-06,190.36668395996094,624.6297607421875,430.8192443847656,190.57511043531196,629.639851171744,431.25039918109724,187.77632283358471,624.3074578397175,428.2715196529676,188.4115064167895,626.9931762739126,430.5840799154667,45094300,17400,80658300
2023-07-07,189.24517822265625,618.4867553710938,429.7315368652344,191.2202094723073,626.9736280528531,433.73932064209856,188.80850182246542,618.3402974026081,429.4865639152704,189.96969607727493,624.2293144952173,429.8099449554206,46778000,39300,86076100
2023-07-10,187.19076538085938,618.3109130859375,430.8192443847656,188.56038612953148,627.8721080314256,430.9956177367398,185.63257190372127,617.3147963232564,428.7908611252863,187.83586826290198,621.6412370360897,429.36899371492973,59922200,38800,62443500
2023-07-11,186.6647491455078,604.6187133789062,433.5629577636719,187.87557017699805,622.0318917887473,434.0627121973904,185.19588999765614,600.6340672427779,430.6036950179592,187.7366242460387,622.0318917887473,431.59339539722845,46638100,38400,64463800
2023-07-12,188.342041015625,600.6047973632812,437.0513610839844,190.2575110663078,611.6993021842873,438.4820247449854,187.05182010303508,600.1458122452585,435.9636954621891,188.25270672963643,609.6679055820669,437.41394619517615,60750200,54500,91924500
2023-07-13,189.1062469482422,610.8690185546875,440.5201721191406,189.75136501356704,616.4846109886661,441.3236906029148,188.35197113238655,601.7961958899609,438.45261469568896,189.06655459750118,601.7961958899609,438.89354808025354,41342300,26800,72425200
2023-07-14,189.25514221191406,614.3262939453125,440.2458190917969,189.74144548057956,616.0060599000896,442.2839810279948,188.20312067891533,609.5212572662998,439.47169613975444,188.7985968506641,613.056634085953,441.4217012998632,41573900,19900,69761800
2023-07-17,192.53030395507812,620.3423461914062,441.7744140625,192.85782264696726,624.307440732172,442.84249253249675,190.36669975701497,615.5080412206363,440.04979493094777,190.4560189064468,616.9046076151342,440.0988074631404,50520200,31300,52680200
2023-07-18,192.2722625732422,612.3534545898438,445.05706787109375,192.86775389428135,628.1356833055094,445.71357864393127,190.97212217107915,611.2498639247565,441.0003013846613,191.8951322042925,620.5082468836716,441.44126466498665,48353800,94200,80744400
2023-07-19,193.6319580078125,628.4970092773438,446.0467834472656,196.73839573453523,628.4970092773438,447.25203128794317,191.20038114492507,612.8515228315672,444.9786750120404,191.64700719335607,616.9142551703201,445.8606016028815,80507300,48300,65891700
2023-07-20,191.67678833007812,627.5888671875,443.0874938964844,194.9916526955068,629.2295897475456,445.9487912842407,191.0515239510758,620.371595393669,442.36238348963764,193.62203172968208,629.2295897475456,445.0374990317561,59581200,31400,70591600
2023-07-21,190.49574279785156,624.8054809570312,443.0874938964844,193.50294223932778,633.0188691575997,445.0374990317561,189.7910785557487,623.5749241926122,443.0777153125583,192.63949343255948,629.9815803872932,444.8317002104133,71917800,39300,71245400
2023-07-24,191.2996368408203,631.260986328125,445.06689453125,193.44338737849276,632.6868800383561,445.8900001047307,190.80339913176502,623.086641273201,443.2050760751225,191.95467425132685,625.2938229254078,444.253567541694,45377800,26900,54023400
2023-07-25,192.16305541992188,623.5748901367188,446.28192138671875,192.97689240402684,631.2609219935342,447.55576875830536,191.46832576518025,622.0904014723415,444.7434840920419,191.87524425723274,631.2609219935342,444.7924966241333,37283200,23400,55191200
2023-07-26,193.0364532470703,621.0454711914062,446.35052490234375,194.16787452666702,627.9502159122413,447.8007456327546,191.86533961729995,618.2035191557067,444.2633505766311,192.21269689922778,623.5749557360485,445.33142905378566,47471900,49200,71052900
2023-07-27,191.76608276367188,630.3307495117188,443.3912353515625,195.71613030152758,632.5788020494653,450.2014953897743,191.10112611577952,622.501878510998,442.4701346582351,194.54501669167968,623.9972593878607,449.7899276720201,47460200,38300,92194400
2023-07-28,194.3564453125,642.1474609375,447.7322082519531,195.15042860374737,643.3007779857159,448.57490090975745,192.6791595850325,627.5354177415643,443.39126452289526,193.20517029738988,631.3961335854262,446.7131123298341,48291400,38000,80011800
2023-07-31,194.97177124023438,619.0906982421875,448.584716796875,195.01147873318087,641.912868856219,448.947272011628,193.79072320060368,616.6765652918582,446.87968457322177,194.58470647584855,641.912868856219,448.21235309396303,38824100,57000,62040400
2023-08-01,194.1381072998047,618.7877197265625,447.3010559082031,195.24967486566203,623.6063215454886,448.0555618899852,193.81058861115622,611.52569413388,446.3309426128524,194.7633716275856,619.9117459660976,447.0952570826859,35175100,64400,55291500
2023-08-02,191.13088989257812,609.9422607421875,441.0787658691406,193.7113165160086,623.0979956868777,444.40058401175634,190.4063871835963,609.9422607421875,440.3144513484029,193.57237058354673,615.8946120295295,444.13602395209176,50389300,41000,93933400
2023-08-03,189.73150634765625,691.7892456054688,439.81463623046875,190.92247371064892,715.3542455619059,441.72543722075034,189.2551224312535,628.248951471262,438.37419407420606,190.1285055646349,653.8761775066829,439.0307347443621,61235200,105400,64276100
2023-08-04,180.62060546875,679.3372802734375,437.8254699707031,185.97004732736383,687.0880028855759,443.79300767873565,180.5511249208849,662.7020849376063,437.29632000481047,184.12404245746146,685.9738197320111,441.65685064773396,115799700,73000,100052300
2023-08-07,177.5042266845703,697.037841796875,441.6470642089844,181.75202007346337,703.5863894224655,441.8038504994439,176.01551362367866,679.2884041329248,438.9817570790267,180.7595446995356,679.2884041329248,439.68728043413097,97576100,34800,58357500
2023-08-08,178.44705200195312,687.6646728515625,439.7264709472656,178.9135165784173,699.5986675897262,441.63727203050115,176.2437557474966,683.0611285201769,436.3164365185731,178.33787911929193,695.9920836033771,439.0699302451711,67823000,33400,71361300
2023-08-09,176.84918212890625,680.343994140625,436.78680419921875,179.568554851008,689.7171631580906,440.1674431366444,175.67805336031552,677.4606717661569,436.0126812432423,179.50900875402357,688.8179779605991,440.0008483598165,60378500,27800,78789600
2023-08-10,176.630859375,697.7611083984375,436.9435729980469,179.38993995083098,698.2400215758429,442.61715511221814,176.2636482997338,680.4612348672933,435.7579122473642,178.1294918724129,681.3604200096739,439.1777251921566,54686900,40000,93005500
2023-08-11,176.6904754638672,724.8348999023438,436.6888122558594,177.5153442624666,728.6761083461918,437.7177166767268,175.458153778981,697.8686502097453,434.43507288354874,176.2233960656567,697.8686502097453,435.04260106718414,51988100,36700,68664600
2023-08-14,178.35015869140625,704.524658203125,439.0993347167969,178.57873203906215,726.6235067921353,439.0993347167969,176.2134459995229,701.8856843150885,435.44435715353234,176.86936795132465,726.6235067921353,435.75792973116353,43675600,45900,47867400
2023-08-15,176.35256958007812,702.169189453125,433.98431396484375,178.37001397078072,710.4575263247079,437.658908386802,175.9550494184861,697.585211869405,433.4061514603341,177.7737337283927,707.6328449880629,437.29632328453766,43622600,16800,75707500
2023-08-16,175.47802734375,698.0445556640625,430.7996520996094,177.43583011971523,707.6327819952144,435.24833941093965,175.4084529729965,696.6761811185041,430.69184844986853,176.0345616520876,704.6810350027029,433.5629242922036,46964900,34700,80107200
2023-08-17,172.92388916015625,674.2841796875,427.51702880859375,176.41217594781634,697.5265642744711,432.5536574288021,172.40710087754795,674.0104808943832,426.9878788300595,176.04446908210178,697.0965087819735,432.2890973914982,66062900,37600,95711300
2023-08-18,173.41090393066406,680.1680908203125,427.7228088378906,174.01713210367805,684.1265221586481,428.7713003343212,170.89655146662832,670.4430145606967,424.302995720219,171.23444515927903,671.596331613881,424.65574244578784,61114200,50300,98758400
2023-08-21,174.7525177001953,673.990966796875,430.5056457519531,175.0407326935708,678.0276063671309,431.2601516478784,172.66551420323125,671.254277170098,426.5664916101218,173.98729066685254,676.6592317260626,428.75163111418624,46311900,21700,68719000
2023-08-22,176.13392639160156,674.6555786132812,429.3395690917969,176.58114035802282,678.8974325672123,432.3086399314038,175.15999139470742,670.6091556152903,428.7712450281558,175.96497956715007,674.4014467841283,432.3086399314038,42084200,25900,65062900
2023-08-23,179.9998779296875,680.2559204101562,434.1214904785156,180.4272265262981,683.0317434962122,434.7486356241566,177.2271390578494,673.7757983722479,430.27052263732946,177.41596644953157,678.7898305310883,430.41750043586205,52722800,27900,68441000
2023-08-24,175.28919982910156,673.23828125,428.1049499511719,179.98001065949663,685.7880375572817,436.26743562272776,174.92147774645116,673.23828125,428.07552448891664,179.55266206734146,679.0928576126955,435.7480941562773,54945800,24500,88517300
2023-08-25,177.50540161132812,678.9559936523438,431.1230163574219,178.04205535297126,679.3079005732924,432.42625935389697,174.73266281139772,669.5828254487001,426.25295269029755,176.28301269216934,674.6261485549757,429.8589475039307,51449600,41400,102325100
2023-08-28,179.0756378173828,680.383056640625,433.85693359375,179.4731579970015,685.9737776448651,434.48404884002144,177.4457808178697,679.6793620604952,431.1230269054722,178.97625019026674,679.6793620604952,433.3473706832324,43820700,22600,61595400
2023-08-29,182.98130798339844,685.1429443359375,440.12823486328125,183.75648287285222,685.5827832677451,440.41241187799994,178.38988515133815,680.3830435670608,433.56294738843866,178.5886452216866,680.3830435670608,433.7491292356068,53003900,64300,83081900
2023-08-30,186.48947143554688,682.3182983398438,441.9410400390625,186.68824666593932,687.4301063100372,442.5877722590719,183.5974798721571,678.5455741902916,439.7558704125424,183.79623993812856,684.0776541574743,440.4712022401119,60813900,50800,69053900
2023-08-31,186.7081298828125,683.1002807617188,441.2942810058594,187.95039936926207,683.9994659989071,443.7243935472902,186.3205424096171,677.3336357581991,441.108099170324,186.6783166282915,682.2206028271615,442.56812839264654,60794500,63800,66084600
2023-09-01,188.28831481933594,653.5438232421875,442.117431640625,188.74546151435723,685.1527510137764,444.5475743339093,187.11560449736683,651.5011045099309,440.63778529270513,188.3181280749059,685.1527510137764,444.0576283807097,45732600,50100,58875700
2023-09-05,188.5268096923828,660.884033203125,440.20660400390625,188.8050768374951,669.3189424384757,441.9900143433077,186.44973880050088,642.2158444068873,440.1380343015647,187.11559340947835,653.0258122825411,441.66666319135845,45280000,44700,55166200
2023-09-06,181.77880859375,648.5787353515625,437.2473449707031,187.68207547486304,666.5920887292282,439.4913056929659,180.34771175415628,642.4700265424507,434.885802010405,187.23484633917346,659.6819101657178,439.383502038816,81755800,39600,70758500
2023-09-07,176.46188354492188,647.4155883789062,435.9048767089844,177.10787273977496,649.9665706773623,436.59078303213414,172.46674085776903,642.4699804679364,433.8470979316855,174.0965977246818,649.9665706773623,434.19984462863255,112488800,35700,70355400
2023-09-08,177.07803344726562,638.10107421875,436.5614318847656,179.1253060568345,646.7998997963786,438.11945642929345,176.6904460199261,625.5318087538885,435.5913484655514,177.24699542212446,646.7998997963786,435.9539036867152,65551300,61300,61659700
2023-09-11,178.25074768066406,660.7178955078125,439.4324951171875,179.18493667169957,666.8266038612501,439.74603777009037,176.24323613595504,641.9519315149811,437.49229856373097,178.9563633540274,641.9519315149811,439.22669630581146,58953100,50500,60180100
2023-09-12,175.20968627929688,657.4924926757812,437.0220031738281,179.0160016942275,666.5822385430246,439.51093711110565,173.73884349638047,653.5047112607639,436.43409192433126,178.37996034233754,659.7404853614979,437.96272098088167,90370200,33700,67565400
2023-09-13,173.1326141357422,648.0118408203125,437.531494140625,176.20350055461225,659.3789311262861,438.7073463500825,172.9040256402011,645.8127056139086,436.1302261493997,175.41837777577814,659.3789311262861,437.2473171475049,84267900,29000,60199300
2023-09-14,174.65313720703125,645.07958984375,441.3040771484375,175.01091138495906,651.3642217194944,442.0096004732953,172.50649213946434,644.434536502262,438.7171782265762,172.92389281964336,649.6537834130905,440.0400381986753,60895800,44600,83430800
2023-09-15,173.92764282226562,629.851806640625,435.9871520996094,175.40843335624928,645.079611754946,440.0287294133769,172.74501513151833,625.1994047443233,435.5446633488093,175.38855280048267,645.079611754946,439.69439457630233,109205100,74900,111761400
2023-09-18,176.86935424804688,640.2025146484375,436.2427978515625,178.27063780985006,642.1377346544679,437.560480932324,175.08048322919404,627.8091724464404,435.19060800033236,175.38856362269223,627.8091724464404,435.672439049655,67257600,25500,55752200
2023-09-19,177.96255493164062,640.47607421875,435.3381042480469,178.51908920430856,646.3404343862607,435.90846304996626,176.034550369597,637.9153083846988,432.61424034328974,176.42213782123514,640.4956411756891,435.30860500032054,51826900,18500,66514600
2023-09-20,174.40469360351562,645.5292358398438,431.33587646484375,178.5886485115626,648.9109786641089,437.0392841217368,174.3152386804528,639.7039499760511,431.129351732427,178.1513672500879,644.9721144696099,436.6164515905319,58436200,33100,82562600
2023-09-21,172.8543243408203,638.0717163085938,424.20660400390625,175.20967741085585,647.6990169277256,428.71032565770395,172.78476514063325,634.5432809829701,424.0492646872164,173.47050026870355,647.6990169277256,428.44483244108085,63047900,19800,103976100
2023-09-22,173.7090301513672,640.4468383789062,423.2527770996094,175.9848764735621,655.5084451194869,426.87149154396485,172.97361627830674,638.5409092298954,422.8299145348389,173.5897771264219,638.5506927092042,425.2489728945116,56725400,28700,100829700
2023-09-25,174.9910430908203,639.2152709960938,425.0325927734375,175.87553831983675,642.0399521836835,425.07190509369286,173.07297120229282,635.6673282516226,421.5810310738246,173.12266501245767,636.0387425087279,422.0235497566382,46172700,19400,70874500
2023-09-26,170.8965301513672,631.3961181640625,418.7883605957031,174.11648285641874,639.1370569649888,422.66275512998897,170.5983824508641,628.1707319682897,417.9426654895833,173.7388432559087,638.7167849737701,421.9449000988157,64588900,23700,96168400
2023-09-27,169.3759765625,622.2086181640625,418.9554748535156,171.9698357492923,634.0351141654419,420.54852409312247,168.00452141810098,615.8067032882358,415.25810614928196,171.5524350388733,631.39614003916,419.9781653505781,66921800,26900,104705800
2023-09-28,169.63438415527344,628.88427734375,421.3843994140625,170.96609339598558,633.8885271703484,423.0856027631327,166.5833630389383,624.5446479224413,417.7951841490402,168.29272705350883,624.5446479224413,418.395042212237,56294400,22000,92258300
2023-09-29,170.1511688232422,621.9349975585938,420.3617248535156,171.99966637275853,632.1487708828007,424.6589519468337,169.28653897360869,620.8891794247683,418.81786088355244,170.956157001118,632.1487708828007,424.4819564623482,51814200,21000,115078500
2023-10-02,172.67543029785156,622.01318359375,420.1945495605469,173.22203181513163,628.9037951323637,421.463077239655,169.87286351711737,615.7774089296059,417.3920009711066,170.1610784827832,623.3032903849753,419.51603684912214,52164500,17300,83798600
2023-10-03,171.33380126953125,619.5892333984375,414.5697937011719,172.55620536089927,621.8177190784306,420.2535455034932,169.76358598551198,613.558732571132,413.18326903883127,171.1946676938173,619.1298871157535,417.9820133997075,49594600,21600,103760600
2023-10-04,172.5860137939453,630.4187622070312,417.5886535644531,173.13261538484517,633.7027898137999,418.3458208811437,169.91264751116213,615.757860760356,413.55691991021564,170.03190052575047,620.9380340071092,415.0417853071421,53020300,23900,87453000
2023-10-05,173.8282928466797,617.9960327148438,417.43133544921875,174.36494660639528,634.1132995037758,418.28684363202643,171.61207310700374,616.9795650855225,414.15679895478104,172.71520904615178,634.1132995037758,417.2936522886069,48527900,27300,70142700
2023-10-06,176.39231872558594,627.6038208007812,422.3874206542969,176.88922647606876,630.9269820935426,423.9509407889787,172.10896117831024,610.0303072426939,413.59628479558955,172.72513710071527,617.9960273493455,414.94346711236153,57224100,34000,113202700
2023-10-09,177.88304138183594,625.785888671875,425.09161376953125,177.94266788538698,628.4639369610353,425.67178562276524,174.7127675180559,617.7126098901623,419.89953632747483,175.71651571148107,628.4639369610353,420.4600220101341,42390800,25400,80374400
2023-10-10,177.28675842285156,643.3301391601562,427.3041687011719,178.60853494693302,651.3838513298246,429.9395348813416,176.84947714698436,631.3277194267515,425.3276290613407,176.99855858071479,631.3277194267515,425.73080545604995,43698000,43200,78607300
2023-10-11,178.68801879882812,644.718017578125,429.05450439453125,178.73771260361593,654.8535824322977,429.31015452643254,176.50162786794644,632.451742256174,425.9667765659611,177.09790803213954,645.0796483661439,428.3858348043182,47551100,39100,62451700
2023-10-12,179.5924072265625,613.5001220703125,426.4388427734375,181.21231619372998,644.89399619392,430.0575574458139,177.93272198255502,607.4304870220157,424.0493135204343,178.95636590765267,644.89399619392,429.67406719986246,56743100,44800,81154200
2023-10-13,177.74391174316406,607.4793701171875,424.3147888183594,180.80485019878847,617.761508484815,429.1823748769336,177.03829605191484,600.334566840225,422.7217693837448,180.29800974299292,617.761508484815,427.9630025860984,51427100,42800,95143100
2023-10-16,177.61471557617188,618.347900390625,428.7792053222656,177.97248977927228,622.0619830312895,429.8608944647116,175.41837654739012,614.0179955379176,426.35033379716793,175.65689773759766,615.151805182603,426.5961708745689,52517000,30500,75433200
2023-10-17,176.05441284179688,618.4554443359375,428.7594909667969,177.31656279493396,625.4829051205143,430.8442144540271,173.71895547455762,616.7450059218714,425.2489605394166,175.55750508309643,616.7450059218714,425.6029515030891,57549400,33000,75324700
2023-10-18,174.7525177001953,620.077880859375,423.0462341308594,176.48176216718392,625.2678372324351,427.93347604017185,174.027036615376,618.6899989869484,421.9448889134492,174.4941311237392,618.6899989869484,426.9599708943194,54764400,18300,93559800
2023-10-19,174.3748779296875,611.525634765625,419.3292236328125,176.74014855708347,621.1822851124213,425.6128339030893,174.10654349306773,610.8023732856803,418.6408978033985,174.9512775869872,620.0778259372568,423.7739773166494,59302900,64400,121323000
2023-10-20,171.81085205078125,608.5934448242188,414.1764831542969,174.33513709455804,618.3673774294143,419.4374026917125,171.57233083888437,607.1371384109007,414.06829923372015,174.22581676799155,614.8292185987616,418.8867300308019,64189300,24100,123845800
2023-10-23,171.9300994873047,609.8641357421875,413.4586181640625,172.93384778812512,615.9924114959124,417.38219829076934,168.87907830418513,607.8898416250089,410.8429080827275,169.85302851446286,607.8898416250089,412.62276610647586,55980100,22000,92035100
2023-10-24,172.36737060546875,632.3148803710938,416.5758056640625,172.59594393485276,635.9410313139344,417.74599243095156,170.3896722111032,611.6234790652888,413.7339149417875,171.9797831493734,614.3015274016548,415.6121136179757,43816600,30300,78564200
2023-10-25,170.04185485839844,627.79931640625,410.5970764160156,171.98972493811345,635.305690327165,414.8943337551476,169.59462570782657,625.531756629824,410.07590301008736,170.81702981156988,628.9037756864781,414.8648345061105,57157000,18500,94223200
2023-10-26,165.8578643798828,625.97998046875,405.6802978515625,170.3201013316095,635.8006333746777,410.3807011624175,164.64540828457035,621.3630586706764,404.74613504430465,169.3163379944291,628.7774889271589,409.51537993310467,70625300,23300,115156800
2023-10-27,167.17965698242188,620.2283935546875,403.8414611816406,167.91508596598229,629.5403863719961,407.6961996123917,165.79825394187426,614.6724816228294,402.39593802128496,165.8777610074826,623.5932483530611,407.2930232197039,58499100,22200,107367700
2023-10-30,169.23681640625,626.8895874023438,408.669677734375,170.11137880369458,631.4477620892808,409.7415236788458,167.8256003695495,625.4027731362305,405.35579907838417,167.97468177697908,625.8233724979704,406.673482074598,51131000,27500,86562700
2023-10-31,169.71388244628906,622.5075073242188,411.2362365722656,169.8430681534906,630.9098838288238,411.5607282799098,166.86162156099337,616.7657430800939,407.3126567779491,168.30266621223763,630.9098838288238,409.2498539668474,44846000,41800,79665200
2023-11-01,172.8940887451172,626.9189453125,415.6219787597656,173.15247532339345,629.295854265316,416.44798769621605,169.0678928937645,616.2375118240619,411.6787426380733,169.94245541165574,624.5909321583516,412.2196021861803,56934900,31600,98068100
2023-11-02,176.47181701660156,629.2666015625,423.58709716796875,176.6805097693587,638.2264739517292,423.7444364873871,174.3748658071836,614.2812617082008,419.4570225591062,174.43449230797134,633.3552817771655,419.47667872050596,77334800,51900,94938900
2023-11-03,175.55752563476562,638.7349853515625,427.4516906738281,175.7264876371941,642.0215706414733,429.025054013668,172.27794617495533,626.7623820084434,425.79967267123067,173.16244148240884,626.7623820084434,425.9275127564453,79763700,46100,100110800
2023-11-06,178.12156677246094,649.827392578125,428.43499755859375,178.3203268607263,650.3262013815589,428.88732934685845,175.12025456148152,639.0774210694339,426.458457991005,175.28920139472822,639.0774210694339,428.218659745179,63841300,21600,67831700
2023-11-07,180.695556640625,659.1981201171875,429.6543273925781,181.31171744967662,670.0263018047178,430.30334081411877,177.8631761623555,647.8417562870347,427.2746415230016,178.07186894277902,650.4534131005331,428.4349852117837,70530000,52200,64256100
2023-11-08,181.75892639160156,659.0611572265625,429.9690246582031,182.31546067653568,664.9985042116717,430.7950335915806,180.466963136192,647.8612730398804,427.62865100893004,181.22227266382137,663.188941746929,430.2640171310496,49340300,26000,61746000
2023-11-09,181.2819061279297,661.5260620117188,426.6158142089844,182.98132230147056,667.1015561663784,431.1687215470488,180.6856107058037,656.2635845490986,426.1831385650166,181.82850773747478,663.5997453573799,431.12937921321316,53763500,57200,83174400
2023-11-10,185.4912567138672,665.1452026367188,433.2730712890625,185.66044129220037,667.5221114172161,433.5877499409515,182.63525339583376,653.857318778747,426.6059711503806,183.0731107374973,661.526018270242,428.7201939601157,66133400,30200,89462200
2023-11-13,183.89906311035156,665.4973754882812,432.86004638671875,185.12306234297503,667.1015636648294,433.98104772938234,183.31194313207843,657.7895110029283,431.1195308767965,184.91409464160964,665.1452540939649,431.9160405177275,43627500,28400,52236100
2023-11-14,186.5261993408203,674.476806640625,441.25787353515625,187.1929311504176,684.7083268458657,442.56571351095437,185.3917576494399,667.0917501985816,438.6618197358781,186.78492632853875,670.0360055563114,438.8880006380508,60108400,40200,97176900
2023-11-15,187.09341430664062,675.8952026367188,442.1920471191406,188.5761557735661,679.494805279957,443.8637511980381,186.86453984677962,671.7478356717232,441.3266958316835,186.93420587357204,676.2962795537286,442.6148796770637,53790500,36500,77327600
2023-11-16,188.78514099121094,681.2847900390625,442.7329406738281,190.02904704723116,681.4217460338409,443.0574324268367,187.73029590080972,673.4595519625191,440.6580600398905,188.64582412031268,674.926784101871,441.73974923226956,54412900,47700,66665800
2023-11-17,188.76524353027344,694.4899291992188,443.2835693359375,189.45188213648447,695.0279024152741,443.90308353957664,187.65070850825023,680.7663882794304,441.8085469499042,189.32251104128505,683.250939756443,442.7427097887476,50922700,63400,83133200
2023-11-20,190.5166473388672,700.7109375,446.69580078125,190.97441144582112,703.0193684313676,447.551308986228,188.9543092379418,690.0881910142439,443.018057795258,188.96425501994514,696.4461970264233,443.02790088110174,46505100,35900,69936200
2023-11-21,189.71060180664062,704.271484375,445.72222900390625,190.586316538311,717.5156794079476,446.5679240630612,188.8149955106325,699.7915184939901,444.43404525920994,190.47685219685218,701.3468109574583,445.63373126679795,38134500,58400,49244600
2023-11-22,190.37734985351562,712.1065063476562,447.443115234375,191.98944739740554,719.9121627755858,448.7804844751759,189.8996941339189,707.9786619258589,446.3319569065586,190.55648023861536,710.1306144892249,447.4038029106804,39617700,25200,59394900
2023-11-24,189.0438690185547,709.1720581054688,447.7184143066406,189.96932784078396,718.9340244142702,447.9150959463834,188.3273779116158,708.17432105282,447.1579286512429,189.93947531002817,709.3090141130547,447.4922634312818,24048300,13400,29737400
2023-11-27,188.86473083496094,709.1622314453125,446.912109375,189.7404455259629,710.0425946478391,447.90527066979496,187.97907036225195,703.2933026333512,446.5187460798747,188.99410191914976,705.093133737825,447.07926176696276,40552600,33300,50506000
2023-11-28,189.4717559814453,703.792236328125,447.3546142578125,190.1484487418159,710.7469032860821,448.6722973178326,188.4766311807352,701.1414150765132,445.9484334560083,188.85478346401288,709.1622971362143,446.5187622395306,38415400,36400,62115000
2023-11-29,188.44679260253906,709.9252319335938,447.0399169921875,191.15353347560767,710.6979527465759,450.68816047151375,188.04874872654685,702.3151587983699,446.6367706328779,189.96933244559008,704.2714684329057,449.53762985743225,43014200,52900,63146000
2023-11-30,189.02395629882812,718.474365234375,448.8001708984375,189.39216280718497,719.4427290451868,449.1541919014113,187.27254208408095,704.8095100655927,445.79112741550273,188.91449196138143,708.9471459415673,447.89550724194453,48794400,68700,79752700
2023-12-01,190.30767822265625,710.7077026367188,451.4552001953125,190.6261102728152,717.9655942434856,451.99602974416615,188.3074675935333,709.1622013985382,447.5808055812684,189.40211098182942,717.2417692729714,448.18063362601856,45679300,50700,89097900
2023-12-04,188.5064697265625,729.8403930664062,449.0852966308594,189.12345738262613,731.5716863614173,451.4748255799938,186.5361270189487,710.7076887129634,446.77442233442224,189.05379136323253,710.7076887129634,448.01345068259826,43389500,41700,72430900
2023-12-05,192.47705078125,738.5068969726562,448.9968566894531,193.45226890347428,742.9574895107341,449.97036194010104,189.2528407319119,726.7788301081255,447.29565326300497,189.28270844769884,731.2098404450084,447.67917351896307,66628400,29900,69793500
2023-12-06,191.38241577148438,767.8515014648438,447.1874694824219,193.81050761672594,769.2991514330837,451.19951722539304,191.17343287476277,738.4090664995989,446.744950756551,193.50202134703213,743.0748241978798,451.17001797762885,41089700,54600,69124700
2023-12-07,193.3229217529297,791.5228881835938,450.5997009277344,194.04935869024033,797.7830431780613,451.25852748144104,192.64622891391613,772.5564519936165,448.6920028308439,192.6860424138352,772.5564519936165,449.30167397346503,47477700,61700,66995400
2023-12-08,194.75588989257812,788.6471557617188,452.5368957519531,195.03452363413496,804.0041991751689,453.0777253085147,192.72582670763535,778.2199914049288,449.5966639539712,193.25324166018223,792.2076538202243,449.84250102684615,53377300,46800,83080900
2023-12-11,192.23822021484375,806.9288330078125,454.2970275878906,192.54672168765146,813.727020966627,454.4740530719245,190.48680586341095,792.7846927774896,451.81900091487876,192.1685693679781,792.7846927774896,452.0353387203374,60943700,52800,65002200
2023-12-12,193.76077270507812,822.608642578125,456.3719482421875,193.77071848752672,829.7589521081718,456.47028907325256,190.7853438376791,804.0432827215739,452.9302292207674,192.13871428631938,810.7632017316768,453.9430767609804,52696900,53400,68327600
2023-12-13,196.99493408203125,836.7723388671875,462.6653747558594,197.03473239733867,842.3086688468792,462.9210549166523,193.90009500114147,821.1315932382356,456.3916078056985,194.13891526178818,822.6086165600043,456.7554418748832,70404200,58600,93278000
2023-12-14,197.14418029785156,840.939208984375,464.1502380371094,198.64681332186495,845.5365484463922,465.8415983038331,195.20368991997998,834.9431750360759,461.4361871415877,197.05462270758053,843.1596394664391,464.63206909834884,66831600,39400,119026000
2023-12-15,196.60682678222656,837.300537109375,463.385986328125,197.4327670575499,870.5578014338129,464.7386607751538,196.0395983209077,828.0765441977289,461.51005559510276,196.5670132843794,841.0762004365919,463.5439635656848,128256700,119700,141319300
2023-12-18,194.9350128173828,849.76220703125,465.99261474609375,195.67141069754175,854.887728725242,466.98983298112006,193.4423254921639,837.3005242023079,463.9389707031674,195.13403475719855,837.3005242023079,465.0151624997723,55751900,46100,70375300
2023-12-19,195.9799041748047,867.2418212890625,468.8262023925781,195.98984995762027,869.3057136085887,468.90520607518124,194.93501997192175,849.7621996201151,466.4664871358793,195.20370795195478,849.7621996201151,466.5454606874059,40714100,59200,55761800
2023-12-20,193.88018798828125,857.8515014648438,462.32958984375,196.71628487042167,871.8879981585019,469.872815094612,193.88018798828125,857.8515014648438,461.8951599457806,195.94008865557052,864.8844364612694,467.9573823984052,52242800,74100,102921000
2023-12-21,193.7308807373047,870.9000854492188,466.7133483886719,196.11918926884985,872.3966909211415,466.98980103190377,192.55664081053737,844.7540272556748,462.90221895224823,195.14397125694492,861.3630763337394,465.3606738913847,46482500,60900,86667500
2023-12-22,192.65618896484375,890.21875,467.6512756347656,194.45736262538534,908.9504402029149,469.3593762471248,192.02925541151006,878.4711598085833,465.72599022087735,194.22847296294222,878.4711598085833,467.8586075741832,37122800,63500,67126600
2023-12-26,192.1088409423828,909.0873413085938,469.62591552734375,192.94474210952626,911.6403111132068,470.54412990220305,191.88991227702633,892.3608577192149,467.98693571109146,192.66610838714513,892.3608577192149,468.06593938933787,28919300,31000,55387000
2023-12-27,192.20835876464844,928.2688598632812,470.47509765625,192.5566585360189,929.4817622037501,470.62319190747263,190.15840400250286,908.7057648187442,468.8756194808885,191.55158790358445,908.7057648187442,469.41864177906433,48087700,37300,68000300
2023-12-28,192.63626098632812,912.618408203125,470.6528015136719,193.71099759457724,940.8968365764981,471.5018952913904,192.228256173267,907.7961123100654,470.2282546248126,193.19352844592407,932.7292680579845,470.8403976052289,34049900,52000,77158100
2023-12-29,191.5913848876953,908.1189575195312,469.290283203125,193.452263485871,918.4580014150965,470.98850092233886,190.7952819760843,907.248385402489,467.30572984427226,192.9547010641641,911.2001093771935,470.45533148706465,42628800,46500,122234100
2024-01-02,184.7349853515625,914.53564453125,466.6639709472656,187.52133810124718,917.0690320613348,467.6710721237043,182.9935167810597,900.7045211609629,464.5313233237868,186.23761848029775,902.308709381102,466.1801863467121,82488700,49300,123623700
2024-01-03,183.35174560546875,903.8150634765625,462.8528137207031,184.973803899141,921.4218504274046,465.2224118513208,182.53573597559208,900.8805989847555,462.24067080116,183.32189307602442,918.1645781249856,464.4720275597131,58414500,48400,103585900
2024-01-04,181.02317810058594,895.9898071289062,461.3619689941406,182.19741821935423,912.7553949226182,464.99535512497806,179.99820064627082,894.111766607769,461.1348710618091,181.261998363711,905.0377391332102,462.36904000280646,71983600,42300,84232200
2024-01-05,180.2967071533203,887.3037109375,461.9938659667969,181.8690061871609,899.7164968078093,464.4819396400977,179.29163655398915,887.3037109375,460.5227161381694,181.10277101042314,892.1260065760724,461.5692889624919,62303300,35100,86060800
2024-01-08,184.65536499023438,894.6693115234375,468.5892639160156,184.6951784875532,895.0116418226372,468.737358160941,180.6151605231867,881.7282829247569,462.36903444945153,181.20228054123743,890.1208678236064,462.497392838746,59144500,41100,74879100
2024-01-09,184.23741149902344,893.984619140625,467.8783874511719,184.24735728099782,895.6768078925475,468.9150773101143,181.83915700040632,882.7945254933242,465.3804307175815,183.02335798455337,890.1208956203678,465.8938341503119,42841800,42500,65931400
2024-01-10,185.2823028564453,893.3682861328125,470.5244140625,185.49127057687537,904.4410048525921,471.40315676668934,183.02336513916433,887.1667588691099,467.8684802261445,183.45127673118873,895.1583260071575,468.1548158425864,46792900,44400,67310600
2024-01-11,184.68521118164062,891.0598754882812,470.3171081542969,186.13810009590225,898.1319152494954,472.0646805353375,182.7248140769861,886.912449185082,466.27891097711375,185.63057672110963,888.4188457142147,471.54139410726924,49128400,45900,77940700
2024-01-12,185.01361083984375,889.846923828125,470.6429138183594,185.8296205077815,899.4719929809517,472.5386105710735,184.2871739488164,882.5988232909741,469.2112959241893,185.1529277118819,897.7700132427769,471.788226212342,40444700,33500,57944000
2024-01-16,182.73477172851562,889.3383178710938,468.91510009765625,183.361690026594,894.8551250343867,470.57381600500275,180.04792262326768,885.5332815342184,467.06878809150606,181.27193705900044,889.0937791816056,469.24093758761165,65603000,44600,85014900
2024-01-17,181.78939819335938,873.5900268554688,466.30853271484375,182.03817940296344,889.4850423346574,466.8022002964971,179.42101140332082,872.5238715578901,463.9191683619671,180.38628371133655,887.1864024383993,465.84448398284644,47317400,35900,68843900
2024-01-18,187.7104034423828,840.1273193359375,470.455322265625,188.21791164443712,875.448471843556,471.018110540101,184.9240508532924,836.5472396381692,466.43689105106813,185.18277784532793,874.4703171264124,468.00675034480804,78005800,69100,91856200
2024-01-19,190.62611389160156,839.8828125,476.3200988769531,191.01421197583775,843.5508928283604,476.6064345129822,187.89948151982946,804.7964062419364,470.50471039326055,188.4069897270921,843.5508928283604,471.6006379691473,68741000,70800,110733300
2024-01-22,192.9447479248047,849.9187622070312,477.3271789550781,194.37773007418247,857.7733145074113,479.07475128178163,191.3226896328841,835.8333086659243,476.66565116265457,191.36250312836654,848.9699209696778,477.8800842154276,60133900,71400,75844900
2024-01-23,194.22845458984375,845.2431640625,478.71929931640625,194.79568302432682,850.3099990204206,478.96613310027135,192.8850451968675,828.3015148991533,476.77427802538335,194.06924615918857,849.9187729015874,477.8800885561266,42355600,56500,49945300
2024-01-24,193.55177307128906,854.8486328125,479.24261474609375,195.42261254918643,858.4580265160711,482.57978218606036,193.39254945946814,846.6516905773096,478.7390641862389,194.4672860626603,846.6516905773096,481.63194889493104,53631300,32300,81765000
2024-01-25,193.22340393066406,837.5510864257812,481.84918212890625,195.31317233681816,863.1135503501446,482.1256347714462,192.1685739447696,834.9589076983476,479.24263294654105,194.2682881337411,863.1135503501446,481.4048692496808,54822100,42100,72525000
2024-01-26,191.48193359375,840.2727661132812,481.2370300292969,193.81052224173547,843.65253517554,482.9253647024353,191.0042778879994,829.6848676347441,480.3780532680699,193.3229207532571,837.9697500227676,481.41474312518983,44594000,33900,76641600
2024-01-29,190.79527282714844,856.1944580078125,485.0481262207031,191.26298269587747,856.1944580078125,485.19625059743225,188.65576059016195,840.2727533298297,481.0000762278625,191.07390655519137,840.2727533298297,481.5529814990137,47145600,28500,61322800
2024-01-30,187.12326049804688,866.0945434570312,484.6729736328125,190.86493945980703,868.93596675732,485.3937090194068,186.55604725857967,855.5166233803122,483.90282327824093,190.00913152540437,862.3758356568975,484.3471361549433,55859400,30600,58618400
2024-01-31,183.5010223388672,858.7866821289062,476.764404296875,186.18787167030365,872.923819378653,482.88586417703925,183.45127824224116,857.4008684466692,476.74463830989237,186.12815142243116,863.990876796494,482.4316984426035,55467800,46400,126011100
2024-02-01,185.94903564453125,896.17333984375,483.0043640136719,186.03859323945602,896.4724209971238,483.03398286271914,182.9238626911125,861.7676281262867,477.6727301365477,183.09303209854838,861.7676281262867,478.4922351786506,64885400,38300,91891600
2024-02-02,184.9439697265625,906.76123046875,488.08917236328125,186.4167503347965,906.7712099822214,489.76762415976845,178.37613927772276,893.2720924913966,483.10311142026165,178.98316607734097,896.592045390702,483.44868477371125,102518000,42200,99147700
2024-02-05,186.76502990722656,895.814453125,486.3119201660156,188.3273832549743,909.1539595298229,488.11876037909997,184.9340037750539,891.7068487838916,484.0213254983892,187.23273981487074,909.1539595298229,487.4473797029177,69668800,28900,75757100
2024-02-06,188.37713623046875,874.3594360351562,487.7238464355469,188.38708201253658,894.1494193481976,488.0595367833383,185.8594715869018,872.2757258353897,485.81826662535263,185.94902917871246,894.1494193481976,487.26965055523016,43490800,42400,55918600
2024-02-07,188.48660278320312,880.710205078125,491.7916259765625,190.118606941087,897.4793780479087,492.21617284383666,187.69049986083044,878.2377197432183,489.08630727690263,189.71060210551596,880.221695719279,490.0045518319189,53439000,30800,70556500
2024-02-08,187.40191650390625,876.4830932617188,492.00885009765625,188.6159548348253,887.0809723319832,492.3938951308885,186.4366441977198,875.4960949583018,490.96227726846075,188.46669218310572,883.1428977819073,491.79163516342265,40962000,36600,52343600
2024-02-09,188.1691436767578,862.3857421875,494.8524169921875,189.30503301755343,879.2745474800898,495.2966997559639,187.3222021069975,854.6891032690257,492.1767168912128,187.96985257532495,879.2745474800898,492.522290239314,45155200,45100,63979400
2024-02-12,186.4752655029297,852.096923828125,494.63519287109375,187.9897897322466,861.1993354229305,497.12326669534986,186.1165627960856,851.9374341647208,493.9045443435202,187.7406910525987,859.78364407646,494.82278896712546,41781900,84500,56502300
2024-02-13,184.37286376953125,845.2776489257812,487.82257080078125,185.53865891732192,855.4069161704645,490.79445944615924,182.84838113476025,841.459207075311,484.5051389342864,185.10024282819998,847.431094108269,488.2668837009023,56529500,52800,113099200
2024-02-14,183.48606872558594,845.8359375,492.25567626953125,184.8610982078661,852.7948226409974,492.74934382778594,181.78224238811126,844.5897153271457,488.13847557601355,184.6518638454696,852.5954149232023,490.4982209673877,54630500,41400,68387800
2024-02-15,183.19712829589844,861.9769897460938,495.6521301269531,183.82486181575325,862.3458666327425,495.83972621663327,180.69618309757163,845.8259385862114,492.48276258935323,182.88824837462906,845.8259385862114,492.9665773037757,65434500,60700,61683000
2024-02-16,181.65269470214844,843.512939453125,493.18377685546875,184.18354546694673,857.1216487011725,496.5012084053193,181.0150027746939,843.1540420812433,492.4333925201601,182.75869330174024,851.6183731135827,495.3460431849908,49701400,59600,75461200
2024-02-20,180.90541076660156,833.94189453125,490.4686279296875,181.77226924950583,847.4310318106369,492.0977249314427,179.3510375405212,831.0207572177972,488.18788610101467,181.134577279735,843.4431210727046,491.41646125471414,53665600,73200,71736700
2024-02-21,181.66268920898438,839.0564575195312,490.91290283203125,182.23062628266825,839.3854772181504,491.0708800721909,180.00867035619171,827.5912132925971,487.3091355509302,181.28405435734408,829.4854953747157,489.145594603093,41529700,59800,59603800
2024-02-22,183.70529174804688,811.1710205078125,501.07257080078125,184.29317619439553,832.89514401261,502.05002292256637,181.80218936609842,800.6628968136749,496.6492986389385,182.81850104532418,828.5483355790451,497.62678089180014,52292200,81800,76402500
2024-02-23,181.86195373535156,826.723876953125,501.4181823730469,184.37285727847149,832.9549881679368,503.66930540147666,181.57299077597804,809.3764998415061,500.67768098039136,184.3429666556088,811.539924617094,502.8201814697373,45119700,50000,61321800
2024-02-26,180.50686645507812,845.3972778320312,499.58172607421875,182.10108884357552,848.687292248707,502.3067808565356,179.99869543060538,828.4885132250632,499.45336767779384,181.5829745492965,828.7875943809987,501.86246796599994,40867400,40100,50386700
2024-02-27,181.9715576171875,829.8643798828125,500.5097961425781,183.25690001064538,845.3973109299093,500.7368940723534,178.9126187804792,826.993078972033,498.35741276516484,180.4470750372319,845.3973109299093,500.2827283438802,54318900,54200,48854500
2024-02-28,180.7659149169922,830.3528442382812,499.84832763671875,182.45978277503792,837.7603815336265,500.4407046514321,179.48057251285755,819.5954763455733,498.5647737989886,181.8519814326113,827.7507469448312,498.93008300175484,48953900,51900,56506600
2024-02-29,180.09832763671875,838.2588500976562,501.645263671875,181.91177314365308,843.9216762133673,503.28424374742,178.88272498353265,833.9120418670366,498.9498578140212,180.6164570963822,838.129238126729,501.6354108088416,136682600,56000,83924800
2024-03-01,179.0122833251953,827.4915161132812,506.3548278808594,179.87914188711767,837.2419875235263,506.7892577747691,176.74050452556773,820.9214060965836,502.1191816118574,178.90267929522304,837.2419875235263,502.5338756491636,73488000,45400,76805900
2024-03-04,174.4687042236328,833.1145629882812,505.811767578125,176.26220237846417,856.393970825458,507.6877284022875,173.16341449891394,827.4915934598805,505.51557909592907,175.51490641269265,827.4915934598805,505.54522807522517,81510100,51700,49799300
2024-03-05,169.5066680908203,821.4996948242188,500.75665283203125,171.4197441647657,835.3377510027238,504.23209197361217,169.00847072144566,820.5126965778121,498.51541280508394,170.14436011546877,833.4734074593571,503.7778960932873,95132400,47600,72855600
2024-03-06,168.51025390625,807.7713012695312,503.2940979003906,170.6226208472031,826.9232661770397,505.5847227034607,168.0718378391885,805.1791834024548,501.98095539502907,170.44326190896186,826.9232661770397,504.0839539761013,68587700,47200,68382400
2024-03-07,168.3907012939453,820.3032836914062,508.28997802734375,170.1144598371159,823.782787080001,509.3563168037257,167.8825454793763,809.8849151044969,503.353302550587,168.5401544147667,809.8849151044969,506.6411452915095,71765100,41200,58652100
2024-03-08,170.1144561767578,822.576416015625,505.2391662597656,173.0737495355564,826.0658380410258,511.6568148843625,168.33091642363513,813.9525343840011,504.6566421115184,168.39069767067738,817.5217316653187,508.9318203713958,76114600,28900,86425500
2024-03-11,172.12718200683594,823.4537963867188,504.8047180175781,173.75131021022753,826.5344236012429,505.39712513817193,171.42970876738985,817.5018074929833,502.0599274855355,172.31649942978052,822.0181459724598,504.0148619441716,60139500,41400,62557200
2024-03-12,172.60543823242188,818.379150390625,510.2351379394531,173.40255698056936,826.3250947891298,510.82751498286876,170.39344092810595,818.2994359822345,504.3900698876672,172.52572483722957,819.2964137433568,506.9472946930937,59825400,35400,73114400
2024-03-13,170.5130157470703,837.4512939453125,509.43524169921875,172.5655862263849,837.9099255965501,510.7385312091523,170.1443394000517,819.3162670300826,507.9740050951188,172.14710231151471,820.8615703050168,510.5608181299091,52488700,57300,55104100
2024-03-14,172.37628173828125,841.0504150390625,508.42822265625,173.68155635236576,845.1679380610259,510.58060594642745,171.4297098215142,829.9441290254119,505.3378589670577,172.286609864896,840.0135800736259,510.4225985833554,72913500,58400,110171800
2024-03-15,171.99765014648438,827.9501953125,504.9371032714844,171.99765014648438,842.5958014448852,506.7891821054706,169.6760486454164,826.5045653504877,503.24352275506305,170.5528808562992,834.9389584882828,505.3134612139554,121664700,92400,107585800
2024-03-18,173.09368896484375,831.0806274414062,507.9379577636719,177.06930930187292,843.3534211007477,510.53280822419816,172.89441306506424,826.4546969313743,507.5220055198364,174.93702524630143,828.2392651962973,509.0670314463283,75604200,43700,88893300
2024-03-19,175.44515991210938,835.4873046875,510.76068115234375,175.97324782453558,840.5120505880872,511.0478762202208,172.4061533947111,827.4915237448763,506.21470542311687,173.71142786519002,827.4915237448763,507.23484938554435,55215200,33800,60755300
2024-03-20,178.0258331298828,861.4485473632812,515.4848022460938,178.0258331298828,862.0367909794479,515.6234731384811,174.45873840154812,836.4642886835892,510.13666368367547,175.08647190626633,836.4642886835892,510.82004399685735,53423100,51200,69594600
2024-03-21,170.7521514892578,881.5377197265625,517.1883544921875,176.8500972709565,885.6253041682074,519.0799972433423,170.22406352502733,859.9032903447878,516.9010989924435,176.41168117904223,868.3975602613938,518.3669362427153,106181300,49100,60256100
2024-03-22,171.65887451171875,871.6676025390625,516.2078857421875,172.42610267352754,886.3630446418914,517.5944134478647,169.44687710249696,868.7963017893147,515.9701382832161,171.14074502028382,881.537706472657,517.0992120281103,71106600,46400,79023000
2024-03-25,170.23403930664062,846.4241943359375,514.7816772460938,171.32010587263267,870.0824586628518,515.9503452837859,168.83907761478048,845.6366037600427,514.6231789481147,169.9550500090239,870.0824586628518,514.8113578960968,54288300,30100,48512100
2024-03-26,169.09814453125,837.4613037109375,513.8309326171875,170.80197088667242,854.9582509219026,516.5743680286249,168.96860836017046,836.7933456616477,513.4248940207962,169.38709229314748,850.7111160026864,516.2276907396113,57388400,38400,65463700
2024-03-27,172.68516540527344,839.6347045898438,518.1490478515625,172.97412838637234,849.684257233099,518.1887026536133,169.4967053620682,838.1790951852425,514.5043725770939,169.79562681694486,845.4371223305635,516.7030983621477,60273300,42600,82999800
2024-03-28,170.86175537109375,843.8519287109375,518.050048828125,171.60905138066403,844.0214587445741,519.5752475225421,169.8952513157474,833.5132740896415,517.7628537507529,171.1307861915964,839.6347322101648,518.1887197410889,65672700,56600,96294900
2024-04-01,169.41697692871094,833.6828002929688,517.148681640625,170.63257958791667,842.8150898626708,519.3474072145876,168.86895684402387,832.4864148026543,515.9700999312377,170.5727983430009,842.8150898626708,518.8026977832243,46240500,38200,62477500
2024-04-02,168.23126220703125,814.9296875,513.8606567382812,168.7294595117456,831.489474345653,513.9992671999094,167.62346088712874,812.3076309875718,511.5232600004811,168.4704023866532,830.2232930527634,513.2663787407818,49329500,48200,74230300
2024-04-03,169.03834533691406,809.7153930664062,514.4251098632812,170.0646306043195,821.8087379058577,515.9503689165954,167.97221097339488,805.8870326258802,512.7018186025061,168.1814453345995,808.628721407524,512.7513266543715,47691700,53100,59155800
2024-04-04,168.2113494873047,817.1229858398438,508.1459655761719,171.30016373186453,818.8577783376807,518.842303594233,168.2113494873047,811.5997506982687,507.83894312993806,169.676035612487,815.1191115634305,518.4956867982684,53704400,35300,96858100
2024-04-05,168.96861267089844,827.6011352539062,513.4545288085938,169.77568993392828,827.6809105072618,515.4452481567992,168.3408791535302,814.0821202178691,509.0769652522051,168.97857114439864,822.8256340272923,509.5226586128974,42055200,31800,74482100
2024-04-08,167.84268188476562,842.5758056640625,513.74169921875,168.58997789957206,845.5966165860557,515.1877090342433,167.6334475147346,833.9619033516414,512.9197084378011,168.42059262733576,833.9619033516414,514.1676256081136,37425500,31700,48401800
2024-04-09,169.0582733154297,833.064697265625,514.3359985351562,169.46679875844995,845.0583084217778,515.7522673105218,167.74304032326918,827.9501963413451,509.4136650975685,168.09176931793073,844.5797785554063,515.5046666061,42451200,42900,68124400
2024-04-10,167.1750946044922,807.9508056640625,509.1858825683594,168.48036917466098,833.4135958938067,511.2062825180565,166.50751200767976,802.5571218752336,507.1753963185619,168.19142141332685,833.1244942480032,508.5520102686698,49709300,49000,82652800
2024-04-11,174.40892028808594,818.1100463867188,513.0286865234375,174.8274194382653,829.1664962030178,514.4944634268413,167.55373514215378,813.1350760093279,507.16551846042853,167.73307888899373,813.1350760093279,510.73094461172184,91070300,45900,70099000
2024-04-12,175.91348266601562,814.4011840820312,505.9472961425781,177.71695459263955,817.511749695845,510.86959945939657,173.58192277868224,807.5619315369596,504.1942637744547,173.63173034934167,813.9824704784347,509.4335032535515,101593300,30600,92469100
2024-04-15,172.0673828125,810.1740112304688,499.6087341308594,175.9931798985106,817.7609970919735,510.35458096734675,171.8780654093003,805.1791431063148,498.74705825509733,174.7277545222084,817.7609970919735,510.18622940720803,73531800,27900,92101400
2024-04-16,168.7693328857422,810.413330078125,498.6975402832031,173.13353117115574,816.5646659950376,501.6390379238471,167.6633342016507,805.5580531161365,497.3902012818734,171.1307833718662,805.5580531161365,500.0940119130741,73711200,29300,73484000
2024-04-17,167.39430236816406,809.18701171875,495.74615478515625,170.0347421275801,816.8936300264508,501.3617524735576,167.39430236816406,803.5341042306825,494.32988590556795,168.99849837401,816.8936300264508,501.19337068329367,50901200,37700,75910300
2024-04-18,166.43775939941406,798.59912109375,494.72601318359375,168.0319969568735,814.6205605236923,499.29178596909605,165.9495357403214,798.33989714773,493.7752349250522,167.42419559851692,809.715386277525,497.1624259191068,43122900,40300,74548100
2024-04-19,164.40512084960938,814.7102661132812,490.40789794921875,165.80006730864108,818.4190549659318,495.65702116895267,163.48843957599198,798.5991325332059,489.12035605921216,165.610765092168,798.5991325332059,494.64682110346547,67772100,36600,102129100
2024-04-22,165.24208068847656,828.1395874023438,494.9241027832031,166.65695922918923,831.479438504501,497.5585779345951,164.17594634744867,815.7072432921766,490.6752661850258,164.9232423149658,821.669150729136,493.05222692904476,48116400,26200,67961000
2024-04-23,166.2982635498047,828.49853515625,500.79718017578125,166.44773187185876,832.0976104267736,501.2329598348073,164.32540636965405,823.9921760071292,494.73591974985015,164.75386398167788,830.2232872860258,496.96432609613043,49537800,23600,64633600
2024-04-24,168.41062927246094,839.9437866210938,500.5594787597656,168.68961856026672,844.190921631667,502.50065976928005,165.61076271741103,821.569493733426,498.30136160286673,165.93955957507254,821.569493733426,501.6984359256906,48251800,41500,55928100
2024-04-25,169.27749633789062,828.9605102539062,498.65789794921875,169.9949017439694,837.958609087656,499.4304109270956,167.54376407257087,820.3614636839767,492.7154811271831,168.91879363485126,837.958609087656,494.38926428336543,50558300,34700,69122400
2024-04-26,168.6896209716797,820.4413452148438,503.3821716308594,170.72225941243215,836.5720325495163,504.98661944192617,168.57004327249933,817.7279235770854,500.8467427053988,169.26753170576032,828.9605697662521,501.49049852500383,44838400,35200,64306100
2024-04-29,172.8744659423828,832.0230712890625,505.1648864746094,175.39534310552878,833.1503300228673,505.8482668742655,172.47591417733986,820.5011523903089,502.38185682226367,172.74492977704497,823.7432542082645,505.1945973517815,68169400,43500,46415400
2024-04-30,169.71591186523438,823.9926147460938,497.16241455078125,174.3591148377481,832.0330245077799,504.66965456841757,169.38709978825105,819.1544258060073,497.16241455078125,172.7050959791447,832.0330245077799,503.6792517562141,65934800,56000,77483600
2024-05-01,168.6896209716797,828.5216064453125,495.548095703125,172.08733045132695,833.9883303963827,503.31285079090134,168.50030355143892,820.8203967529679,495.0726914315354,168.96861026347364,823.9826759961236,496.56820947834404,50383100,28600,80242800
2024-05-02,172.4061737060547,838.9861450195312,500.1831359863281,172.7947670308616,842.1184678686326,501.0348981300909,170.27388965643632,827.025232159356,494.7557176408706,171.8880442050533,831.6839268911306,499.3115766670157,94214900,38200,62550200
2024-05-03,182.71884155273438,851.3260498046875,506.3830871582031,186.32578503963057,851.3260498046875,507.63097421000964,182.0014362443012,835.4746518494544,503.6792764673451,185.9770408577792,847.9342882967702,506.25432995034845,163224100,42500,72756700
2024-05-06,181.0548858642578,855.795166015625,511.61236572265625,183.5358989126904,861.1521108525014,511.6519600716434,179.76952819965473,850.1289769830437,508.37372932367526,181.6925778578994,852.9121747443866,508.8194226596781,78569700,40900,47264700
2024-05-07,181.7423858642578,1006.857177734375,512.1769409179688,184.23337259597065,1027.4968994411465,513.5932097300324,180.66629297548113,911.5294095770365,511.49356053808145,182.78860333233249,914.811392317158,512.592893186346,77305800,204500,52561300
2024-05-08,182.08116149902344,942.513916015625,512.2264404296875,182.40997355379537,1000.4128450250209,512.7711498945695,180.79580390275353,941.7956949885695,510.19612672455037,182.19076551728074,999.2556908524887,510.3149702278195,45057100,115100,42047200
2024-05-09,183.9045867919922,945.297119140625,515.1778564453125,183.99425867082294,946.9131773474146,515.2175112486855,181.45344901084354,932.7277640018556,511.7511011196911,181.90182360877466,945.9255929862463,512.4146541328394,48983000,56700,43643700
2024-05-10,182.63743591308594,949.7861328125,515.8414306640625,184.67283136158454,951.7713477561549,517.6241436477566,181.7195112814573,936.7379643458495,514.6034271407484,184.48325715706596,949.9657489475645,516.8020923824466,50759500,36100,52233200
2024-05-13,185.86013793945312,949.6964111328125,515.9107666015625,186.67829703001243,958.445117542363,517.6538854401758,184.2038757983674,949.6964111328125,514.7520120927062,185.0220348889267,954.8738006999532,517.544955625112,72044800,39200,36716400
2024-05-14,187.00755310058594,951.1828002929688,518.2777709960938,187.87560260141976,951.5518962464677,518.8027134936191,185.87012310151908,942.7034570286896,515.5640770072746,187.0873746193062,949.696431039123,516.1087864551328,52393600,33500,57535900
2024-05-15,189.2924041748047,949.2575073242188,524.6956176757812,190.2203008031565,961.7071590156725,524.9927264220959,186.9476945906926,948.928292240023,520.1397285845308,187.48648604697289,952.2602021812933,520.7835145760366,70400000,38500,59504900
2024-05-16,189.41212463378906,930.1539916992188,523.6160278320312,190.66929452090585,959.552404602502,526.4188845163601,189.23253763528552,922.8318636540959,523.4674432410488,190.04070957734746,946.3744859676494,524.7946095124151,52845200,63900,50244800
2024-05-17,189.44204711914062,934.722900390625,524.3687744140625,190.3799308889647,938.6633132686769,524.4381098639712,188.7535998742954,927.959347936934,522.2592116146577,189.08285791419516,929.7550222821526,523.7349021143731,41282900,71200,59187600
2024-05-20,190.6094207763672,943.03271484375,524.9729614257812,191.48744227389747,951.6816283169339,526.4585657833363,188.58399727816297,936.3689556122692,524.0914883324435,188.90328335886426,940.3192932150695,524.4876736742167,44361300,39000,37764200
2024-05-21,191.91647338867188,978.7855224609375,526.260498046875,192.295606563888,980.5113595806765,526.4189963708524,190.48968851208156,939.6209232175999,523.9924970486647,190.65930352654095,941.8754406587603,524.2005034303604,42309400,54300,33437000
2024-05-22,190.4697265625,995.5845947265625,524.7451782226562,192.38541249371693,1001.4303388416031,526.2802906066842,189.84115686495446,978.7854933668241,522.5365386804145,191.83664908760778,978.7854933668241,525.5573158434247,34648500,83200,48390000
2024-05-23,186.45880126953125,971.682861328125,520.9122314453125,190.5695104450197,997.5698100769888,527.9539802100475,186.20936473753514,970.2164629329899,519.6840813066473,190.54955125962866,992.7316208528471,527.8450504197302,51005900,75200,57211200
2024-05-24,189.5518035888672,990.2376708984375,524.35888671875,190.15045735054443,992.8811942951585,525.1809380091343,187.61617368042806,973.0096212370373,521.8234578436425,188.3944296603675,973.0096212370373,522.7841195913288,36294600,63600,41258400
2024-05-28,189.56178283691406,985.998046875,524.725341796875,192.56499305086223,994.5970939608774,525.4186358953048,188.6737894364844,980.4515610413386,522.0512419597281,191.07834591388357,981.3194419247351,525.1809488785617,52280100,72100,36269600
2024-05-29,189.86111450195312,982.4466552734375,521.0509033203125,191.81670371975596,992.5819375135221,522.2493125032587,189.0828736970108,973.2590156210142,520.3279286001089,189.18265440509,973.2590156210142,520.6349510586301,53068000,58000,45190300
2024-05-30,190.85885620117188,980.3118896484375,517.5944213867188,191.74684967437963,997.3802949231834,520.1595913781238,190.2003553062749,977.5386162797146,516.3267371663876,190.33005195445256,982.4467037095196,519.4861246908551,49947900,47400,46468500
2024-05-31,191.81668090820312,978.6558227539062,522.3087768554688,192.13596695656702,983.3244419592199,522.437534069485,189.48195877103,961.3579970826985,513.3852369807861,191.00850903182757,980.2120291556774,518.5650852962019,75158300,80800,90785800
2024-06-03,193.59268188476562,980.3118896484375,522.734619140625,194.55052487571635,988.9608030750147,524.2301371360559,192.08609069758458,967.6427405586031,517.5845121617758,192.46522387732944,979.6135785861322,523.9429420674911,50080500,60800,46835700
2024-06-04,193.91195678710938,983.992919921875,523.3189697265625,194.87977170290745,995.2454759510747,524.0716855548387,192.59492465346364,971.5033261576635,519.9218952484352,194.20129645164835,977.8678265485074,521.4074995044357,47471400,62900,34632700
2024-06-05,195.42852783203125,996.3727416992188,529.5386962890625,196.45620511862302,997.569837681803,529.5585236906696,194.43078171111515,973.5683098226522,523.6557007042801,194.95958593724887,983.9929268037931,525.676161287564,54156800,74500,47610400
2024-06-06,194.0416717529297,1015.5460205078125,529.5287475585938,196.05712328824086,1017.2917676461713,530.2814633771293,193.73237287474004,985.2897116272588,527.567769309855,195.24895132280378,991.5644037081589,529.8456837163661,41181800,66900,30808500
2024-06-07,196.44622802734375,1018.5487060546875,528.8850708007812,196.4961183769711,1027.4968777938752,531.7374360345742,193.7024262662087,1014.8576856755382,527.4291470806969,194.2112712938544,1014.8576856755382,528.5383935105723,53103900,50000,43224500
2024-06-10,192.68472290039062,1011.57568359375,530.5191650390625,196.85530953542744,1017.2918000950052,530.8460149060121,191.7169079607164,1000.8917497337758,527.4588540784205,196.45620195884163,1012.5134016648808,528.0629853102115,97262100,58500,35729300
2024-06-11,206.68310546875,1033.4923095703125,531.7968139648438,206.6930926736998,1034.6095828876153,531.8562357169258,193.1935887051364,994.0883020383171,526.9438158970391,193.21353266624035,1011.4160847833394,528.9444489661214,172373300,76800,36383400
2024-06-12,212.58978271484375,1021.7009887695312,536.1644897460938,219.7037025197263,1045.453184943703,538.8980113725944,206.43367547843766,1014.4188020531087,535.114665109043,206.902617394007,1032.484777115203,536.4319178680672,198134300,89900,63251300
2024-06-13,213.75714111328125,1009.6304321289062,537.2440185546875,216.2614784743462,1021.5114614973281,538.1155778669757,211.12309188063193,1005.739885606363,534.4114810144458,214.25601418934664,1021.5114614973281,537.9373126143792,97862700,40400,44760900
2024-06-14,212.01107788085938,1001.570068359375,537.5709228515625,214.68503016669274,1008.0642575233846,537.6006035053059,210.8237575657328,997.2605595009514,534.6689891171292,213.36801320894725,1002.5576527231499,535.6891331345915,70122700,43500,40089900
2024-06-17,216.18165588378906,999.2456665039062,541.849365234375,218.45651588142053,1002.5576054023011,543.2656944796701,212.2405616472853,992.4422334573442,536.4120633583274,212.88909055319678,997.3702304905161,536.8775841230741,93728300,40500,55839500
2024-06-18,213.8070068359375,1021.441650390625,543.22607421875,218.13723651623954,1030.689081145689,543.3548314310545,212.5199210550432,997.350375960661,541.482955451608,217.09957203800778,997.350375960661,541.90882144254,79943300,63900,41376400
2024-06-20,209.2073974609375,975.5134887695312,541.7503662109375,213.75713252024897,1032.4846820728073,544.8404183084012,208.3792815854295,962.6946810638752,539.9478257458514,213.44781843702847,1021.940423489436,544.1669516153021,86172500,82100,70328200
2024-06-21,207.02235412597656,992.8911743164062,541.0240478515625,211.41243109582913,994.9162701934847,542.1567641077305,206.64320571720273,974.476014276523,539.5435965588345,209.91581187096148,974.476014276523,540.9147666280046,246421400,73400,64513900
2024-06-24,207.67088317871094,1030.5594482421875,539.265380859375,212.22060318958276,1034.2006026090712,543.4484503647756,206.1243736003879,993.2104908976781,539.1461539482652,207.25183162238307,993.2104908976781,540.845228398195,80727000,67400,45528700
2024-06-25,208.59878540039062,1050.8798828125,541.3419799804688,210.90357646615678,1051.7976908767564,541.7096063649166,208.13981549353107,1025.072756683583,538.9672663608369,208.67859169129048,1028.6740908606184,540.5073310314164,56713900,59100,38273300
2024-06-26,212.7693634033203,1060.0875244140625,542.0176391601562,214.37573529051122,1073.9935887282168,542.7429462731731,210.16524538059215,1037.8316841192002,539.5535355969372,211.0233076661301,1046.9694574218538,540.209283574617,66213200,67700,38550600
2024-06-27,213.61746215820312,1068.277587890625,542.8721313476562,215.25376527623442,1075.1908004153868,543.4583808478909,211.8714063519454,1053.4337439010726,541.1233891744105,214.2061287476001,1059.4291483407358,541.8785333532583,49772700,59500,35041500
2024-06-28,210.14527893066406,1082.36328125,540.7359008789062,215.58300736088682,1087.6902701228444,546.7571632718256,209.8260080950157,1058.720924645525,539.4740725954332,215.28368048569334,1072.6968879084434,543.657081567454,82542700,680600,76144500
2024-07-01,216.261474609375,1107.302490234375,541.8487548828125,217.01975619065925,1131.73296516441,542.3852759657548,211.4423589537816,1087.9995387458318,539.0468012719632,211.61197396968475,1090.5732250197514,542.1368764681023,60402900,108300,40297800
2024-07-02,219.77354431152344,1102.7734375,545.4953002929688,219.88329699479613,1112.290292060626,545.4953002929688,214.61519864650157,1085.3559083066916,540.1696290539968,215.66281990345283,1112.290292060626,540.2192968299051,58046200,58600,40434800
2024-07-03,221.0506591796875,1089.495849609375,547.9295654296875,221.0506591796875,1109.8363118502336,548.2971918317728,218.53633465750286,1087.1415995629625,545.1375575237815,219.50414962607874,1109.8363118502336,545.1772796111068,37369800,42700,32789900
2024-07-05,225.82984924316406,1074.911376953125,551.0891723632812,225.93960192344272,1091.4909815586948,551.4965208324575,221.15041758535088,1059.3891329750215,547.5916882313281,221.15041758535088,1088.9671008302753,548.2375511458326,60412400,62600,41488400
2024-07-08,227.30653381347656,1086.6029052734375,551.72509765625,227.33646497984205,1099.6610598663055,552.6888585564628,222.74682662809306,1070.3923960141367,550.6420492094277,226.57816816685514,1075.3802450169985,551.884046644386,59085900,45200,36110500
2024-07-09,228.16458129882812,1074.2430419921875,552.2616577148438,228.8829597417087,1092.1893136502206,553.6129364648433,225.85979013808537,1073.0958123228406,551.9635904382866,227.41627168952732,1086.572990586857,552.6988432685978,48076100,35100,27289700
2024-07-10,232.45489501953125,1079.9691162109375,557.7264404296875,232.55467572482934,1082.283546501098,558.0741754742883,228.73330612276442,1069.8139231341381,553.205581627829,228.78319647541346,1080.7672208158892,553.5036489009739,62627700,40300,38701200
2024-07-11,227.05709838867188,1077.8941650390625,552.9174194335938,231.86622690917008,1087.7899797518196,558.7300043704364,225.26115227596378,1069.6142867955696,552.2716170924413,230.86848076037649,1082.2735111765267,557.8456875577136,64710600,38300,53054200
2024-07-12,230.0203857421875,1080.29833984375,556.4049072265625,232.11565870158282,1086.9919943751372,560.0613404112083,228.1645773343909,1076.3878223068841,553.5831230048191,228.40404188598967,1082.2735086055586,554.0600306153884,53046500,24700,53084400
2024-07-15,233.87168884277344,1063.7286376953125,557.93505859375,236.69531224247876,1085.6653109105494,561.2238652210849,232.5646438368613,1054.082215100939,556.0471983236289,235.94700263838575,1085.6653109105494,558.431857544371,62631300,41400,40584300
2024-07-16,234.29074096679688,1080.806884765625,561.2437133789062,235.73746973269033,1082.9816403472605,561.5417806296592,231.8063477557903,1067.5492659220033,558.5013733831685,234.47032795283747,1068.1078416458938,559.2664631971054,43234300,35800,36475300
2024-07-17,228.3641357421875,1065.09521484375,553.37451171875,230.93832254659503,1090.4634678077753,556.9216641071794,226.12917896312734,1064.7361043375126,553.0466073751033,228.9328431112231,1075.8889880047802,555.2225895749159,57345900,43400,57119000
2024-07-18,223.6747283935547,1086.503173828125,549.121826171875,229.92062914212065,1092.5683543836756,555.9379543203733,221.7690447852705,1065.075393972344,546.906122110008,229.76098610155705,1071.7890192537022,554.934410669843,66034600,38000,56270400
2024-07-19,223.80442810058594,1082.862060546875,545.4754028320312,226.28882140195597,1099.581340795231,550.532843766842,222.77675082247163,1072.3975626746394,544.4022999200884,224.31328836166992,1088.448427292154,548.8834369853205,49151500,32100,65509100
2024-07-22,223.45523071289062,1088.55810546875,551.0991821289062,227.26661302541467,1090.1343436922032,551.7152080677258,222.58718122432802,1073.4050786166465,547.4924163595272,226.4983442399413,1090.1343436922032,549.4597210903114,48201800,23700,43346700
2024-07-23,224.5028533935547,1113.158203125,550.2346801757812,226.42851135969482,1128.5706077600464,553.1756911794572,222.1781030613285,1083.889539413993,549.7378812203599,223.86429647317826,1092.747964071298,550.9897636467225,39960300,56100,34439600
2024-07-24,218.0474395751953,1102.274658203125,537.7650146484375,224.29334029380243,1103.2522570975868,545.6541850257204,216.64062905712152,1089.9447104127726,536.8310301226088,223.49514031921132,1103.0927336108225,545.3461720780751,61777600,58600,74515300
2024-07-25,216.99981689453125,1101.3370361328125,534.9630737304688,220.35224458682225,1122.4954527395305,543.9551841667384,214.13627507494223,1097.1970970853276,534.0092584606904,218.4365585703147,1097.1970970853276,537.8842542829834,51391200,43200,61158300
2024-07-26,217.46875,1128.413330078125,540.9545288085938,218.99530033853074,1132.75470037901,543.6869234665041,215.52313289555326,1105.8081127929015,538.0234024103164,218.20707238174316,1105.8081127929015,538.8083836881038,41601300,33500,53763800
2024-07-29,217.7481231689453,1110.219482421875,541.2724609375,218.80573164190093,1134.8107548092687,543.5477785454984,215.26372979848315,1101.5266294825399,539.2454821872736,216.47100932714253,1130.7687176864952,542.5244041316022,36311800,35000,39515800
2024-07-30,218.30685424804688,1138.2938232421875,538.5301513671875,219.8334045947242,1141.7369497524774,543.8359917191809,215.63288672795753,1116.5269091051675,535.0724495063189,218.6959746261333,1122.5350198893107,542.7628888282719,41643800,37100,46853600
2024-07-31,221.5794677734375,1143.6231689453125,547.2837524414062,223.3155515626994,1157.3759380341385,549.9565336849107,220.13273889458495,1132.8146371451642,544.074450070198,220.94091084366266,1147.8048216409954,545.4654509864566,50036300,48500,65663400
2024-08-01,217.8678436279297,1238.92431640625,539.5336303710938,223.9740450176905,1246.120014653904,551.3176874562263,216.53086747941563,1147.7750285754475,535.9765327439106,223.86429233538576,1165.0307427854477,549.0324243092629,62501000,105200,76428700
2024-08-02,219.36447143554688,1271.7691650390625,529.4884033203125,225.09153987705304,1303.196859959226,533.5521852167631,217.2193232804361,1211.4686475081517,525.2158833655485,218.65606496292435,1211.4686475081517,532.3201333885539,105568600,69500,82789100
2024-08-05,208.79833984375,1213.185302734375,514.0677490234375,213.0188017705649,1229.5229149559461,520.2280688833214,195.55824424838744,1167.6855223474568,507.0032513256614,198.64127617987643,1179.452238519416,508.3645060852609,119548600,73000,146267400
2024-08-06,206.762939453125,1255.012451171875,518.8072509765625,209.51672869129231,1282.6675970947765,526.3585719702824,200.6168344706096,1218.4648966319755,514.554622172987,204.83729660703725,1218.4648966319755,515.8959552954199,69660500,61300,84826300
2024-08-07,209.34710693359375,1250.9703369140625,515.3394775390625,213.15848935419993,1277.5776313726276,528.186752187129,205.9248296826355,1250.9703369140625,514.7333973542453,206.43367474426563,1268.5056476096202,525.0866708415548,63516400,36400,70698300
2024-08-08,212.8292236328125,1257.3377685546875,527.2528076171875,213.71721707569145,1264.3439011285418,527.8886642530557,208.35932525259923,1233.704680402227,518.4992115856069,212.6296774525561,1251.2198900080289,520.5559060967021,47161100,38100,63276600
2024-08-09,215.7526397705078,1256.918701171875,529.5777587890625,216.29141600978787,1268.6054977614565,531.0880470710639,211.4922593126285,1252.477430951781,525.1761271718148,211.62197118803232,1260.1522821396914,526.4181246025644,42201600,28500,45619600
2024-08-12,217.2909393310547,1251.6290283203125,529.8560180664062,219.26875909808805,1264.0344921392045,532.300230302617,215.36306766380915,1239.523019754613,527.5508634586599,215.83255236617862,1256.918592267877,530.7900026001965,38028100,29500,42542100
2024-08-13,221.02682495117188,1251.6790771484375,538.5698852539062,221.646138683676,1261.8090229650713,538.8083997360982,218.76929897291208,1243.6549427479424,532.846811214005,218.76929897291208,1251.6291273260124,533.0952107357589,44155300,32900,52333100
2024-08-14,221.47633361816406,1255.68115234375,540.2689208984375,222.7848915052682,1267.6074643157776,541.471196329114,219.45854930599305,1245.1020236289871,536.6621552508178,220.3276035510778,1251.5193575118253,539.3746584267726,41960600,30500,42446900
2024-08-15,224.47303771972656,1267.6573486328125,549.5292358398438,225.10235023777113,1278.4259206295187,549.8173574187872,222.5151850202656,1250.9205041474295,545.3660579251114,224.35317447515422,1257.7469389053963,545.982083814168,46414000,37000,60846800
2024-08-16,225.80157470703125,1258.5054931640625,550.7612915039062,226.5807162697698,1275.072630722581,551.4667678986649,223.40420315535758,1257.2180060533944,547.7308298067959,223.67391069385005,1271.7592519424106,547.8897787993742,44340200,25000,44430700
2024-08-19,225.64175415039062,1271.5994873046875,556.02734375,225.74165035068273,1275.0327455298598,556.02734375,222.79488010428776,1256.0103921968202,550.3141554398344,225.4719428035102,1261.4995119084472,551.178580819559,40687800,31500,39121800
2024-08-20,226.2610626220703,1265.461669921875,555.1232299804688,226.92034094772856,1284.6735895326271,557.2495443135458,225.20222998863,1263.595374032841,553.7620055346229,225.52188562847152,1277.4679013902673,555.5703612216352,30299000,36300,33732300
2024-08-21,226.15118408203125,1318.67626953125,557.0308837890625,227.7294495174454,1319.9736247802703,558.5113350471692,224.80267685471037,1282.4480292832284,551.1785772467962,226.2710625686077,1289.4841317390385,556.1863497803622,34765500,70200,41514600
2024-08-22,224.2832489013672,1353.3074951171875,552.6590576171875,228.08905941841815,1367.289789499175,559.5745216188498,223.65393636981634,1321.9097700311388,551.4270057843165,227.53966079897057,1321.9097700311388,558.9584957024143,43695300,54900,56121500
2024-08-23,226.5906982421875,1347.329345703125,558.5311889648438,227.96918649391685,1371.5313728389033,559.4850647749988,224.0834622297127,1345.5428478076724,553.7221484746989,225.41200238324527,1359.315596517501,555.9478586983942,38677300,50100,50639400
2024-08-26,226.93032836914062,1337.0997314453125,557.1997680664062,227.03022456881217,1357.3096732715992,560.2997887939172,223.64395069142014,1329.3650623513015,555.4709173504181,226.5107917661563,1349.0959731972825,559.5744817024615,30602200,39500,35788600
2024-08-27,227.77938842773438,1331.5107421875,557.9649047851562,228.5984945445466,1337.3491450594943,558.4617037979162,224.64283997153836,1329.1154656216281,554.7456568855777,225.75162066501636,1331.4109643782608,555.9081495950009,35934600,37300,32693900
2024-08-28,226.2410888671875,1325.17333984375,554.7257690429688,229.6073802985885,1332.8380787259039,558.054358836253,225.4319662685897,1311.091145620077,551.4866297560903,227.6695099550691,1332.30909795491,557.6171732764703,38052200,50000,41066000
2024-08-29,229.53746032714844,1323.1773681640625,554.775390625,232.66402541964027,1332.7183933435972,560.0712846741632,228.62847197635801,1320.3130504344315,553.6128980049808,229.8471324488683,1327.3690110463592,556.7228644372319,51906300,36400,38715200
2024-08-30,228.7483367919922,1339.7445068359375,560.0712890625,230.14679214282077,1339.7445068359375,560.5879794062929,227.23000295250677,1314.3947284067451,553.5731802564248,229.93703146120657,1323.1773690972611,557.1799456914886,52990800,54000,62700100
2024-09-03,222.52517700195312,1326.211181640625,548.5455932617188,228.74832587928796,1356.8705022398667,557.2196842759827,220.92692932694945,1317.5882591435409,545.9920391595765,228.29882348382426,1344.5548261886333,556.881834277098,50190600,57300,60600100
2024-09-04,220.6072998046875,1349.7745361328125,547.4228515625,221.53627045160738,1365.114126342187,550.8805533310392,217.24099295020864,1319.9337817437263,545.9424001879108,221.4164072047842,1321.3908545880697,546.6776530334589,43840200,60700,47224900
2024-09-05,222.13560485839844,1345.712646484375,546.0914306640625,225.23218875186365,1367.1601253304718,550.2546090791159,221.2765494057299,1330.393036141282,543.5974897597426,221.38642912323468,1349.7745416265975,547.3632653261916,36615400,62400,44264300
2024-09-06,220.57733154296875,1327.2691650390625,536.9005737304688,224.99247224215048,1365.1042041311516,548.0686049858448,219.5284824188554,1322.3688440778246,535.9864805968631,223.7038813850335,1342.4090771911885,546.4192590723125,48423000,52200,68493800
2024-09-09,220.66722106933594,1348.15771484375,542.9118041992188,221.0268260349447,1374.1162710421208,544.2035299903176,216.47183996524672,1335.9719079166455,539.2057034224284,220.57732363843863,1335.9719079166455,541.1631228289683,67180000,80500,40445800
2024-09-10,219.86810302734375,1285.012939453125,545.2766723632812,221.23659254048482,1358.5471135712878,545.6344137643763,216.49181271910507,1283.146521829969,539.9013333958526,218.67940838073807,1347.8783195703074,544.8494324631771,51591000,60900,36394600
2024-09-11,222.41529846191406,1275.35205078125,550.8705444335938,222.84481857216005,1288.216565879436,551.8045289085911,217.65053646391294,1262.148242396938,536.5031572548023,221.21662032032157,1288.216565879436,545.1871934136049,44587100,68500,75248600
2024-09-12,222.52517700195312,1268.575439453125,555.5107421875,223.30431855196207,1282.7474214826182,555.818755147093,219.57842214055833,1253.7148808899751,549.201358390866,222.25546946786713,1275.3520461601538,551.4568452963957,37498200,48900,51892700
2024-09-13,222.25547790527344,1294.394287109375,558.4119873046875,223.7937787761964,1295.242703084329,559.4254766085033,221.66612995902517,1266.569435046241,555.8683790070602,223.33429284055268,1275.332095502091,556.1267241742606,36766600,50600,39310500
2024-09-16,216.082275390625,1277.857177734375,559.2366943359375,216.98128020943747,1306.1810419700673,559.5049245430299,213.6849038037586,1268.8749813191935,556.3155139503538,216.302019591785,1300.252728985053,558.1437002092299,59357400,49700,36656100
2024-09-17,216.55174255371094,1258.86474609375,559.4652099609375,216.6616222741377,1277.8571299311761,562.9527484995683,214.26426595466958,1253.505373973,557.1997775054689,215.51289221314667,1277.8571299311761,561.4821822822897,45519300,55200,49321000
2024-09-18,220.4474639892578,1263.1163330078125,557.8059692382812,222.46524827574677,1283.0667788439403,565.0492771870338,217.30091669603667,1261.5295124737588,557.2396110727457,217.31091546092293,1267.487673321239,560.1309547132038,59894900,46400,59044900
2024-09-19,228.61846923828125,1264.4736328125,567.3245849609375,229.56743739121873,1273.2662632936924,569.2124454796876,224.38313871157,1252.5173512154233,564.4431870545009,224.74274368478322,1267.5974459002384,567.3544220112178,66781300,51600,75315500
2024-09-20,227.94920349121094,1261.7490234375,566.3438720703125,232.83382873595048,1268.0166293955708,567.4003139915075,227.36983908638868,1256.509409142031,563.274186536296,229.7172625160979,1268.0166293955708,565.9352741325762,318679900,297000,77503100
2024-09-23,226.2211151123047,1311.4305419921875,567.7590942382812,229.19783588273827,1311.9595227556213,568.4169144135892,225.56183678133013,1264.3238425606723,566.1943533126803,227.09015412184934,1264.3238425606723,567.4302449810484,54146000,62500,44116900
2024-09-24,227.1201171875,1291.43017578125,569.3836059570312,229.09795215651428,1301.0111603730995,569.4434022584327,225.48192014495527,1281.4299781891266,565.6960051561575,228.39870925768025,1300.2028260932918,568.5663492842654,43556100,43300,46805700
2024-09-25,226.1212158203125,1293.0169677734375,568.1278686523438,227.04020291666632,1294.1148891553573,569.9716996168105,223.77380760174057,1281.4998796864668,567.001654193034,224.6827959331431,1294.1148891553573,569.2242153737513,42308700,31900,38428600
2024-09-26,227.26995849609375,1283.865234375,570.3803100585938,228.24887720276465,1300.4223816221845,572.7822602105816,225.16227678839184,1278.1664471575941,567.9883969266909,227.05019905798116,1300.4223816221845,572.453350103916,36636700,36200,48336000
2024-09-27,227.53965759277344,1293.396240234375,569.5530395507812,229.26776733886913,1299.2646130523808,572.2938149879185,227.05020584581527,1280.17245192327,568.5065738226857,228.20893469195548,1285.5917636811091,571.4666429266127,34026000,39500,42100900
